order_id,customer_id,product_id,order_date,ship_date,quantity,discount,sales_channel
ORD00001,CUST481,PROD010,2024-01-01,2024-01-02,1,0.1,Retail Store
ORD00002,CUST118,PROD019,2024-01-01,2024-01-04,1,0.0,Online
ORD00003,CUST282,PROD020,2024-01-01,2024-01-04,1,0.0,Mobile App
ORD00004,CUST226,PROD015,2024-01-01,2024-01-05,1,0.15,Online
ORD00005,CUST496,PROD020,2024-01-01,2024-01-05,1,0.1,Online
ORD00006,CUST333,PROD015,2024-01-01,2024-01-03,3,0.0,Online
ORD00007,CUST200,PROD002,2024-01-01,2024-01-06,1,0.2,Retail Store
ORD00008,CUST373,PROD007,2024-01-01,2024-01-04,4,0.0,Online
ORD00009,CUST315,PROD015,2024-01-01,2024-01-04,2,0.1,Mobile App
ORD00010,CUST216,PROD016,2024-01-01,2024-01-05,2,0.1,Retail Store
ORD00011,CUST386,PROD008,2024-01-02,2024-01-03,2,0.1,Mobile App
ORD00012,CUST333,PROD007,2024-01-02,2024-01-05,2,0.1,Mobile App
ORD00013,CUST149,PROD007,2024-01-02,2024-01-03,1,0.15,Online
ORD00014,CUST223,PROD003,2024-01-02,2024-01-04,4,0.15,Mobile App
ORD00015,CUST287,PROD015,2024-01-03,2024-01-07,2,0.15,Online
ORD00016,CUST139,PROD010,2024-01-03,2024-01-04,1,0.15,Mobile App
ORD00017,CUST408,PROD011,2024-01-03,2024-01-08,1,0.0,Online
ORD00018,CUST007,PROD003,2024-01-03,2024-01-09,1,0.05,Online
ORD00019,CUST246,PROD008,2024-01-03,2024-01-07,2,0.1,Online
ORD00020,CUST148,PROD013,2024-01-03,2024-01-07,1,0.2,Online
ORD00021,CUST212,PROD007,2024-01-04,2024-01-10,4,0.2,Mobile App
ORD00022,CUST088,PROD017,2024-01-04,2024-01-09,1,0.0,Online
ORD00023,CUST205,PROD010,2024-01-04,2024-01-09,2,0.2,Mobile App
ORD00024,CUST144,PROD004,2024-01-04,2024-01-06,2,0.05,Retail Store
ORD00025,CUST134,PROD009,2024-01-04,2024-01-06,1,0.0,Online
ORD00026,CUST447,PROD004,2024-01-04,2024-01-07,2,0.0,Online
ORD00027,CUST143,PROD019,2024-01-04,2024-01-09,1,0.05,Online
ORD00028,CUST181,PROD009,2024-01-04,2024-01-06,1,0.1,Retail Store
ORD00029,CUST161,PROD002,2024-01-05,2024-01-09,1,0.2,Online
ORD00030,CUST462,PROD018,2024-01-05,2024-01-11,1,0.0,Retail Store
ORD00031,CUST486,PROD019,2024-01-05,2024-01-06,3,0.0,Mobile App
ORD00032,CUST080,PROD008,2024-01-05,2024-01-06,1,0.0,Mobile App
ORD00033,CUST194,PROD014,2024-01-05,2024-01-08,3,0.0,Online
ORD00034,CUST220,PROD013,2024-01-05,2024-01-11,1,0.0,Retail Store
ORD00035,CUST286,PROD011,2024-01-05,2024-01-06,1,0.0,Online
ORD00036,CUST268,PROD007,2024-01-05,2024-01-06,2,0.2,Retail Store
ORD00037,CUST109,PROD019,2024-01-05,2024-01-10,2,0.0,Mobile App
ORD00038,CUST466,PROD013,2024-01-05,2024-01-08,1,0.05,Mobile App
ORD00039,CUST129,PROD001,2024-01-05,2024-01-11,1,0.15,Mobile App
ORD00040,CUST474,PROD010,2024-01-05,2024-01-07,2,0.2,Mobile App
ORD00041,CUST069,PROD016,2024-01-05,2024-01-10,2,0.1,Mobile App
ORD00042,CUST207,PROD002,2024-01-05,2024-01-07,1,0.0,Online
ORD00043,CUST330,PROD019,2024-01-05,2024-01-09,1,0.2,Mobile App
ORD00044,CUST219,PROD007,2024-01-05,2024-01-06,1,0.0,Online
ORD00045,CUST416,PROD013,2024-01-05,2024-01-09,2,0.0,Online
ORD00046,CUST161,PROD001,2024-01-05,2024-01-09,1,0.15,Retail Store
ORD00047,CUST069,PROD008,2024-01-05,2024-01-06,1,0.0,Mobile App
ORD00048,CUST409,PROD015,2024-01-05,2024-01-06,1,0.2,Online
ORD00049,CUST384,PROD002,2024-01-06,2024-01-09,1,0.05,Mobile App
ORD00050,CUST052,PROD005,2024-01-06,2024-01-11,4,0.0,Mobile App
ORD00051,CUST418,PROD018,2024-01-06,2024-01-12,3,0.0,Online
ORD00052,CUST468,PROD019,2024-01-06,2024-01-10,4,0.0,Mobile App
ORD00053,CUST146,PROD009,2024-01-06,2024-01-10,1,0.2,Mobile App
ORD00054,CUST185,PROD016,2024-01-06,2024-01-08,1,0.0,Mobile App
ORD00055,CUST093,PROD001,2024-01-07,2024-01-13,1,0.1,Online
ORD00056,CUST294,PROD014,2024-01-07,2024-01-11,1,0.0,Mobile App
ORD00057,CUST443,PROD012,2024-01-07,2024-01-12,1,0.0,Online
ORD00058,CUST125,PROD005,2024-01-07,2024-01-12,4,0.05,Mobile App
ORD00059,CUST465,PROD003,2024-01-07,2024-01-08,1,0.05,Mobile App
ORD00060,CUST286,PROD017,2024-01-07,2024-01-11,1,0.0,Online
ORD00061,CUST358,PROD010,2024-01-07,2024-01-09,2,0.0,Online
ORD00062,CUST276,PROD007,2024-01-07,2024-01-11,2,0.0,Mobile App
ORD00063,CUST098,PROD004,2024-01-08,2024-01-09,1,0.15,Mobile App
ORD00064,CUST353,PROD001,2024-01-08,2024-01-14,1,0.0,Retail Store
ORD00065,CUST361,PROD013,2024-01-08,2024-01-11,2,0.1,Mobile App
ORD00066,CUST468,PROD016,2024-01-08,2024-01-10,2,0.0,Online
ORD00067,CUST237,PROD005,2024-01-08,2024-01-11,2,0.0,Online
ORD00068,CUST240,PROD007,2024-01-08,2024-01-13,3,0.05,Online
ORD00069,CUST317,PROD008,2024-01-08,2024-01-14,4,0.05,Mobile App
ORD00070,CUST358,PROD002,2024-01-08,2024-01-13,2,0.0,Online
ORD00071,CUST488,PROD020,2024-01-08,2024-01-10,1,0.0,Online
ORD00072,CUST195,PROD001,2024-01-08,2024-01-13,1,0.15,Online
ORD00073,CUST443,PROD004,2024-01-08,2024-01-10,2,0.1,Online
ORD00074,CUST061,PROD017,2024-01-08,2024-01-12,2,0.15,Mobile App
ORD00075,CUST421,PROD018,2024-01-09,2024-01-11,3,0.0,Mobile App
ORD00076,CUST446,PROD012,2024-01-09,2024-01-10,1,0.0,Retail Store
ORD00077,CUST059,PROD014,2024-01-09,2024-01-11,1,0.0,Retail Store
ORD00078,CUST309,PROD008,2024-01-09,2024-01-13,1,0.1,Retail Store
ORD00079,CUST221,PROD011,2024-01-09,2024-01-11,1,0.0,Retail Store
ORD00080,CUST064,PROD020,2024-01-09,2024-01-12,1,0.15,Retail Store
ORD00081,CUST106,PROD013,2024-01-09,2024-01-12,2,0.0,Retail Store
ORD00082,CUST484,PROD010,2024-01-09,2024-01-12,2,0.05,Retail Store
ORD00083,CUST172,PROD011,2024-01-09,2024-01-11,1,0.0,Online
ORD00084,CUST365,PROD019,2024-01-09,2024-01-15,1,0.0,Mobile App
ORD00085,CUST459,PROD015,2024-01-09,2024-01-11,4,0.15,Mobile App
ORD00086,CUST308,PROD010,2024-01-09,2024-01-12,3,0.0,Mobile App
ORD00087,CUST478,PROD005,2024-01-09,2024-01-12,3,0.0,Retail Store
ORD00088,CUST228,PROD001,2024-01-09,2024-01-15,1,0.0,Mobile App
ORD00089,CUST148,PROD004,2024-01-09,2024-01-13,3,0.0,Mobile App
ORD00090,CUST369,PROD017,2024-01-09,2024-01-10,3,0.0,Online
ORD00091,CUST363,PROD005,2024-01-10,2024-01-12,1,0.0,Online
ORD00092,CUST409,PROD009,2024-01-10,2024-01-15,2,0.0,Online
ORD00093,CUST235,PROD009,2024-01-10,2024-01-12,1,0.2,Retail Store
ORD00094,CUST407,PROD008,2024-01-10,2024-01-12,1,0.0,Mobile App
ORD00095,CUST449,PROD002,2024-01-10,2024-01-13,1,0.0,Mobile App
ORD00096,CUST445,PROD012,2024-01-10,2024-01-16,1,0.0,Mobile App
ORD00097,CUST350,PROD016,2024-01-10,2024-01-16,1,0.0,Mobile App
ORD00098,CUST339,PROD013,2024-01-11,2024-01-17,1,0.0,Mobile App
ORD00099,CUST269,PROD016,2024-01-11,2024-01-14,1,0.0,Mobile App
ORD00100,CUST291,PROD002,2024-01-11,2024-01-12,1,0.1,Retail Store
ORD00101,CUST270,PROD012,2024-01-11,2024-01-12,1,0.0,Mobile App
ORD00102,CUST447,PROD002,2024-01-11,2024-01-13,3,0.2,Retail Store
ORD00103,CUST020,PROD008,2024-01-11,2024-01-12,1,0.1,Mobile App
ORD00104,CUST195,PROD020,2024-01-11,2024-01-14,4,0.0,Retail Store
ORD00105,CUST211,PROD004,2024-01-11,2024-01-17,1,0.2,Retail Store
ORD00106,CUST296,PROD004,2024-01-12,2024-01-17,1,0.0,Retail Store
ORD00107,CUST318,PROD005,2024-01-12,2024-01-16,1,0.0,Mobile App
ORD00108,CUST426,PROD017,2024-01-12,2024-01-17,2,0.0,Mobile App
ORD00109,CUST161,PROD011,2024-01-12,2024-01-17,1,0.1,Mobile App
ORD00110,CUST122,PROD018,2024-01-12,2024-01-15,3,0.0,Online
ORD00111,CUST042,PROD006,2024-01-12,2024-01-18,2,0.2,Retail Store
ORD00112,CUST332,PROD012,2024-01-12,2024-01-17,3,0.0,Online
ORD00113,CUST380,PROD014,2024-01-12,2024-01-16,1,0.1,Retail Store
ORD00114,CUST367,PROD012,2024-01-12,2024-01-16,2,0.05,Mobile App
ORD00115,CUST335,PROD020,2024-01-12,2024-01-18,2,0.05,Online
ORD00116,CUST128,PROD016,2024-01-13,2024-01-18,4,0.1,Mobile App
ORD00117,CUST257,PROD001,2024-01-13,2024-01-14,1,0.15,Retail Store
ORD00118,CUST283,PROD014,2024-01-13,2024-01-14,1,0.0,Retail Store
ORD00119,CUST015,PROD006,2024-01-13,2024-01-16,1,0.0,Retail Store
ORD00120,CUST470,PROD014,2024-01-13,2024-01-16,1,0.0,Retail Store
ORD00121,CUST392,PROD009,2024-01-13,2024-01-17,1,0.05,Retail Store
ORD00122,CUST477,PROD018,2024-01-13,2024-01-16,1,0.0,Mobile App
ORD00123,CUST482,PROD019,2024-01-14,2024-01-20,1,0.1,Mobile App
ORD00124,CUST354,PROD005,2024-01-14,2024-01-16,2,0.1,Online
ORD00125,CUST115,PROD006,2024-01-14,2024-01-17,2,0.1,Mobile App
ORD00126,CUST056,PROD007,2024-01-14,2024-01-17,1,0.15,Retail Store
ORD00127,CUST500,PROD002,2024-01-14,2024-01-15,3,0.0,Online
ORD00128,CUST312,PROD020,2024-01-14,2024-01-20,2,0.2,Mobile App
ORD00129,CUST481,PROD020,2024-01-14,2024-01-15,4,0.0,Retail Store
ORD00130,CUST002,PROD011,2024-01-14,2024-01-16,3,0.0,Retail Store
ORD00131,CUST426,PROD006,2024-01-15,2024-01-16,1,0.05,Online
ORD00132,CUST103,PROD012,2024-01-15,2024-01-18,2,0.1,Online
ORD00133,CUST381,PROD011,2024-01-15,2024-01-17,3,0.0,Mobile App
ORD00134,CUST498,PROD019,2024-01-15,2024-01-18,2,0.0,Mobile App
ORD00135,CUST125,PROD005,2024-01-15,2024-01-17,2,0.0,Online
ORD00136,CUST445,PROD010,2024-01-15,2024-01-18,2,0.0,Mobile App
ORD00137,CUST418,PROD004,2024-01-16,2024-01-18,1,0.0,Online
ORD00138,CUST346,PROD011,2024-01-16,2024-01-22,2,0.1,Retail Store
ORD00139,CUST002,PROD004,2024-01-16,2024-01-20,1,0.0,Mobile App
ORD00140,CUST390,PROD018,2024-01-16,2024-01-17,1,0.1,Mobile App
ORD00141,CUST332,PROD013,2024-01-16,2024-01-18,1,0.0,Retail Store
ORD00142,CUST353,PROD005,2024-01-17,2024-01-23,2,0.05,Online
ORD00143,CUST462,PROD013,2024-01-17,2024-01-19,1,0.2,Online
ORD00144,CUST050,PROD017,2024-01-17,2024-01-18,1,0.0,Retail Store
ORD00145,CUST228,PROD014,2024-01-17,2024-01-21,1,0.15,Online
ORD00146,CUST074,PROD004,2024-01-17,2024-01-22,2,0.0,Retail Store
ORD00147,CUST058,PROD015,2024-01-17,2024-01-18,1,0.05,Mobile App
ORD00148,CUST449,PROD016,2024-01-17,2024-01-20,2,0.0,Online
ORD00149,CUST495,PROD015,2024-01-17,2024-01-18,1,0.0,Retail Store
ORD00150,CUST041,PROD004,2024-01-17,2024-01-20,1,0.0,Retail Store
ORD00151,CUST057,PROD008,2024-01-17,2024-01-21,1,0.0,Mobile App
ORD00152,CUST123,PROD004,2024-01-17,2024-01-22,1,0.0,Online
ORD00153,CUST475,PROD018,2024-01-18,2024-01-19,1,0.0,Online
ORD00154,CUST291,PROD005,2024-01-18,2024-01-22,1,0.05,Mobile App
ORD00155,CUST465,PROD012,2024-01-18,2024-01-22,3,0.15,Online
ORD00156,CUST441,PROD005,2024-01-18,2024-01-24,1,0.0,Online
ORD00157,CUST332,PROD010,2024-01-18,2024-01-24,1,0.15,Retail Store
ORD00158,CUST177,PROD015,2024-01-18,2024-01-19,1,0.0,Retail Store
ORD00159,CUST465,PROD018,2024-01-19,2024-01-22,2,0.2,Retail Store
ORD00160,CUST178,PROD019,2024-01-19,2024-01-22,2,0.05,Online
ORD00161,CUST309,PROD002,2024-01-19,2024-01-24,1,0.1,Mobile App
ORD00162,CUST110,PROD016,2024-01-19,2024-01-20,3,0.0,Retail Store
ORD00163,CUST315,PROD009,2024-01-19,2024-01-24,1,0.2,Mobile App
ORD00164,CUST158,PROD019,2024-01-19,2024-01-21,1,0.2,Mobile App
ORD00165,CUST302,PROD007,2024-01-19,2024-01-20,1,0.0,Mobile App
ORD00166,CUST480,PROD008,2024-01-19,2024-01-23,2,0.15,Mobile App
ORD00167,CUST388,PROD013,2024-01-20,2024-01-25,2,0.05,Online
ORD00168,CUST373,PROD003,2024-01-20,2024-01-25,2,0.2,Retail Store
ORD00169,CUST117,PROD013,2024-01-20,2024-01-22,1,0.0,Mobile App
ORD00170,CUST320,PROD013,2024-01-20,2024-01-21,1,0.05,Online
ORD00171,CUST209,PROD020,2024-01-20,2024-01-25,1,0.0,Online
ORD00172,CUST290,PROD005,2024-01-20,2024-01-21,4,0.05,Mobile App
ORD00173,CUST097,PROD011,2024-01-20,2024-01-22,1,0.1,Online
ORD00174,CUST269,PROD009,2024-01-21,2024-01-26,1,0.1,Online
ORD00175,CUST420,PROD016,2024-01-21,2024-01-25,1,0.0,Mobile App
ORD00176,CUST090,PROD007,2024-01-21,2024-01-26,1,0.0,Retail Store
ORD00177,CUST460,PROD012,2024-01-21,2024-01-24,2,0.0,Mobile App
ORD00178,CUST328,PROD007,2024-01-21,2024-01-23,2,0.2,Online
ORD00179,CUST324,PROD015,2024-01-22,2024-01-27,1,0.0,Retail Store
ORD00180,CUST343,PROD002,2024-01-22,2024-01-27,1,0.0,Retail Store
ORD00181,CUST335,PROD013,2024-01-22,2024-01-27,1,0.0,Online
ORD00182,CUST053,PROD010,2024-01-22,2024-01-27,3,0.1,Retail Store
ORD00183,CUST176,PROD011,2024-01-22,2024-01-26,1,0.05,Mobile App
ORD00184,CUST041,PROD005,2024-01-22,2024-01-24,2,0.15,Retail Store
ORD00185,CUST485,PROD016,2024-01-22,2024-01-23,1,0.15,Retail Store
ORD00186,CUST332,PROD010,2024-01-22,2024-01-25,1,0.0,Mobile App
ORD00187,CUST343,PROD007,2024-01-22,2024-01-27,1,0.0,Mobile App
ORD00188,CUST230,PROD014,2024-01-22,2024-01-24,1,0.0,Mobile App
ORD00189,CUST007,PROD008,2024-01-22,2024-01-27,2,0.0,Mobile App
ORD00190,CUST353,PROD005,2024-01-22,2024-01-27,1,0.0,Online
ORD00191,CUST223,PROD006,2024-01-23,2024-01-26,1,0.0,Online
ORD00192,CUST468,PROD006,2024-01-23,2024-01-28,1,0.05,Retail Store
ORD00193,CUST219,PROD019,2024-01-23,2024-01-27,1,0.0,Mobile App
ORD00194,CUST043,PROD015,2024-01-23,2024-01-29,2,0.1,Retail Store
ORD00195,CUST478,PROD009,2024-01-23,2024-01-29,1,0.0,Online
ORD00196,CUST381,PROD014,2024-01-23,2024-01-25,1,0.0,Online
ORD00197,CUST109,PROD003,2024-01-23,2024-01-25,1,0.2,Mobile App
ORD00198,CUST243,PROD014,2024-01-23,2024-01-24,1,0.0,Retail Store
ORD00199,CUST163,PROD007,2024-01-23,2024-01-28,1,0.2,Online
ORD00200,CUST207,PROD016,2024-01-23,2024-01-27,2,0.05,Retail Store
ORD00201,CUST231,PROD016,2024-01-24,2024-01-27,1,0.1,Online
ORD00202,CUST296,PROD013,2024-01-24,2024-01-29,1,0.15,Retail Store
ORD00203,CUST144,PROD013,2024-01-24,2024-01-28,2,0.0,Mobile App
ORD00204,CUST375,PROD014,2024-01-24,2024-01-27,2,0.0,Retail Store
ORD00205,CUST416,PROD005,2024-01-24,2024-01-26,1,0.05,Retail Store
ORD00206,CUST401,PROD006,2024-01-24,2024-01-26,1,0.2,Mobile App
ORD00207,CUST169,PROD020,2024-01-24,2024-01-27,1,0.0,Online
ORD00208,CUST267,PROD010,2024-01-24,2024-01-29,2,0.15,Online
ORD00209,CUST021,PROD002,2024-01-24,2024-01-29,2,0.1,Retail Store
ORD00210,CUST331,PROD004,2024-01-24,2024-01-25,1,0.0,Online
ORD00211,CUST459,PROD004,2024-01-24,2024-01-26,2,0.0,Online
ORD00212,CUST321,PROD016,2024-01-24,2024-01-28,3,0.1,Retail Store
ORD00213,CUST104,PROD009,2024-01-25,2024-01-31,1,0.2,Online
ORD00214,CUST093,PROD015,2024-01-25,2024-01-31,1,0.1,Retail Store
ORD00215,CUST238,PROD012,2024-01-25,2024-01-30,1,0.05,Mobile App
ORD00216,CUST235,PROD020,2024-01-25,2024-01-26,4,0.05,Retail Store
ORD00217,CUST308,PROD016,2024-01-25,2024-01-31,3,0.0,Retail Store
ORD00218,CUST330,PROD015,2024-01-25,2024-01-31,1,0.0,Retail Store
ORD00219,CUST267,PROD012,2024-01-25,2024-01-29,1,0.2,Retail Store
ORD00220,CUST173,PROD011,2024-01-25,2024-01-31,1,0.0,Mobile App
ORD00221,CUST397,PROD018,2024-01-25,2024-01-30,2,0.2,Mobile App
ORD00222,CUST234,PROD009,2024-01-25,2024-01-30,2,0.05,Retail Store
ORD00223,CUST043,PROD016,2024-01-25,2024-01-29,1,0.1,Mobile App
ORD00224,CUST067,PROD009,2024-01-25,2024-01-28,1,0.05,Online
ORD00225,CUST258,PROD005,2024-01-25,2024-01-30,2,0.05,Retail Store
ORD00226,CUST454,PROD009,2024-01-25,2024-01-29,1,0.0,Mobile App
ORD00227,CUST339,PROD020,2024-01-26,2024-01-29,2,0.1,Retail Store
ORD00228,CUST295,PROD019,2024-01-26,2024-01-27,2,0.0,Online
ORD00229,CUST179,PROD006,2024-01-26,2024-01-29,3,0.2,Retail Store
ORD00230,CUST015,PROD003,2024-01-26,2024-01-27,2,0.2,Retail Store
ORD00231,CUST326,PROD010,2024-01-26,2024-02-01,2,0.05,Retail Store
ORD00232,CUST320,PROD013,2024-01-27,2024-02-02,1,0.0,Retail Store
ORD00233,CUST048,PROD003,2024-01-27,2024-01-31,1,0.2,Retail Store
ORD00234,CUST428,PROD013,2024-01-27,2024-01-31,3,0.2,Retail Store
ORD00235,CUST477,PROD002,2024-01-27,2024-01-29,1,0.2,Mobile App
ORD00236,CUST017,PROD001,2024-01-27,2024-01-29,2,0.2,Retail Store
ORD00237,CUST391,PROD012,2024-01-27,2024-02-01,2,0.0,Mobile App
ORD00238,CUST496,PROD020,2024-01-27,2024-02-02,1,0.0,Mobile App
ORD00239,CUST209,PROD001,2024-01-27,2024-01-30,1,0.15,Online
ORD00240,CUST458,PROD005,2024-01-27,2024-01-28,1,0.2,Retail Store
ORD00241,CUST268,PROD010,2024-01-27,2024-01-29,3,0.1,Mobile App
ORD00242,CUST193,PROD018,2024-01-27,2024-02-02,1,0.0,Mobile App
ORD00243,CUST035,PROD005,2024-01-28,2024-02-02,1,0.0,Retail Store
ORD00244,CUST179,PROD019,2024-01-28,2024-02-03,1,0.0,Mobile App
ORD00245,CUST141,PROD010,2024-01-28,2024-02-02,1,0.0,Mobile App
ORD00246,CUST233,PROD009,2024-01-28,2024-01-30,1,0.05,Mobile App
ORD00247,CUST396,PROD012,2024-01-28,2024-01-30,3,0.05,Online
ORD00248,CUST345,PROD001,2024-01-28,2024-01-30,2,0.1,Online
ORD00249,CUST350,PROD018,2024-01-28,2024-02-03,1,0.15,Online
ORD00250,CUST363,PROD011,2024-01-28,2024-02-02,3,0.0,Online
ORD00251,CUST020,PROD007,2024-01-28,2024-02-03,2,0.1,Online
ORD00252,CUST285,PROD006,2024-01-28,2024-02-03,1,0.15,Retail Store
ORD00253,CUST009,PROD014,2024-01-29,2024-01-30,1,0.0,Retail Store
ORD00254,CUST094,PROD015,2024-01-29,2024-01-31,1,0.05,Retail Store
ORD00255,CUST151,PROD016,2024-01-29,2024-01-31,1,0.1,Mobile App
ORD00256,CUST206,PROD008,2024-01-29,2024-01-31,3,0.0,Retail Store
ORD00257,CUST170,PROD018,2024-01-29,2024-01-30,1,0.15,Online
ORD00258,CUST279,PROD015,2024-01-29,2024-02-03,2,0.1,Mobile App
ORD00259,CUST077,PROD007,2024-01-29,2024-01-31,2,0.0,Mobile App
ORD00260,CUST165,PROD002,2024-01-29,2024-02-03,1,0.2,Mobile App
ORD00261,CUST330,PROD016,2024-01-29,2024-02-03,2,0.2,Mobile App
ORD00262,CUST343,PROD005,2024-01-29,2024-02-03,1,0.0,Retail Store
ORD00263,CUST468,PROD019,2024-01-29,2024-02-04,2,0.1,Retail Store
ORD00264,CUST033,PROD004,2024-01-29,2024-02-02,1,0.0,Retail Store
ORD00265,CUST399,PROD017,2024-01-29,2024-02-04,1,0.0,Retail Store
ORD00266,CUST403,PROD020,2024-01-29,2024-02-04,2,0.15,Online
ORD00267,CUST319,PROD011,2024-01-30,2024-01-31,1,0.05,Online
ORD00268,CUST292,PROD020,2024-01-30,2024-02-01,1,0.2,Mobile App
ORD00269,CUST406,PROD005,2024-01-30,2024-02-02,4,0.0,Retail Store
ORD00270,CUST471,PROD015,2024-01-30,2024-01-31,2,0.05,Online
ORD00271,CUST344,PROD012,2024-01-30,2024-01-31,1,0.15,Mobile App
ORD00272,CUST252,PROD008,2024-01-30,2024-01-31,2,0.05,Online
ORD00273,CUST346,PROD015,2024-01-31,2024-02-02,2,0.0,Retail Store
ORD00274,CUST122,PROD009,2024-01-31,2024-02-06,2,0.05,Online
ORD00275,CUST035,PROD002,2024-01-31,2024-02-06,1,0.0,Retail Store
ORD00276,CUST212,PROD014,2024-01-31,2024-02-04,1,0.1,Retail Store
ORD00277,CUST181,PROD013,2024-01-31,2024-02-01,1,0.0,Mobile App
ORD00278,CUST073,PROD018,2024-01-31,2024-02-05,1,0.05,Retail Store
ORD00279,CUST290,PROD012,2024-01-31,2024-02-04,1,0.15,Retail Store
ORD00280,CUST215,PROD001,2024-02-01,2024-02-06,1,0.05,Mobile App
ORD00281,CUST024,PROD007,2024-02-01,2024-02-03,3,0.0,Online
ORD00282,CUST013,PROD001,2024-02-01,2024-02-04,1,0.0,Retail Store
ORD00283,CUST238,PROD001,2024-02-01,2024-02-07,1,0.0,Retail Store
ORD00284,CUST164,PROD012,2024-02-01,2024-02-04,2,0.2,Mobile App
ORD00285,CUST087,PROD014,2024-02-01,2024-02-07,2,0.15,Retail Store
ORD00286,CUST161,PROD010,2024-02-01,2024-02-05,3,0.0,Online
ORD00287,CUST162,PROD009,2024-02-01,2024-02-05,1,0.0,Mobile App
ORD00288,CUST411,PROD006,2024-02-01,2024-02-03,2,0.15,Mobile App
ORD00289,CUST222,PROD020,2024-02-01,2024-02-05,1,0.0,Retail Store
ORD00290,CUST173,PROD018,2024-02-02,2024-02-05,1,0.15,Mobile App
ORD00291,CUST419,PROD010,2024-02-02,2024-02-04,2,0.0,Online
ORD00292,CUST284,PROD006,2024-02-02,2024-02-08,2,0.0,Online
ORD00293,CUST127,PROD015,2024-02-02,2024-02-03,2,0.15,Retail Store
ORD00294,CUST381,PROD011,2024-02-02,2024-02-04,2,0.05,Retail Store
ORD00295,CUST305,PROD010,2024-02-02,2024-02-03,1,0.0,Retail Store
ORD00296,CUST424,PROD017,2024-02-02,2024-02-03,1,0.0,Retail Store
ORD00297,CUST386,PROD018,2024-02-03,2024-02-06,2,0.0,Retail Store
ORD00298,CUST426,PROD019,2024-02-03,2024-02-09,2,0.05,Retail Store
ORD00299,CUST197,PROD019,2024-02-03,2024-02-08,1,0.05,Mobile App
ORD00300,CUST146,PROD002,2024-02-03,2024-02-08,2,0.15,Retail Store
ORD00301,CUST469,PROD018,2024-02-03,2024-02-09,4,0.1,Retail Store
ORD00302,CUST168,PROD012,2024-02-03,2024-02-08,1,0.1,Online
ORD00303,CUST103,PROD002,2024-02-03,2024-02-07,1,0.05,Retail Store
ORD00304,CUST364,PROD012,2024-02-03,2024-02-09,2,0.05,Online
ORD00305,CUST206,PROD013,2024-02-03,2024-02-06,1,0.0,Online
ORD00306,CUST106,PROD010,2024-02-03,2024-02-09,2,0.15,Retail Store
ORD00307,CUST099,PROD008,2024-02-03,2024-02-07,2,0.0,Mobile App
ORD00308,CUST311,PROD012,2024-02-03,2024-02-04,2,0.15,Retail Store
ORD00309,CUST211,PROD014,2024-02-04,2024-02-07,3,0.0,Retail Store
ORD00310,CUST375,PROD019,2024-02-04,2024-02-05,1,0.0,Mobile App
ORD00311,CUST147,PROD007,2024-02-04,2024-02-09,1,0.15,Online
ORD00312,CUST199,PROD003,2024-02-04,2024-02-05,1,0.05,Retail Store
ORD00313,CUST151,PROD006,2024-02-04,2024-02-07,1,0.15,Mobile App
ORD00314,CUST376,PROD017,2024-02-04,2024-02-08,1,0.05,Retail Store
ORD00315,CUST283,PROD010,2024-02-04,2024-02-10,1,0.0,Online
ORD00316,CUST249,PROD020,2024-02-04,2024-02-09,1,0.2,Online
ORD00317,CUST207,PROD008,2024-02-04,2024-02-05,1,0.05,Mobile App
ORD00318,CUST171,PROD017,2024-02-05,2024-02-09,2,0.15,Mobile App
ORD00319,CUST260,PROD012,2024-02-05,2024-02-09,1,0.0,Retail Store
ORD00320,CUST118,PROD014,2024-02-05,2024-02-11,1,0.1,Online
ORD00321,CUST402,PROD009,2024-02-05,2024-02-06,1,0.05,Online
ORD00322,CUST496,PROD020,2024-02-05,2024-02-11,2,0.0,Retail Store
ORD00323,CUST306,PROD008,2024-02-06,2024-02-07,1,0.0,Retail Store
ORD00324,CUST149,PROD006,2024-02-06,2024-02-12,3,0.15,Mobile App
ORD00325,CUST098,PROD005,2024-02-06,2024-02-08,1,0.1,Online
ORD00326,CUST397,PROD003,2024-02-06,2024-02-09,1,0.0,Mobile App
ORD00327,CUST146,PROD003,2024-02-06,2024-02-09,1,0.05,Retail Store
ORD00328,CUST343,PROD014,2024-02-06,2024-02-11,1,0.1,Retail Store
ORD00329,CUST099,PROD009,2024-02-07,2024-02-12,2,0.1,Mobile App
ORD00330,CUST116,PROD006,2024-02-07,2024-02-11,2,0.2,Retail Store
ORD00331,CUST243,PROD009,2024-02-07,2024-02-13,1,0.0,Online
ORD00332,CUST215,PROD018,2024-02-07,2024-02-10,2,0.2,Retail Store
ORD00333,CUST427,PROD002,2024-02-07,2024-02-10,2,0.0,Online
ORD00334,CUST402,PROD012,2024-02-07,2024-02-10,1,0.1,Online
ORD00335,CUST043,PROD013,2024-02-07,2024-02-10,2,0.15,Online
ORD00336,CUST383,PROD007,2024-02-07,2024-02-10,1,0.05,Mobile App
ORD00337,CUST191,PROD013,2024-02-07,2024-02-08,1,0.0,Retail Store
ORD00338,CUST173,PROD005,2024-02-07,2024-02-10,2,0.1,Mobile App
ORD00339,CUST049,PROD014,2024-02-07,2024-02-10,1,0.2,Online
ORD00340,CUST033,PROD015,2024-02-07,2024-02-10,1,0.2,Online
ORD00341,CUST236,PROD011,2024-02-08,2024-02-09,1,0.0,Mobile App
ORD00342,CUST444,PROD015,2024-02-08,2024-02-14,3,0.2,Retail Store
ORD00343,CUST353,PROD011,2024-02-08,2024-02-11,2,0.0,Mobile App
ORD00344,CUST294,PROD017,2024-02-08,2024-02-12,2,0.15,Retail Store
ORD00345,CUST284,PROD003,2024-02-08,2024-02-14,1,0.1,Online
ORD00346,CUST241,PROD007,2024-02-08,2024-02-13,2,0.0,Retail Store
ORD00347,CUST188,PROD002,2024-02-08,2024-02-13,1,0.0,Online
ORD00348,CUST116,PROD013,2024-02-08,2024-02-12,3,0.0,Online
ORD00349,CUST201,PROD019,2024-02-08,2024-02-12,2,0.2,Mobile App
ORD00350,CUST280,PROD014,2024-02-09,2024-02-15,1,0.0,Retail Store
ORD00351,CUST037,PROD012,2024-02-09,2024-02-14,1,0.0,Retail Store
ORD00352,CUST115,PROD010,2024-02-09,2024-02-12,1,0.05,Mobile App
ORD00353,CUST056,PROD006,2024-02-09,2024-02-10,1,0.2,Online
ORD00354,CUST270,PROD014,2024-02-10,2024-02-11,3,0.0,Online
ORD00355,CUST388,PROD019,2024-02-10,2024-02-15,1,0.15,Retail Store
ORD00356,CUST438,PROD006,2024-02-10,2024-02-13,2,0.05,Online
ORD00357,CUST488,PROD020,2024-02-10,2024-02-15,4,0.05,Retail Store
ORD00358,CUST216,PROD009,2024-02-10,2024-02-12,1,0.0,Retail Store
ORD00359,CUST310,PROD020,2024-02-10,2024-02-11,1,0.2,Retail Store
ORD00360,CUST323,PROD017,2024-02-10,2024-02-15,1,0.0,Mobile App
ORD00361,CUST410,PROD004,2024-02-10,2024-02-14,2,0.1,Retail Store
ORD00362,CUST125,PROD019,2024-02-11,2024-02-13,1,0.2,Retail Store
ORD00363,CUST064,PROD008,2024-02-11,2024-02-15,1,0.1,Online
ORD00364,CUST031,PROD007,2024-02-11,2024-02-17,1,0.15,Mobile App
ORD00365,CUST457,PROD013,2024-02-11,2024-02-16,3,0.05,Mobile App
ORD00366,CUST324,PROD014,2024-02-11,2024-02-16,2,0.15,Online
ORD00367,CUST175,PROD009,2024-02-11,2024-02-15,2,0.0,Online
ORD00368,CUST437,PROD017,2024-02-11,2024-02-17,1,0.15,Mobile App
ORD00369,CUST272,PROD008,2024-02-11,2024-02-13,4,0.05,Online
ORD00370,CUST459,PROD016,2024-02-11,2024-02-15,1,0.15,Retail Store
ORD00371,CUST192,PROD015,2024-02-11,2024-02-17,1,0.1,Mobile App
ORD00372,CUST283,PROD016,2024-02-11,2024-02-15,1,0.0,Online
ORD00373,CUST452,PROD013,2024-02-12,2024-02-17,2,0.0,Online
ORD00374,CUST209,PROD010,2024-02-12,2024-02-14,3,0.0,Mobile App
ORD00375,CUST437,PROD017,2024-02-12,2024-02-17,1,0.0,Online
ORD00376,CUST315,PROD019,2024-02-12,2024-02-18,1,0.0,Mobile App
ORD00377,CUST293,PROD011,2024-02-12,2024-02-17,2,0.05,Mobile App
ORD00378,CUST095,PROD004,2024-02-12,2024-02-16,2,0.15,Online
ORD00379,CUST092,PROD010,2024-02-12,2024-02-16,1,0.0,Retail Store
ORD00380,CUST157,PROD017,2024-02-12,2024-02-15,1,0.0,Mobile App
ORD00381,CUST097,PROD013,2024-02-12,2024-02-15,1,0.05,Retail Store
ORD00382,CUST432,PROD019,2024-02-12,2024-02-13,1,0.15,Retail Store
ORD00383,CUST177,PROD015,2024-02-12,2024-02-14,1,0.05,Online
ORD00384,CUST318,PROD015,2024-02-13,2024-02-16,4,0.05,Retail Store
ORD00385,CUST219,PROD001,2024-02-13,2024-02-15,3,0.0,Retail Store
ORD00386,CUST493,PROD005,2024-02-13,2024-02-18,3,0.2,Mobile App
ORD00387,CUST152,PROD006,2024-02-13,2024-02-17,1,0.0,Retail Store
ORD00388,CUST256,PROD019,2024-02-13,2024-02-15,3,0.15,Retail Store
ORD00389,CUST183,PROD002,2024-02-13,2024-02-14,3,0.0,Mobile App
ORD00390,CUST013,PROD017,2024-02-13,2024-02-19,2,0.0,Online
ORD00391,CUST266,PROD013,2024-02-13,2024-02-18,1,0.2,Retail Store
ORD00392,CUST422,PROD016,2024-02-14,2024-02-15,1,0.0,Retail Store
ORD00393,CUST308,PROD020,2024-02-14,2024-02-18,1,0.15,Mobile App
ORD00394,CUST061,PROD009,2024-02-14,2024-02-15,1,0.0,Online
ORD00395,CUST390,PROD002,2024-02-14,2024-02-17,1,0.2,Online
ORD00396,CUST012,PROD008,2024-02-14,2024-02-16,1,0.0,Online
ORD00397,CUST495,PROD005,2024-02-14,2024-02-17,1,0.1,Online
ORD00398,CUST486,PROD015,2024-02-14,2024-02-17,1,0.0,Mobile App
ORD00399,CUST246,PROD013,2024-02-14,2024-02-20,2,0.0,Retail Store
ORD00400,CUST303,PROD005,2024-02-14,2024-02-17,1,0.1,Retail Store
ORD00401,CUST382,PROD004,2024-02-14,2024-02-15,1,0.2,Online
ORD00402,CUST371,PROD010,2024-02-14,2024-02-18,1,0.15,Retail Store
ORD00403,CUST144,PROD003,2024-02-14,2024-02-17,1,0.15,Retail Store
ORD00404,CUST208,PROD011,2024-02-15,2024-02-18,1,0.2,Retail Store
ORD00405,CUST332,PROD020,2024-02-15,2024-02-20,4,0.15,Retail Store
ORD00406,CUST275,PROD008,2024-02-15,2024-02-19,2,0.1,Online
ORD00407,CUST035,PROD010,2024-02-15,2024-02-21,1,0.2,Mobile App
ORD00408,CUST125,PROD011,2024-02-15,2024-02-19,1,0.05,Retail Store
ORD00409,CUST086,PROD006,2024-02-15,2024-02-19,1,0.2,Mobile App
ORD00410,CUST182,PROD014,2024-02-15,2024-02-19,3,0.15,Online
ORD00411,CUST245,PROD009,2024-02-15,2024-02-21,3,0.05,Retail Store
ORD00412,CUST242,PROD004,2024-02-16,2024-02-17,1,0.0,Online
ORD00413,CUST353,PROD010,2024-02-16,2024-02-18,1,0.0,Mobile App
ORD00414,CUST257,PROD002,2024-02-16,2024-02-17,1,0.0,Mobile App
ORD00415,CUST331,PROD018,2024-02-16,2024-02-19,1,0.05,Online
ORD00416,CUST045,PROD015,2024-02-16,2024-02-18,1,0.05,Online
ORD00417,CUST314,PROD001,2024-02-16,2024-02-20,1,0.15,Online
ORD00418,CUST292,PROD004,2024-02-16,2024-02-22,1,0.15,Retail Store
ORD00419,CUST500,PROD015,2024-02-16,2024-02-21,1,0.1,Mobile App
ORD00420,CUST390,PROD018,2024-02-16,2024-02-18,2,0.05,Online
ORD00421,CUST451,PROD006,2024-02-16,2024-02-19,2,0.0,Retail Store
ORD00422,CUST265,PROD010,2024-02-16,2024-02-20,1,0.0,Online
ORD00423,CUST305,PROD014,2024-02-16,2024-02-20,1,0.0,Online
ORD00424,CUST391,PROD006,2024-02-16,2024-02-18,2,0.2,Retail Store
ORD00425,CUST323,PROD005,2024-02-17,2024-02-22,1,0.0,Online
ORD00426,CUST115,PROD017,2024-02-17,2024-02-21,1,0.05,Mobile App
ORD00427,CUST128,PROD010,2024-02-17,2024-02-22,3,0.0,Retail Store
ORD00428,CUST247,PROD006,2024-02-17,2024-02-18,1,0.0,Online
ORD00429,CUST470,PROD005,2024-02-17,2024-02-19,1,0.05,Online
ORD00430,CUST484,PROD013,2024-02-17,2024-02-23,1,0.1,Retail Store
ORD00431,CUST101,PROD012,2024-02-17,2024-02-18,4,0.1,Mobile App
ORD00432,CUST299,PROD011,2024-02-18,2024-02-24,1,0.0,Mobile App
ORD00433,CUST407,PROD012,2024-02-18,2024-02-20,1,0.1,Retail Store
ORD00434,CUST448,PROD004,2024-02-18,2024-02-22,1,0.0,Mobile App
ORD00435,CUST237,PROD017,2024-02-18,2024-02-24,1,0.05,Retail Store
ORD00436,CUST248,PROD011,2024-02-19,2024-02-22,4,0.2,Retail Store
ORD00437,CUST025,PROD020,2024-02-19,2024-02-25,1,0.2,Online
ORD00438,CUST284,PROD014,2024-02-19,2024-02-25,1,0.0,Online
ORD00439,CUST433,PROD016,2024-02-19,2024-02-20,1,0.15,Online
ORD00440,CUST470,PROD008,2024-02-19,2024-02-22,4,0.2,Retail Store
ORD00441,CUST064,PROD007,2024-02-19,2024-02-21,1,0.0,Mobile App
ORD00442,CUST211,PROD018,2024-02-19,2024-02-24,2,0.2,Mobile App
ORD00443,CUST326,PROD012,2024-02-19,2024-02-22,1,0.15,Online
ORD00444,CUST196,PROD012,2024-02-19,2024-02-21,1,0.0,Online
ORD00445,CUST145,PROD002,2024-02-19,2024-02-23,1,0.1,Retail Store
ORD00446,CUST328,PROD015,2024-02-20,2024-02-26,1,0.0,Online
ORD00447,CUST023,PROD020,2024-02-20,2024-02-21,2,0.0,Mobile App
ORD00448,CUST379,PROD008,2024-02-20,2024-02-23,2,0.15,Mobile App
ORD00449,CUST177,PROD003,2024-02-20,2024-02-21,2,0.2,Mobile App
ORD00450,CUST107,PROD013,2024-02-20,2024-02-24,1,0.0,Online
ORD00451,CUST472,PROD003,2024-02-20,2024-02-21,1,0.0,Online
ORD00452,CUST352,PROD015,2024-02-20,2024-02-22,4,0.15,Retail Store
ORD00453,CUST319,PROD020,2024-02-20,2024-02-21,1,0.0,Online
ORD00454,CUST149,PROD010,2024-02-20,2024-02-26,4,0.15,Mobile App
ORD00455,CUST204,PROD017,2024-02-20,2024-02-24,3,0.15,Retail Store
ORD00456,CUST196,PROD019,2024-02-21,2024-02-23,3,0.15,Online
ORD00457,CUST316,PROD018,2024-02-21,2024-02-24,1,0.0,Mobile App
ORD00458,CUST120,PROD007,2024-02-21,2024-02-27,1,0.0,Retail Store
ORD00459,CUST057,PROD015,2024-02-22,2024-02-27,1,0.05,Online
ORD00460,CUST084,PROD016,2024-02-22,2024-02-26,1,0.2,Retail Store
ORD00461,CUST061,PROD013,2024-02-22,2024-02-25,2,0.1,Mobile App
ORD00462,CUST264,PROD012,2024-02-22,2024-02-26,1,0.0,Mobile App
ORD00463,CUST332,PROD005,2024-02-22,2024-02-23,1,0.0,Online
ORD00464,CUST256,PROD013,2024-02-22,2024-02-27,1,0.2,Mobile App
ORD00465,CUST205,PROD002,2024-02-23,2024-02-29,1,0.2,Mobile App
ORD00466,CUST329,PROD018,2024-02-23,2024-02-28,3,0.0,Mobile App
ORD00467,CUST230,PROD019,2024-02-23,2024-02-28,2,0.15,Online
ORD00468,CUST031,PROD020,2024-02-23,2024-02-27,1,0.0,Mobile App
ORD00469,CUST007,PROD008,2024-02-23,2024-02-29,2,0.05,Retail Store
ORD00470,CUST327,PROD008,2024-02-23,2024-02-24,1,0.15,Mobile App
ORD00471,CUST476,PROD020,2024-02-23,2024-02-25,3,0.1,Online
ORD00472,CUST409,PROD015,2024-02-24,2024-02-26,1,0.0,Online
ORD00473,CUST462,PROD018,2024-02-24,2024-02-25,2,0.2,Mobile App
ORD00474,CUST354,PROD006,2024-02-24,2024-02-26,1,0.0,Retail Store
ORD00475,CUST323,PROD011,2024-02-24,2024-03-01,1,0.2,Retail Store
ORD00476,CUST286,PROD009,2024-02-24,2024-02-28,2,0.0,Online
ORD00477,CUST146,PROD003,2024-02-24,2024-02-25,1,0.15,Mobile App
ORD00478,CUST263,PROD013,2024-02-24,2024-03-01,4,0.2,Online
ORD00479,CUST207,PROD002,2024-02-24,2024-02-26,1,0.0,Retail Store
ORD00480,CUST471,PROD006,2024-02-24,2024-02-26,1,0.0,Retail Store
ORD00481,CUST298,PROD005,2024-02-24,2024-02-29,1,0.0,Online
ORD00482,CUST291,PROD009,2024-02-24,2024-03-01,2,0.0,Retail Store
ORD00483,CUST128,PROD002,2024-02-25,2024-02-26,1,0.1,Mobile App
ORD00484,CUST059,PROD016,2024-02-25,2024-03-01,4,0.05,Retail Store
ORD00485,CUST090,PROD013,2024-02-25,2024-03-02,1,0.0,Mobile App
ORD00486,CUST482,PROD005,2024-02-25,2024-03-02,1,0.15,Mobile App
ORD00487,CUST491,PROD003,2024-02-25,2024-02-29,2,0.05,Mobile App
ORD00488,CUST055,PROD013,2024-02-25,2024-02-26,1,0.0,Retail Store
ORD00489,CUST495,PROD018,2024-02-25,2024-02-26,2,0.0,Retail Store
ORD00490,CUST359,PROD010,2024-02-25,2024-02-26,1,0.0,Retail Store
ORD00491,CUST071,PROD003,2024-02-26,2024-02-29,1,0.0,Mobile App
ORD00492,CUST118,PROD013,2024-02-26,2024-03-01,1,0.2,Mobile App
ORD00493,CUST143,PROD006,2024-02-26,2024-03-03,3,0.0,Retail Store
ORD00494,CUST471,PROD015,2024-02-26,2024-02-29,2,0.05,Online
ORD00495,CUST228,PROD013,2024-02-26,2024-02-27,1,0.05,Online
ORD00496,CUST149,PROD005,2024-02-26,2024-02-29,2,0.15,Mobile App
ORD00497,CUST401,PROD001,2024-02-26,2024-02-27,1,0.0,Online
ORD00498,CUST020,PROD004,2024-02-26,2024-02-29,2,0.0,Retail Store
ORD00499,CUST003,PROD013,2024-02-26,2024-03-01,1,0.2,Online
ORD00500,CUST020,PROD003,2024-02-27,2024-02-29,2,0.0,Retail Store
ORD00501,CUST291,PROD009,2024-02-27,2024-03-04,1,0.0,Retail Store
ORD00502,CUST031,PROD004,2024-02-27,2024-03-04,1,0.1,Mobile App
ORD00503,CUST256,PROD002,2024-02-27,2024-03-01,1,0.0,Retail Store
ORD00504,CUST255,PROD002,2024-02-27,2024-03-01,1,0.0,Mobile App
ORD00505,CUST008,PROD017,2024-02-27,2024-03-01,1,0.0,Mobile App
ORD00506,CUST117,PROD008,2024-02-27,2024-03-04,2,0.0,Online
ORD00507,CUST356,PROD006,2024-02-27,2024-02-29,2,0.0,Retail Store
ORD00508,CUST086,PROD020,2024-02-27,2024-02-28,2,0.05,Online
ORD00509,CUST451,PROD019,2024-02-28,2024-03-03,2,0.2,Retail Store
ORD00510,CUST281,PROD011,2024-02-28,2024-02-29,2,0.05,Retail Store
ORD00511,CUST115,PROD006,2024-02-28,2024-03-02,1,0.05,Retail Store
ORD00512,CUST257,PROD015,2024-02-28,2024-03-04,1,0.0,Mobile App
ORD00513,CUST150,PROD005,2024-02-28,2024-03-01,1,0.2,Online
ORD00514,CUST194,PROD020,2024-02-28,2024-03-02,3,0.2,Online
ORD00515,CUST108,PROD020,2024-02-29,2024-03-01,1,0.15,Retail Store
ORD00516,CUST477,PROD008,2024-02-29,2024-03-03,1,0.15,Online
ORD00517,CUST461,PROD018,2024-02-29,2024-03-02,1,0.15,Online
ORD00518,CUST210,PROD012,2024-03-01,2024-03-05,2,0.15,Mobile App
ORD00519,CUST049,PROD018,2024-03-01,2024-03-02,1,0.0,Mobile App
ORD00520,CUST361,PROD013,2024-03-01,2024-03-04,1,0.15,Online
ORD00521,CUST023,PROD018,2024-03-01,2024-03-02,2,0.1,Online
ORD00522,CUST112,PROD015,2024-03-01,2024-03-02,1,0.15,Retail Store
ORD00523,CUST070,PROD005,2024-03-01,2024-03-04,1,0.0,Mobile App
ORD00524,CUST238,PROD013,2024-03-01,2024-03-02,1,0.0,Mobile App
ORD00525,CUST019,PROD003,2024-03-01,2024-03-06,3,0.0,Online
ORD00526,CUST054,PROD007,2024-03-01,2024-03-02,1,0.2,Mobile App
ORD00527,CUST298,PROD005,2024-03-01,2024-03-05,2,0.0,Online
ORD00528,CUST067,PROD013,2024-03-01,2024-03-05,2,0.2,Online
ORD00529,CUST382,PROD016,2024-03-01,2024-03-04,1,0.15,Mobile App
ORD00530,CUST390,PROD008,2024-03-01,2024-03-05,1,0.0,Retail Store
ORD00531,CUST483,PROD018,2024-03-01,2024-03-02,1,0.15,Mobile App
ORD00532,CUST334,PROD007,2024-03-01,2024-03-06,1,0.2,Online
ORD00533,CUST258,PROD002,2024-03-02,2024-03-03,2,0.1,Mobile App
ORD00534,CUST019,PROD012,2024-03-02,2024-03-08,1,0.2,Retail Store
ORD00535,CUST033,PROD018,2024-03-02,2024-03-03,4,0.05,Online
ORD00536,CUST407,PROD012,2024-03-02,2024-03-07,1,0.2,Retail Store
ORD00537,CUST328,PROD001,2024-03-02,2024-03-05,1,0.0,Mobile App
ORD00538,CUST409,PROD020,2024-03-02,2024-03-04,1,0.0,Retail Store
ORD00539,CUST228,PROD014,2024-03-02,2024-03-03,4,0.1,Online
ORD00540,CUST091,PROD012,2024-03-02,2024-03-07,2,0.0,Retail Store
ORD00541,CUST293,PROD019,2024-03-02,2024-03-07,1,0.05,Mobile App
ORD00542,CUST154,PROD003,2024-03-02,2024-03-05,3,0.05,Mobile App
ORD00543,CUST166,PROD009,2024-03-02,2024-03-03,1,0.05,Online
ORD00544,CUST131,PROD006,2024-03-02,2024-03-05,1,0.15,Retail Store
ORD00545,CUST387,PROD014,2024-03-02,2024-03-07,2,0.1,Online
ORD00546,CUST111,PROD014,2024-03-03,2024-03-08,2,0.0,Retail Store
ORD00547,CUST490,PROD019,2024-03-03,2024-03-09,1,0.2,Mobile App
ORD00548,CUST453,PROD002,2024-03-03,2024-03-07,2,0.0,Online
ORD00549,CUST330,PROD014,2024-03-03,2024-03-05,1,0.15,Mobile App
ORD00550,CUST469,PROD012,2024-03-03,2024-03-06,4,0.0,Mobile App
ORD00551,CUST409,PROD005,2024-03-03,2024-03-08,1,0.0,Retail Store
ORD00552,CUST457,PROD016,2024-03-03,2024-03-09,3,0.15,Mobile App
ORD00553,CUST091,PROD002,2024-03-03,2024-03-06,1,0.15,Retail Store
ORD00554,CUST400,PROD003,2024-03-03,2024-03-09,1,0.05,Mobile App
ORD00555,CUST274,PROD013,2024-03-03,2024-03-04,1,0.0,Mobile App
ORD00556,CUST307,PROD020,2024-03-03,2024-03-07,2,0.0,Mobile App
ORD00557,CUST229,PROD005,2024-03-03,2024-03-09,1,0.2,Mobile App
ORD00558,CUST473,PROD003,2024-03-04,2024-03-09,1,0.0,Retail Store
ORD00559,CUST001,PROD010,2024-03-04,2024-03-09,1,0.2,Mobile App
ORD00560,CUST308,PROD013,2024-03-04,2024-03-07,2,0.05,Online
ORD00561,CUST239,PROD008,2024-03-04,2024-03-10,2,0.0,Mobile App
ORD00562,CUST296,PROD020,2024-03-04,2024-03-07,2,0.05,Online
ORD00563,CUST207,PROD001,2024-03-05,2024-03-10,4,0.0,Online
ORD00564,CUST331,PROD012,2024-03-05,2024-03-11,1,0.2,Mobile App
ORD00565,CUST241,PROD006,2024-03-05,2024-03-09,2,0.0,Mobile App
ORD00566,CUST316,PROD006,2024-03-05,2024-03-07,1,0.0,Retail Store
ORD00567,CUST251,PROD013,2024-03-05,2024-03-10,2,0.05,Retail Store
ORD00568,CUST188,PROD013,2024-03-05,2024-03-08,2,0.2,Mobile App
ORD00569,CUST143,PROD020,2024-03-05,2024-03-07,3,0.0,Online
ORD00570,CUST172,PROD012,2024-03-05,2024-03-08,1,0.2,Retail Store
ORD00571,CUST320,PROD019,2024-03-05,2024-03-06,1,0.0,Retail Store
ORD00572,CUST011,PROD006,2024-03-06,2024-03-08,1,0.1,Retail Store
ORD00573,CUST259,PROD015,2024-03-06,2024-03-07,1,0.0,Online
ORD00574,CUST358,PROD010,2024-03-06,2024-03-07,1,0.15,Retail Store
ORD00575,CUST007,PROD001,2024-03-06,2024-03-11,1,0.2,Retail Store
ORD00576,CUST175,PROD015,2024-03-06,2024-03-08,3,0.0,Retail Store
ORD00577,CUST299,PROD011,2024-03-06,2024-03-12,2,0.0,Mobile App
ORD00578,CUST068,PROD016,2024-03-06,2024-03-07,1,0.0,Retail Store
ORD00579,CUST069,PROD001,2024-03-06,2024-03-11,1,0.0,Retail Store
ORD00580,CUST361,PROD006,2024-03-06,2024-03-12,1,0.2,Online
ORD00581,CUST494,PROD020,2024-03-06,2024-03-12,2,0.05,Mobile App
ORD00582,CUST447,PROD012,2024-03-06,2024-03-08,1,0.0,Mobile App
ORD00583,CUST325,PROD001,2024-03-06,2024-03-12,1,0.2,Retail Store
ORD00584,CUST445,PROD005,2024-03-06,2024-03-12,1,0.15,Mobile App
ORD00585,CUST308,PROD013,2024-03-07,2024-03-11,1,0.1,Mobile App
ORD00586,CUST160,PROD005,2024-03-07,2024-03-11,1,0.1,Mobile App
ORD00587,CUST290,PROD006,2024-03-07,2024-03-12,1,0.0,Online
ORD00588,CUST053,PROD006,2024-03-07,2024-03-10,4,0.0,Online
ORD00589,CUST323,PROD001,2024-03-07,2024-03-11,1,0.0,Online
ORD00590,CUST148,PROD019,2024-03-07,2024-03-12,1,0.0,Retail Store
ORD00591,CUST403,PROD017,2024-03-07,2024-03-12,1,0.0,Retail Store
ORD00592,CUST405,PROD020,2024-03-07,2024-03-09,1,0.2,Retail Store
ORD00593,CUST237,PROD017,2024-03-08,2024-03-11,1,0.0,Mobile App
ORD00594,CUST417,PROD001,2024-03-08,2024-03-12,1,0.0,Retail Store
ORD00595,CUST053,PROD020,2024-03-08,2024-03-12,1,0.2,Mobile App
ORD00596,CUST048,PROD014,2024-03-08,2024-03-09,4,0.05,Mobile App
ORD00597,CUST137,PROD008,2024-03-08,2024-03-13,1,0.0,Retail Store
ORD00598,CUST235,PROD008,2024-03-08,2024-03-14,2,0.15,Retail Store
ORD00599,CUST383,PROD004,2024-03-08,2024-03-12,4,0.0,Retail Store
ORD00600,CUST410,PROD012,2024-03-08,2024-03-10,1,0.0,Mobile App
ORD00601,CUST284,PROD014,2024-03-08,2024-03-12,1,0.15,Online
ORD00602,CUST004,PROD016,2024-03-08,2024-03-09,2,0.1,Retail Store
ORD00603,CUST119,PROD019,2024-03-09,2024-03-12,1,0.05,Mobile App
ORD00604,CUST309,PROD009,2024-03-09,2024-03-13,1,0.0,Mobile App
ORD00605,CUST421,PROD009,2024-03-09,2024-03-14,1,0.0,Online
ORD00606,CUST125,PROD016,2024-03-09,2024-03-10,2,0.0,Online
ORD00607,CUST008,PROD013,2024-03-09,2024-03-15,1,0.0,Mobile App
ORD00608,CUST044,PROD015,2024-03-09,2024-03-10,1,0.0,Retail Store
ORD00609,CUST440,PROD007,2024-03-09,2024-03-14,4,0.1,Online
ORD00610,CUST189,PROD002,2024-03-09,2024-03-11,1,0.2,Retail Store
ORD00611,CUST018,PROD005,2024-03-09,2024-03-11,2,0.0,Mobile App
ORD00612,CUST246,PROD008,2024-03-09,2024-03-15,1,0.0,Mobile App
ORD00613,CUST188,PROD009,2024-03-09,2024-03-13,1,0.05,Retail Store
ORD00614,CUST229,PROD001,2024-03-09,2024-03-15,2,0.0,Online
ORD00615,CUST103,PROD004,2024-03-09,2024-03-10,1,0.0,Retail Store
ORD00616,CUST380,PROD020,2024-03-10,2024-03-15,1,0.15,Retail Store
ORD00617,CUST009,PROD019,2024-03-10,2024-03-11,1,0.0,Online
ORD00618,CUST108,PROD015,2024-03-10,2024-03-13,1,0.0,Online
ORD00619,CUST470,PROD014,2024-03-10,2024-03-16,4,0.1,Mobile App
ORD00620,CUST377,PROD012,2024-03-10,2024-03-13,1,0.1,Online
ORD00621,CUST394,PROD018,2024-03-10,2024-03-16,1,0.15,Retail Store
ORD00622,CUST224,PROD009,2024-03-10,2024-03-14,2,0.0,Mobile App
ORD00623,CUST436,PROD016,2024-03-10,2024-03-13,1,0.1,Mobile App
ORD00624,CUST111,PROD016,2024-03-10,2024-03-13,3,0.05,Online
ORD00625,CUST258,PROD003,2024-03-11,2024-03-17,1,0.0,Online
ORD00626,CUST313,PROD007,2024-03-11,2024-03-14,2,0.1,Mobile App
ORD00627,CUST018,PROD010,2024-03-11,2024-03-17,3,0.0,Retail Store
ORD00628,CUST192,PROD012,2024-03-11,2024-03-13,1,0.15,Mobile App
ORD00629,CUST193,PROD012,2024-03-11,2024-03-16,1,0.15,Mobile App
ORD00630,CUST055,PROD001,2024-03-11,2024-03-13,3,0.2,Mobile App
ORD00631,CUST454,PROD012,2024-03-11,2024-03-13,1,0.0,Retail Store
ORD00632,CUST092,PROD015,2024-03-12,2024-03-16,4,0.0,Retail Store
ORD00633,CUST090,PROD015,2024-03-12,2024-03-14,1,0.0,Retail Store
ORD00634,CUST106,PROD013,2024-03-12,2024-03-15,3,0.2,Retail Store
ORD00635,CUST060,PROD014,2024-03-12,2024-03-18,1,0.15,Mobile App
ORD00636,CUST024,PROD009,2024-03-12,2024-03-15,1,0.05,Mobile App
ORD00637,CUST414,PROD015,2024-03-12,2024-03-18,2,0.0,Mobile App
ORD00638,CUST378,PROD003,2024-03-12,2024-03-13,2,0.2,Mobile App
ORD00639,CUST453,PROD019,2024-03-12,2024-03-14,2,0.1,Online
ORD00640,CUST279,PROD004,2024-03-12,2024-03-14,1,0.15,Mobile App
ORD00641,CUST274,PROD019,2024-03-12,2024-03-15,1,0.15,Online
ORD00642,CUST428,PROD012,2024-03-13,2024-03-15,4,0.0,Online
ORD00643,CUST442,PROD013,2024-03-13,2024-03-17,4,0.15,Retail Store
ORD00644,CUST457,PROD007,2024-03-13,2024-03-14,1,0.2,Online
ORD00645,CUST329,PROD019,2024-03-13,2024-03-17,3,0.0,Mobile App
ORD00646,CUST066,PROD008,2024-03-13,2024-03-19,1,0.0,Mobile App
ORD00647,CUST494,PROD010,2024-03-13,2024-03-14,2,0.0,Online
ORD00648,CUST361,PROD009,2024-03-13,2024-03-19,2,0.05,Mobile App
ORD00649,CUST484,PROD020,2024-03-13,2024-03-17,3,0.1,Online
ORD00650,CUST260,PROD018,2024-03-14,2024-03-17,2,0.0,Online
ORD00651,CUST202,PROD018,2024-03-14,2024-03-17,1,0.15,Retail Store
ORD00652,CUST191,PROD014,2024-03-14,2024-03-20,1,0.0,Online
ORD00653,CUST137,PROD013,2024-03-14,2024-03-19,1,0.0,Mobile App
ORD00654,CUST127,PROD008,2024-03-14,2024-03-17,2,0.0,Retail Store
ORD00655,CUST254,PROD005,2024-03-14,2024-03-20,4,0.0,Mobile App
ORD00656,CUST069,PROD001,2024-03-14,2024-03-20,1,0.15,Mobile App
ORD00657,CUST245,PROD017,2024-03-15,2024-03-20,1,0.15,Mobile App
ORD00658,CUST070,PROD014,2024-03-15,2024-03-19,3,0.1,Mobile App
ORD00659,CUST055,PROD018,2024-03-15,2024-03-20,1,0.0,Retail Store
ORD00660,CUST053,PROD002,2024-03-15,2024-03-16,1,0.0,Mobile App
ORD00661,CUST189,PROD005,2024-03-15,2024-03-19,1,0.1,Mobile App
ORD00662,CUST185,PROD012,2024-03-15,2024-03-16,1,0.0,Mobile App
ORD00663,CUST299,PROD015,2024-03-15,2024-03-20,1,0.0,Online
ORD00664,CUST334,PROD011,2024-03-15,2024-03-17,2,0.0,Mobile App
ORD00665,CUST274,PROD001,2024-03-15,2024-03-20,1,0.0,Online
ORD00666,CUST046,PROD010,2024-03-16,2024-03-18,4,0.0,Retail Store
ORD00667,CUST425,PROD008,2024-03-16,2024-03-18,1,0.0,Mobile App
ORD00668,CUST199,PROD020,2024-03-16,2024-03-19,1,0.05,Retail Store
ORD00669,CUST241,PROD009,2024-03-16,2024-03-18,1,0.0,Mobile App
ORD00670,CUST370,PROD002,2024-03-16,2024-03-22,3,0.05,Mobile App
ORD00671,CUST422,PROD019,2024-03-16,2024-03-18,4,0.15,Online
ORD00672,CUST328,PROD002,2024-03-17,2024-03-23,2,0.0,Retail Store
ORD00673,CUST255,PROD010,2024-03-17,2024-03-18,1,0.0,Mobile App
ORD00674,CUST250,PROD005,2024-03-17,2024-03-18,1,0.0,Online
ORD00675,CUST417,PROD005,2024-03-17,2024-03-19,1,0.0,Online
ORD00676,CUST496,PROD010,2024-03-17,2024-03-22,1,0.2,Retail Store
ORD00677,CUST423,PROD019,2024-03-17,2024-03-18,3,0.1,Mobile App
ORD00678,CUST400,PROD017,2024-03-17,2024-03-23,2,0.0,Retail Store
ORD00679,CUST356,PROD003,2024-03-17,2024-03-21,1,0.0,Retail Store
ORD00680,CUST058,PROD004,2024-03-17,2024-03-20,2,0.0,Online
ORD00681,CUST354,PROD014,2024-03-17,2024-03-19,1,0.0,Mobile App
ORD00682,CUST435,PROD005,2024-03-18,2024-03-22,1,0.2,Online
ORD00683,CUST345,PROD011,2024-03-18,2024-03-23,3,0.05,Mobile App
ORD00684,CUST410,PROD014,2024-03-18,2024-03-21,2,0.0,Retail Store
ORD00685,CUST085,PROD008,2024-03-19,2024-03-24,2,0.0,Online
ORD00686,CUST082,PROD001,2024-03-19,2024-03-23,1,0.1,Mobile App
ORD00687,CUST128,PROD002,2024-03-19,2024-03-20,1,0.0,Mobile App
ORD00688,CUST350,PROD014,2024-03-19,2024-03-20,3,0.1,Retail Store
ORD00689,CUST214,PROD015,2024-03-19,2024-03-20,2,0.0,Mobile App
ORD00690,CUST001,PROD011,2024-03-19,2024-03-24,2,0.05,Online
ORD00691,CUST025,PROD018,2024-03-19,2024-03-20,1,0.1,Mobile App
ORD00692,CUST037,PROD010,2024-03-20,2024-03-22,4,0.0,Online
ORD00693,CUST278,PROD007,2024-03-20,2024-03-25,1,0.15,Online
ORD00694,CUST455,PROD014,2024-03-20,2024-03-25,1,0.2,Retail Store
ORD00695,CUST439,PROD008,2024-03-20,2024-03-25,1,0.0,Online
ORD00696,CUST415,PROD008,2024-03-20,2024-03-21,2,0.0,Retail Store
ORD00697,CUST110,PROD016,2024-03-20,2024-03-22,1,0.1,Retail Store
ORD00698,CUST056,PROD004,2024-03-20,2024-03-23,2,0.2,Mobile App
ORD00699,CUST188,PROD005,2024-03-21,2024-03-23,1,0.1,Mobile App
ORD00700,CUST471,PROD002,2024-03-21,2024-03-24,1,0.0,Retail Store
ORD00701,CUST015,PROD014,2024-03-21,2024-03-24,1,0.0,Mobile App
ORD00702,CUST348,PROD004,2024-03-21,2024-03-26,1,0.05,Online
ORD00703,CUST008,PROD010,2024-03-21,2024-03-26,3,0.2,Retail Store
ORD00704,CUST444,PROD008,2024-03-21,2024-03-22,1,0.2,Online
ORD00705,CUST109,PROD006,2024-03-21,2024-03-27,4,0.0,Retail Store
ORD00706,CUST023,PROD008,2024-03-22,2024-03-28,1,0.15,Online
ORD00707,CUST030,PROD019,2024-03-22,2024-03-25,3,0.1,Mobile App
ORD00708,CUST256,PROD014,2024-03-22,2024-03-27,1,0.1,Retail Store
ORD00709,CUST050,PROD009,2024-03-22,2024-03-26,1,0.1,Online
ORD00710,CUST113,PROD009,2024-03-22,2024-03-26,2,0.1,Retail Store
ORD00711,CUST114,PROD012,2024-03-22,2024-03-27,1,0.05,Mobile App
ORD00712,CUST140,PROD016,2024-03-22,2024-03-25,1,0.0,Mobile App
ORD00713,CUST284,PROD006,2024-03-22,2024-03-24,1,0.0,Online
ORD00714,CUST240,PROD014,2024-03-22,2024-03-26,1,0.0,Retail Store
ORD00715,CUST240,PROD018,2024-03-22,2024-03-26,1,0.2,Online
ORD00716,CUST118,PROD011,2024-03-22,2024-03-23,2,0.0,Mobile App
ORD00717,CUST208,PROD003,2024-03-22,2024-03-24,1,0.0,Mobile App
ORD00718,CUST478,PROD004,2024-03-22,2024-03-25,2,0.05,Online
ORD00719,CUST471,PROD007,2024-03-22,2024-03-26,2,0.0,Mobile App
ORD00720,CUST189,PROD020,2024-03-23,2024-03-27,1,0.0,Mobile App
ORD00721,CUST145,PROD019,2024-03-23,2024-03-29,1,0.2,Online
ORD00722,CUST188,PROD004,2024-03-23,2024-03-25,1,0.0,Retail Store
ORD00723,CUST362,PROD019,2024-03-23,2024-03-28,3,0.05,Online
ORD00724,CUST100,PROD011,2024-03-24,2024-03-29,2,0.15,Online
ORD00725,CUST388,PROD019,2024-03-24,2024-03-25,2,0.05,Online
ORD00726,CUST327,PROD010,2024-03-24,2024-03-28,2,0.0,Mobile App
ORD00727,CUST403,PROD020,2024-03-24,2024-03-29,2,0.2,Retail Store
ORD00728,CUST045,PROD002,2024-03-24,2024-03-25,4,0.1,Mobile App
ORD00729,CUST321,PROD017,2024-03-24,2024-03-26,3,0.2,Online
ORD00730,CUST079,PROD001,2024-03-24,2024-03-28,2,0.15,Mobile App
ORD00731,CUST192,PROD015,2024-03-24,2024-03-30,3,0.0,Retail Store
ORD00732,CUST423,PROD013,2024-03-24,2024-03-28,3,0.1,Retail Store
ORD00733,CUST217,PROD013,2024-03-25,2024-03-31,1,0.1,Online
ORD00734,CUST315,PROD019,2024-03-25,2024-03-28,4,0.05,Online
ORD00735,CUST458,PROD002,2024-03-25,2024-03-29,1,0.05,Mobile App
ORD00736,CUST467,PROD004,2024-03-25,2024-03-31,1,0.0,Online
ORD00737,CUST224,PROD002,2024-03-25,2024-03-31,3,0.0,Mobile App
ORD00738,CUST005,PROD015,2024-03-25,2024-03-27,1,0.2,Online
ORD00739,CUST147,PROD016,2024-03-25,2024-03-27,1,0.2,Mobile App
ORD00740,CUST364,PROD008,2024-03-25,2024-03-28,1,0.0,Mobile App
ORD00741,CUST336,PROD001,2024-03-25,2024-03-31,3,0.0,Mobile App
ORD00742,CUST319,PROD015,2024-03-25,2024-03-26,1,0.2,Online
ORD00743,CUST308,PROD014,2024-03-26,2024-03-28,4,0.0,Online
ORD00744,CUST498,PROD006,2024-03-26,2024-04-01,1,0.2,Mobile App
ORD00745,CUST276,PROD018,2024-03-26,2024-03-29,1,0.0,Mobile App
ORD00746,CUST029,PROD010,2024-03-26,2024-03-30,1,0.0,Retail Store
ORD00747,CUST493,PROD014,2024-03-26,2024-03-30,4,0.1,Online
ORD00748,CUST293,PROD008,2024-03-26,2024-03-31,2,0.0,Online
ORD00749,CUST338,PROD002,2024-03-26,2024-03-27,1,0.0,Retail Store
ORD00750,CUST348,PROD007,2024-03-27,2024-04-02,1,0.15,Mobile App
ORD00751,CUST477,PROD005,2024-03-27,2024-04-01,1,0.05,Mobile App
ORD00752,CUST236,PROD002,2024-03-27,2024-03-28,1,0.15,Online
ORD00753,CUST129,PROD010,2024-03-27,2024-04-02,1,0.0,Retail Store
ORD00754,CUST131,PROD018,2024-03-27,2024-03-29,2,0.0,Mobile App
ORD00755,CUST070,PROD010,2024-03-27,2024-04-02,2,0.15,Mobile App
ORD00756,CUST491,PROD013,2024-03-27,2024-03-28,2,0.05,Online
ORD00757,CUST322,PROD016,2024-03-28,2024-03-30,3,0.0,Retail Store
ORD00758,CUST273,PROD011,2024-03-28,2024-03-30,1,0.05,Online
ORD00759,CUST036,PROD016,2024-03-28,2024-03-29,3,0.0,Retail Store
ORD00760,CUST010,PROD010,2024-03-28,2024-03-30,1,0.05,Mobile App
ORD00761,CUST330,PROD013,2024-03-28,2024-04-01,4,0.0,Online
ORD00762,CUST031,PROD016,2024-03-28,2024-04-03,2,0.15,Retail Store
ORD00763,CUST134,PROD006,2024-03-28,2024-04-02,2,0.1,Retail Store
ORD00764,CUST152,PROD014,2024-03-28,2024-03-29,2,0.15,Online
ORD00765,CUST310,PROD019,2024-03-28,2024-04-01,2,0.0,Online
ORD00766,CUST299,PROD005,2024-03-28,2024-03-30,1,0.0,Retail Store
ORD00767,CUST009,PROD010,2024-03-28,2024-03-31,1,0.05,Retail Store
ORD00768,CUST495,PROD008,2024-03-28,2024-03-31,1,0.0,Mobile App
ORD00769,CUST231,PROD012,2024-03-28,2024-04-02,2,0.15,Retail Store
ORD00770,CUST030,PROD008,2024-03-29,2024-04-02,1,0.1,Retail Store
ORD00771,CUST264,PROD011,2024-03-29,2024-04-02,2,0.0,Online
ORD00772,CUST363,PROD004,2024-03-29,2024-04-03,1,0.15,Retail Store
ORD00773,CUST500,PROD006,2024-03-29,2024-04-01,2,0.0,Retail Store
ORD00774,CUST415,PROD007,2024-03-29,2024-04-03,1,0.15,Online
ORD00775,CUST231,PROD008,2024-03-29,2024-04-04,1,0.05,Mobile App
ORD00776,CUST342,PROD019,2024-03-30,2024-03-31,1,0.0,Mobile App
ORD00777,CUST493,PROD002,2024-03-30,2024-04-04,1,0.0,Mobile App
ORD00778,CUST441,PROD006,2024-03-30,2024-04-01,1,0.1,Mobile App
ORD00779,CUST089,PROD015,2024-03-30,2024-04-05,4,0.0,Retail Store
ORD00780,CUST461,PROD020,2024-03-30,2024-03-31,1,0.0,Retail Store
ORD00781,CUST029,PROD009,2024-03-30,2024-04-02,1,0.05,Online
ORD00782,CUST103,PROD010,2024-03-31,2024-04-01,1,0.05,Online
ORD00783,CUST388,PROD013,2024-03-31,2024-04-01,1,0.0,Mobile App
ORD00784,CUST324,PROD009,2024-03-31,2024-04-01,1,0.0,Mobile App
ORD00785,CUST202,PROD010,2024-03-31,2024-04-03,1,0.0,Mobile App
ORD00786,CUST313,PROD012,2024-03-31,2024-04-03,1,0.15,Online
ORD00787,CUST214,PROD014,2024-03-31,2024-04-02,2,0.05,Online
ORD00788,CUST177,PROD011,2024-03-31,2024-04-03,2,0.0,Retail Store
ORD00789,CUST282,PROD005,2024-04-01,2024-04-03,1,0.05,Mobile App
ORD00790,CUST036,PROD012,2024-04-01,2024-04-03,1,0.0,Retail Store
ORD00791,CUST062,PROD011,2024-04-01,2024-04-02,3,0.1,Retail Store
ORD00792,CUST258,PROD007,2024-04-01,2024-04-02,1,0.15,Online
ORD00793,CUST256,PROD015,2024-04-01,2024-04-04,2,0.0,Mobile App
ORD00794,CUST474,PROD019,2024-04-01,2024-04-02,2,0.05,Mobile App
ORD00795,CUST040,PROD004,2024-04-01,2024-04-04,2,0.0,Online
ORD00796,CUST357,PROD005,2024-04-01,2024-04-04,1,0.0,Mobile App
ORD00797,CUST053,PROD001,2024-04-01,2024-04-04,1,0.1,Retail Store
ORD00798,CUST437,PROD012,2024-04-01,2024-04-05,2,0.15,Online
ORD00799,CUST003,PROD002,2024-04-01,2024-04-05,1,0.2,Retail Store
ORD00800,CUST466,PROD014,2024-04-01,2024-04-05,1,0.0,Mobile App
ORD00801,CUST045,PROD004,2024-04-01,2024-04-07,1,0.05,Online
ORD00802,CUST347,PROD015,2024-04-01,2024-04-06,1,0.1,Mobile App
ORD00803,CUST005,PROD008,2024-04-02,2024-04-04,1,0.0,Mobile App
ORD00804,CUST488,PROD009,2024-04-02,2024-04-08,4,0.15,Online
ORD00805,CUST110,PROD008,2024-04-02,2024-04-03,1,0.0,Retail Store
ORD00806,CUST454,PROD002,2024-04-02,2024-04-03,1,0.2,Mobile App
ORD00807,CUST098,PROD007,2024-04-02,2024-04-07,1,0.0,Retail Store
ORD00808,CUST295,PROD009,2024-04-02,2024-04-04,2,0.0,Retail Store
ORD00809,CUST091,PROD004,2024-04-02,2024-04-05,1,0.1,Retail Store
ORD00810,CUST411,PROD008,2024-04-02,2024-04-05,3,0.1,Online
ORD00811,CUST171,PROD002,2024-04-02,2024-04-05,2,0.0,Mobile App
ORD00812,CUST039,PROD019,2024-04-03,2024-04-05,2,0.15,Mobile App
ORD00813,CUST242,PROD019,2024-04-03,2024-04-06,1,0.15,Retail Store
ORD00814,CUST356,PROD015,2024-04-03,2024-04-06,3,0.0,Retail Store
ORD00815,CUST358,PROD002,2024-04-03,2024-04-04,1,0.0,Retail Store
ORD00816,CUST135,PROD002,2024-04-03,2024-04-08,1,0.05,Retail Store
ORD00817,CUST362,PROD018,2024-04-03,2024-04-09,1,0.0,Retail Store
ORD00818,CUST371,PROD017,2024-04-03,2024-04-05,1,0.0,Online
ORD00819,CUST376,PROD010,2024-04-03,2024-04-06,3,0.0,Retail Store
ORD00820,CUST338,PROD006,2024-04-03,2024-04-04,3,0.2,Mobile App
ORD00821,CUST459,PROD009,2024-04-04,2024-04-09,3,0.0,Retail Store
ORD00822,CUST229,PROD012,2024-04-04,2024-04-07,1,0.15,Online
ORD00823,CUST084,PROD008,2024-04-04,2024-04-07,4,0.0,Online
ORD00824,CUST436,PROD003,2024-04-04,2024-04-09,4,0.15,Online
ORD00825,CUST281,PROD019,2024-04-04,2024-04-09,1,0.1,Mobile App
ORD00826,CUST382,PROD016,2024-04-04,2024-04-08,2,0.2,Retail Store
ORD00827,CUST217,PROD009,2024-04-04,2024-04-05,1,0.15,Mobile App
ORD00828,CUST077,PROD012,2024-04-05,2024-04-06,1,0.2,Retail Store
ORD00829,CUST429,PROD015,2024-04-05,2024-04-06,3,0.0,Mobile App
ORD00830,CUST272,PROD005,2024-04-05,2024-04-08,1,0.15,Online
ORD00831,CUST386,PROD004,2024-04-05,2024-04-09,2,0.1,Retail Store
ORD00832,CUST361,PROD001,2024-04-05,2024-04-06,1,0.2,Retail Store
ORD00833,CUST064,PROD012,2024-04-05,2024-04-07,3,0.0,Online
ORD00834,CUST436,PROD012,2024-04-05,2024-04-07,1,0.2,Retail Store
ORD00835,CUST041,PROD009,2024-04-05,2024-04-07,2,0.1,Online
ORD00836,CUST335,PROD002,2024-04-05,2024-04-09,1,0.1,Mobile App
ORD00837,CUST215,PROD018,2024-04-05,2024-04-09,1,0.2,Retail Store
ORD00838,CUST430,PROD011,2024-04-05,2024-04-11,2,0.0,Retail Store
ORD00839,CUST354,PROD020,2024-04-05,2024-04-06,1,0.2,Retail Store
ORD00840,CUST276,PROD013,2024-04-05,2024-04-10,1,0.2,Online
ORD00841,CUST315,PROD018,2024-04-05,2024-04-10,2,0.1,Retail Store
ORD00842,CUST170,PROD007,2024-04-06,2024-04-08,4,0.2,Online
ORD00843,CUST198,PROD009,2024-04-06,2024-04-08,1,0.0,Retail Store
ORD00844,CUST317,PROD001,2024-04-06,2024-04-10,3,0.1,Online
ORD00845,CUST163,PROD008,2024-04-06,2024-04-09,1,0.2,Online
ORD00846,CUST060,PROD013,2024-04-06,2024-04-09,1,0.1,Online
ORD00847,CUST075,PROD019,2024-04-06,2024-04-07,1,0.0,Online
ORD00848,CUST419,PROD007,2024-04-06,2024-04-10,4,0.0,Mobile App
ORD00849,CUST439,PROD015,2024-04-06,2024-04-11,1,0.0,Retail Store
ORD00850,CUST302,PROD016,2024-04-07,2024-04-12,1,0.1,Mobile App
ORD00851,CUST088,PROD009,2024-04-07,2024-04-12,1,0.15,Retail Store
ORD00852,CUST318,PROD014,2024-04-07,2024-04-08,2,0.0,Mobile App
ORD00853,CUST061,PROD017,2024-04-07,2024-04-12,1,0.2,Retail Store
ORD00854,CUST044,PROD019,2024-04-07,2024-04-12,1,0.2,Mobile App
ORD00855,CUST219,PROD004,2024-04-07,2024-04-08,1,0.0,Retail Store
ORD00856,CUST323,PROD009,2024-04-07,2024-04-12,3,0.2,Online
ORD00857,CUST433,PROD019,2024-04-07,2024-04-12,1,0.0,Retail Store
ORD00858,CUST350,PROD012,2024-04-07,2024-04-09,1,0.1,Online
ORD00859,CUST378,PROD001,2024-04-08,2024-04-12,1,0.0,Online
ORD00860,CUST240,PROD016,2024-04-08,2024-04-14,1,0.0,Retail Store
ORD00861,CUST463,PROD019,2024-04-08,2024-04-13,1,0.0,Online
ORD00862,CUST158,PROD020,2024-04-08,2024-04-12,2,0.0,Retail Store
ORD00863,CUST165,PROD004,2024-04-08,2024-04-13,2,0.0,Online
ORD00864,CUST279,PROD004,2024-04-08,2024-04-10,2,0.05,Online
ORD00865,CUST278,PROD017,2024-04-08,2024-04-09,1,0.0,Retail Store
ORD00866,CUST153,PROD008,2024-04-08,2024-04-09,1,0.1,Mobile App
ORD00867,CUST289,PROD012,2024-04-08,2024-04-12,1,0.0,Online
ORD00868,CUST180,PROD010,2024-04-08,2024-04-13,1,0.15,Retail Store
ORD00869,CUST081,PROD017,2024-04-08,2024-04-12,2,0.15,Mobile App
ORD00870,CUST426,PROD005,2024-04-08,2024-04-11,1,0.15,Retail Store
ORD00871,CUST332,PROD005,2024-04-08,2024-04-12,1,0.15,Mobile App
ORD00872,CUST195,PROD012,2024-04-09,2024-04-14,2,0.0,Mobile App
ORD00873,CUST303,PROD004,2024-04-09,2024-04-10,1,0.0,Retail Store
ORD00874,CUST112,PROD012,2024-04-09,2024-04-10,1,0.1,Mobile App
ORD00875,CUST311,PROD004,2024-04-09,2024-04-13,1,0.0,Retail Store
ORD00876,CUST281,PROD015,2024-04-09,2024-04-10,2,0.05,Retail Store
ORD00877,CUST232,PROD004,2024-04-09,2024-04-15,1,0.0,Mobile App
ORD00878,CUST032,PROD011,2024-04-09,2024-04-14,1,0.2,Online
ORD00879,CUST179,PROD016,2024-04-09,2024-04-13,2,0.05,Mobile App
ORD00880,CUST171,PROD020,2024-04-09,2024-04-12,1,0.15,Mobile App
ORD00881,CUST035,PROD009,2024-04-10,2024-04-12,2,0.05,Mobile App
ORD00882,CUST484,PROD009,2024-04-10,2024-04-14,1,0.2,Online
ORD00883,CUST255,PROD017,2024-04-10,2024-04-13,1,0.0,Mobile App
ORD00884,CUST238,PROD005,2024-04-10,2024-04-16,1,0.0,Mobile App
ORD00885,CUST415,PROD012,2024-04-10,2024-04-16,2,0.1,Online
ORD00886,CUST257,PROD018,2024-04-10,2024-04-15,1,0.0,Mobile App
ORD00887,CUST141,PROD001,2024-04-10,2024-04-14,4,0.0,Mobile App
ORD00888,CUST007,PROD014,2024-04-10,2024-04-15,1,0.05,Mobile App
ORD00889,CUST284,PROD008,2024-04-11,2024-04-15,4,0.0,Online
ORD00890,CUST211,PROD013,2024-04-11,2024-04-13,1,0.0,Online
ORD00891,CUST347,PROD007,2024-04-11,2024-04-15,1,0.1,Mobile App
ORD00892,CUST312,PROD005,2024-04-11,2024-04-17,1,0.1,Retail Store
ORD00893,CUST196,PROD002,2024-04-11,2024-04-12,1,0.0,Mobile App
ORD00894,CUST175,PROD014,2024-04-11,2024-04-15,1,0.2,Mobile App
ORD00895,CUST316,PROD010,2024-04-11,2024-04-17,3,0.0,Mobile App
ORD00896,CUST099,PROD015,2024-04-11,2024-04-12,3,0.1,Mobile App
ORD00897,CUST323,PROD011,2024-04-11,2024-04-14,3,0.2,Online
ORD00898,CUST363,PROD019,2024-04-11,2024-04-16,1,0.15,Mobile App
ORD00899,CUST239,PROD012,2024-04-11,2024-04-16,2,0.05,Online
ORD00900,CUST023,PROD007,2024-04-11,2024-04-15,3,0.0,Retail Store
ORD00901,CUST482,PROD007,2024-04-12,2024-04-14,2,0.0,Mobile App
ORD00902,CUST211,PROD005,2024-04-12,2024-04-17,1,0.0,Mobile App
ORD00903,CUST455,PROD011,2024-04-12,2024-04-13,1,0.0,Retail Store
ORD00904,CUST058,PROD019,2024-04-12,2024-04-17,1,0.05,Online
ORD00905,CUST235,PROD007,2024-04-12,2024-04-15,4,0.1,Mobile App
ORD00906,CUST423,PROD018,2024-04-12,2024-04-18,1,0.05,Retail Store
ORD00907,CUST461,PROD007,2024-04-12,2024-04-15,1,0.15,Online
ORD00908,CUST185,PROD015,2024-04-12,2024-04-16,2,0.1,Retail Store
ORD00909,CUST357,PROD019,2024-04-12,2024-04-17,1,0.05,Mobile App
ORD00910,CUST369,PROD005,2024-04-12,2024-04-17,2,0.0,Online
ORD00911,CUST103,PROD019,2024-04-12,2024-04-16,1,0.2,Mobile App
ORD00912,CUST233,PROD013,2024-04-12,2024-04-18,1,0.15,Online
ORD00913,CUST457,PROD018,2024-04-12,2024-04-18,2,0.0,Mobile App
ORD00914,CUST468,PROD004,2024-04-12,2024-04-15,2,0.0,Retail Store
ORD00915,CUST281,PROD018,2024-04-12,2024-04-14,3,0.15,Retail Store
ORD00916,CUST149,PROD010,2024-04-13,2024-04-18,1,0.0,Online
ORD00917,CUST280,PROD013,2024-04-13,2024-04-17,2,0.1,Retail Store
ORD00918,CUST437,PROD003,2024-04-13,2024-04-14,1,0.15,Online
ORD00919,CUST423,PROD013,2024-04-13,2024-04-14,1,0.0,Retail Store
ORD00920,CUST217,PROD010,2024-04-13,2024-04-15,1,0.2,Mobile App
ORD00921,CUST091,PROD009,2024-04-13,2024-04-14,2,0.0,Mobile App
ORD00922,CUST487,PROD020,2024-04-14,2024-04-18,1,0.0,Retail Store
ORD00923,CUST413,PROD015,2024-04-14,2024-04-16,1,0.1,Online
ORD00924,CUST049,PROD015,2024-04-14,2024-04-16,1,0.0,Online
ORD00925,CUST401,PROD012,2024-04-14,2024-04-16,3,0.1,Online
ORD00926,CUST275,PROD006,2024-04-14,2024-04-20,1,0.1,Mobile App
ORD00927,CUST496,PROD008,2024-04-14,2024-04-18,1,0.15,Online
ORD00928,CUST387,PROD017,2024-04-14,2024-04-19,1,0.05,Online
ORD00929,CUST328,PROD001,2024-04-15,2024-04-19,1,0.0,Mobile App
ORD00930,CUST160,PROD006,2024-04-15,2024-04-21,2,0.0,Retail Store
ORD00931,CUST171,PROD001,2024-04-15,2024-04-21,2,0.05,Mobile App
ORD00932,CUST354,PROD003,2024-04-15,2024-04-20,3,0.0,Mobile App
ORD00933,CUST129,PROD013,2024-04-15,2024-04-17,2,0.1,Mobile App
ORD00934,CUST151,PROD011,2024-04-15,2024-04-16,1,0.0,Mobile App
ORD00935,CUST379,PROD016,2024-04-15,2024-04-17,1,0.0,Online
ORD00936,CUST160,PROD005,2024-04-15,2024-04-19,1,0.0,Online
ORD00937,CUST083,PROD017,2024-04-15,2024-04-19,4,0.0,Mobile App
ORD00938,CUST021,PROD011,2024-04-15,2024-04-21,4,0.15,Mobile App
ORD00939,CUST011,PROD002,2024-04-15,2024-04-20,1,0.1,Mobile App
ORD00940,CUST353,PROD015,2024-04-15,2024-04-19,1,0.15,Mobile App
ORD00941,CUST382,PROD001,2024-04-15,2024-04-19,1,0.1,Retail Store
ORD00942,CUST413,PROD004,2024-04-15,2024-04-18,1,0.0,Online
ORD00943,CUST492,PROD019,2024-04-15,2024-04-18,1,0.0,Online
ORD00944,CUST406,PROD014,2024-04-16,2024-04-21,2,0.05,Online
ORD00945,CUST373,PROD010,2024-04-16,2024-04-18,1,0.0,Mobile App
ORD00946,CUST022,PROD017,2024-04-16,2024-04-21,1,0.1,Retail Store
ORD00947,CUST328,PROD019,2024-04-16,2024-04-20,1,0.15,Online
ORD00948,CUST012,PROD013,2024-04-16,2024-04-20,2,0.0,Mobile App
ORD00949,CUST221,PROD003,2024-04-16,2024-04-21,1,0.15,Online
ORD00950,CUST020,PROD010,2024-04-16,2024-04-17,1,0.1,Retail Store
ORD00951,CUST128,PROD006,2024-04-16,2024-04-17,4,0.2,Retail Store
ORD00952,CUST392,PROD003,2024-04-16,2024-04-19,2,0.0,Retail Store
ORD00953,CUST404,PROD004,2024-04-16,2024-04-18,2,0.2,Retail Store
ORD00954,CUST220,PROD019,2024-04-16,2024-04-17,2,0.15,Online
ORD00955,CUST371,PROD002,2024-04-16,2024-04-17,1,0.0,Retail Store
ORD00956,CUST020,PROD005,2024-04-16,2024-04-22,1,0.05,Online
ORD00957,CUST432,PROD011,2024-04-16,2024-04-19,1,0.1,Mobile App
ORD00958,CUST184,PROD017,2024-04-16,2024-04-18,1,0.1,Retail Store
ORD00959,CUST161,PROD009,2024-04-16,2024-04-18,1,0.05,Retail Store
ORD00960,CUST069,PROD013,2024-04-16,2024-04-22,2,0.2,Mobile App
ORD00961,CUST214,PROD010,2024-04-17,2024-04-20,1,0.0,Online
ORD00962,CUST032,PROD007,2024-04-17,2024-04-22,1,0.2,Retail Store
ORD00963,CUST012,PROD014,2024-04-17,2024-04-23,2,0.15,Mobile App
ORD00964,CUST231,PROD008,2024-04-17,2024-04-19,2,0.0,Mobile App
ORD00965,CUST452,PROD004,2024-04-17,2024-04-22,1,0.15,Retail Store
ORD00966,CUST196,PROD013,2024-04-17,2024-04-19,3,0.0,Online
ORD00967,CUST075,PROD011,2024-04-17,2024-04-23,2,0.15,Online
ORD00968,CUST212,PROD004,2024-04-17,2024-04-18,1,0.1,Mobile App
ORD00969,CUST310,PROD009,2024-04-17,2024-04-19,1,0.1,Mobile App
ORD00970,CUST408,PROD008,2024-04-17,2024-04-19,2,0.05,Mobile App
ORD00971,CUST264,PROD018,2024-04-18,2024-04-21,1,0.0,Mobile App
ORD00972,CUST095,PROD010,2024-04-18,2024-04-22,1,0.0,Retail Store
ORD00973,CUST299,PROD004,2024-04-18,2024-04-23,2,0.2,Mobile App
ORD00974,CUST345,PROD008,2024-04-18,2024-04-22,1,0.15,Mobile App
ORD00975,CUST115,PROD020,2024-04-18,2024-04-21,1,0.0,Mobile App
ORD00976,CUST164,PROD016,2024-04-18,2024-04-19,2,0.0,Online
ORD00977,CUST210,PROD012,2024-04-19,2024-04-21,1,0.1,Mobile App
ORD00978,CUST477,PROD005,2024-04-19,2024-04-23,1,0.0,Retail Store
ORD00979,CUST049,PROD001,2024-04-19,2024-04-22,1,0.0,Online
ORD00980,CUST006,PROD010,2024-04-19,2024-04-25,1,0.2,Online
ORD00981,CUST059,PROD001,2024-04-19,2024-04-24,2,0.1,Retail Store
ORD00982,CUST231,PROD018,2024-04-19,2024-04-20,2,0.15,Retail Store
ORD00983,CUST090,PROD008,2024-04-19,2024-04-21,1,0.05,Mobile App
ORD00984,CUST057,PROD006,2024-04-20,2024-04-25,1,0.15,Retail Store
ORD00985,CUST068,PROD004,2024-04-20,2024-04-21,1,0.0,Retail Store
ORD00986,CUST370,PROD004,2024-04-20,2024-04-21,1,0.1,Online
ORD00987,CUST215,PROD004,2024-04-20,2024-04-25,2,0.0,Online
ORD00988,CUST398,PROD016,2024-04-21,2024-04-22,1,0.1,Online
ORD00989,CUST019,PROD014,2024-04-21,2024-04-26,1,0.1,Mobile App
ORD00990,CUST070,PROD019,2024-04-21,2024-04-23,1,0.05,Mobile App
ORD00991,CUST064,PROD014,2024-04-21,2024-04-27,1,0.2,Retail Store
ORD00992,CUST305,PROD003,2024-04-21,2024-04-23,2,0.0,Online
ORD00993,CUST148,PROD003,2024-04-21,2024-04-23,1,0.15,Online
ORD00994,CUST446,PROD003,2024-04-21,2024-04-27,1,0.2,Mobile App
ORD00995,CUST432,PROD014,2024-04-21,2024-04-22,2,0.0,Online
ORD00996,CUST416,PROD009,2024-04-21,2024-04-25,2,0.05,Online
ORD00997,CUST460,PROD005,2024-04-21,2024-04-25,1,0.05,Mobile App
ORD00998,CUST198,PROD005,2024-04-21,2024-04-22,1,0.2,Retail Store
ORD00999,CUST079,PROD014,2024-04-21,2024-04-25,1,0.2,Online
ORD01000,CUST474,PROD003,2024-04-22,2024-04-27,1,0.2,Retail Store
ORD01001,CUST145,PROD015,2024-04-22,2024-04-26,2,0.05,Retail Store
ORD01002,CUST054,PROD019,2024-04-22,2024-04-27,1,0.1,Retail Store
ORD01003,CUST186,PROD016,2024-04-22,2024-04-25,3,0.2,Retail Store
ORD01004,CUST437,PROD014,2024-04-22,2024-04-23,1,0.0,Online
ORD01005,CUST329,PROD005,2024-04-22,2024-04-25,2,0.1,Mobile App
ORD01006,CUST046,PROD013,2024-04-22,2024-04-28,1,0.15,Mobile App
ORD01007,CUST094,PROD017,2024-04-22,2024-04-26,1,0.0,Online
ORD01008,CUST252,PROD006,2024-04-22,2024-04-24,1,0.0,Mobile App
ORD01009,CUST226,PROD002,2024-04-23,2024-04-25,1,0.15,Retail Store
ORD01010,CUST281,PROD005,2024-04-23,2024-04-25,1,0.2,Retail Store
ORD01011,CUST202,PROD005,2024-04-23,2024-04-29,1,0.15,Mobile App
ORD01012,CUST301,PROD001,2024-04-23,2024-04-27,1,0.0,Retail Store
ORD01013,CUST272,PROD016,2024-04-23,2024-04-28,3,0.0,Mobile App
ORD01014,CUST225,PROD010,2024-04-23,2024-04-27,1,0.15,Online
ORD01015,CUST290,PROD006,2024-04-23,2024-04-29,1,0.0,Mobile App
ORD01016,CUST472,PROD009,2024-04-23,2024-04-25,1,0.2,Mobile App
ORD01017,CUST026,PROD008,2024-04-23,2024-04-25,1,0.0,Retail Store
ORD01018,CUST083,PROD020,2024-04-23,2024-04-24,4,0.05,Mobile App
ORD01019,CUST246,PROD004,2024-04-24,2024-04-26,1,0.05,Online
ORD01020,CUST239,PROD018,2024-04-24,2024-04-28,1,0.2,Online
ORD01021,CUST375,PROD010,2024-04-24,2024-04-28,1,0.1,Mobile App
ORD01022,CUST132,PROD002,2024-04-24,2024-04-27,1,0.2,Retail Store
ORD01023,CUST114,PROD015,2024-04-24,2024-04-30,2,0.0,Mobile App
ORD01024,CUST225,PROD008,2024-04-24,2024-04-26,3,0.0,Mobile App
ORD01025,CUST353,PROD006,2024-04-24,2024-04-26,3,0.05,Online
ORD01026,CUST371,PROD018,2024-04-24,2024-04-30,2,0.2,Mobile App
ORD01027,CUST313,PROD005,2024-04-25,2024-04-26,3,0.0,Online
ORD01028,CUST419,PROD012,2024-04-25,2024-05-01,2,0.0,Online
ORD01029,CUST437,PROD003,2024-04-25,2024-05-01,1,0.1,Online
ORD01030,CUST418,PROD003,2024-04-25,2024-04-30,1,0.15,Mobile App
ORD01031,CUST254,PROD013,2024-04-25,2024-04-27,1,0.1,Online
ORD01032,CUST333,PROD006,2024-04-25,2024-04-27,2,0.0,Online
ORD01033,CUST268,PROD014,2024-04-25,2024-04-29,1,0.1,Retail Store
ORD01034,CUST262,PROD001,2024-04-25,2024-04-30,2,0.1,Retail Store
ORD01035,CUST313,PROD012,2024-04-26,2024-05-02,1,0.1,Mobile App
ORD01036,CUST045,PROD018,2024-04-26,2024-04-30,2,0.2,Mobile App
ORD01037,CUST449,PROD002,2024-04-26,2024-04-27,2,0.05,Online
ORD01038,CUST358,PROD002,2024-04-26,2024-04-28,2,0.0,Mobile App
ORD01039,CUST499,PROD011,2024-04-26,2024-04-28,1,0.0,Online
ORD01040,CUST443,PROD011,2024-04-26,2024-05-02,1,0.1,Retail Store
ORD01041,CUST495,PROD006,2024-04-26,2024-04-30,1,0.1,Retail Store
ORD01042,CUST166,PROD001,2024-04-26,2024-05-02,1,0.05,Retail Store
ORD01043,CUST327,PROD003,2024-04-26,2024-05-01,2,0.0,Retail Store
ORD01044,CUST478,PROD006,2024-04-26,2024-04-29,1,0.0,Mobile App
ORD01045,CUST048,PROD020,2024-04-27,2024-04-29,1,0.15,Online
ORD01046,CUST403,PROD014,2024-04-27,2024-04-28,2,0.2,Retail Store
ORD01047,CUST404,PROD019,2024-04-27,2024-04-28,3,0.0,Online
ORD01048,CUST294,PROD016,2024-04-27,2024-05-02,1,0.0,Retail Store
ORD01049,CUST109,PROD016,2024-04-27,2024-04-30,1,0.1,Online
ORD01050,CUST458,PROD006,2024-04-27,2024-05-01,1,0.0,Retail Store
ORD01051,CUST111,PROD012,2024-04-27,2024-04-29,1,0.0,Online
ORD01052,CUST375,PROD005,2024-04-28,2024-04-30,1,0.2,Retail Store
ORD01053,CUST052,PROD013,2024-04-28,2024-05-03,1,0.0,Retail Store
ORD01054,CUST199,PROD017,2024-04-28,2024-04-29,1,0.0,Retail Store
ORD01055,CUST115,PROD006,2024-04-28,2024-04-30,1,0.2,Mobile App
ORD01056,CUST028,PROD007,2024-04-28,2024-05-02,2,0.0,Retail Store
ORD01057,CUST139,PROD015,2024-04-28,2024-05-03,2,0.0,Retail Store
ORD01058,CUST448,PROD019,2024-04-28,2024-05-04,1,0.0,Online
ORD01059,CUST149,PROD002,2024-04-28,2024-04-30,1,0.1,Online
ORD01060,CUST299,PROD014,2024-04-28,2024-05-03,1,0.0,Online
ORD01061,CUST429,PROD014,2024-04-29,2024-05-01,1,0.0,Retail Store
ORD01062,CUST139,PROD002,2024-04-29,2024-05-02,2,0.0,Online
ORD01063,CUST240,PROD006,2024-04-29,2024-05-03,1,0.15,Mobile App
ORD01064,CUST456,PROD016,2024-04-29,2024-05-03,2,0.15,Mobile App
ORD01065,CUST420,PROD006,2024-04-29,2024-05-04,3,0.05,Mobile App
ORD01066,CUST228,PROD014,2024-04-29,2024-05-03,3,0.15,Online
ORD01067,CUST062,PROD014,2024-04-29,2024-04-30,1,0.1,Mobile App
ORD01068,CUST277,PROD001,2024-04-29,2024-05-02,2,0.0,Mobile App
ORD01069,CUST088,PROD019,2024-04-30,2024-05-01,2,0.05,Mobile App
ORD01070,CUST148,PROD006,2024-04-30,2024-05-02,4,0.0,Retail Store
ORD01071,CUST175,PROD011,2024-04-30,2024-05-01,1,0.1,Online
ORD01072,CUST442,PROD017,2024-04-30,2024-05-06,1,0.05,Online
ORD01073,CUST268,PROD005,2024-04-30,2024-05-03,1,0.0,Mobile App
ORD01074,CUST424,PROD016,2024-05-01,2024-05-03,2,0.0,Mobile App
ORD01075,CUST083,PROD006,2024-05-01,2024-05-03,1,0.0,Mobile App
ORD01076,CUST023,PROD019,2024-05-01,2024-05-03,1,0.15,Online
ORD01077,CUST280,PROD005,2024-05-01,2024-05-04,3,0.1,Mobile App
ORD01078,CUST329,PROD005,2024-05-01,2024-05-04,1,0.0,Online
ORD01079,CUST022,PROD013,2024-05-01,2024-05-03,2,0.15,Retail Store
ORD01080,CUST267,PROD019,2024-05-01,2024-05-05,1,0.15,Retail Store
ORD01081,CUST171,PROD012,2024-05-01,2024-05-04,1,0.05,Mobile App
ORD01082,CUST293,PROD012,2024-05-02,2024-05-07,2,0.0,Online
ORD01083,CUST060,PROD014,2024-05-02,2024-05-03,1,0.05,Mobile App
ORD01084,CUST067,PROD002,2024-05-02,2024-05-07,1,0.15,Retail Store
ORD01085,CUST347,PROD003,2024-05-02,2024-05-04,1,0.15,Retail Store
ORD01086,CUST098,PROD019,2024-05-03,2024-05-06,3,0.05,Mobile App
ORD01087,CUST079,PROD001,2024-05-03,2024-05-05,2,0.0,Online
ORD01088,CUST437,PROD005,2024-05-03,2024-05-05,2,0.15,Retail Store
ORD01089,CUST245,PROD005,2024-05-03,2024-05-07,2,0.15,Mobile App
ORD01090,CUST146,PROD005,2024-05-03,2024-05-06,1,0.05,Retail Store
ORD01091,CUST042,PROD019,2024-05-03,2024-05-08,1,0.0,Online
ORD01092,CUST009,PROD018,2024-05-03,2024-05-09,1,0.05,Mobile App
ORD01093,CUST481,PROD014,2024-05-03,2024-05-05,1,0.0,Mobile App
ORD01094,CUST323,PROD020,2024-05-03,2024-05-04,1,0.15,Online
ORD01095,CUST463,PROD014,2024-05-03,2024-05-09,1,0.15,Mobile App
ORD01096,CUST024,PROD006,2024-05-03,2024-05-08,1,0.2,Online
ORD01097,CUST161,PROD014,2024-05-03,2024-05-08,1,0.2,Online
ORD01098,CUST161,PROD009,2024-05-04,2024-05-08,2,0.0,Online
ORD01099,CUST382,PROD004,2024-05-04,2024-05-09,1,0.1,Online
ORD01100,CUST443,PROD002,2024-05-04,2024-05-10,1,0.1,Retail Store
ORD01101,CUST199,PROD017,2024-05-04,2024-05-10,2,0.05,Online
ORD01102,CUST224,PROD014,2024-05-04,2024-05-09,1,0.2,Retail Store
ORD01103,CUST141,PROD010,2024-05-04,2024-05-09,2,0.05,Mobile App
ORD01104,CUST274,PROD010,2024-05-04,2024-05-05,1,0.05,Online
ORD01105,CUST014,PROD020,2024-05-05,2024-05-10,1,0.15,Online
ORD01106,CUST337,PROD013,2024-05-05,2024-05-10,4,0.0,Online
ORD01107,CUST251,PROD001,2024-05-05,2024-05-10,1,0.2,Online
ORD01108,CUST119,PROD009,2024-05-05,2024-05-10,1,0.15,Retail Store
ORD01109,CUST239,PROD017,2024-05-05,2024-05-09,2,0.0,Online
ORD01110,CUST149,PROD012,2024-05-05,2024-05-09,1,0.0,Online
ORD01111,CUST305,PROD013,2024-05-05,2024-05-07,2,0.15,Mobile App
ORD01112,CUST007,PROD012,2024-05-05,2024-05-07,4,0.1,Retail Store
ORD01113,CUST131,PROD001,2024-05-05,2024-05-11,4,0.0,Mobile App
ORD01114,CUST193,PROD010,2024-05-06,2024-05-08,3,0.0,Mobile App
ORD01115,CUST203,PROD008,2024-05-06,2024-05-10,2,0.2,Mobile App
ORD01116,CUST328,PROD019,2024-05-06,2024-05-09,1,0.0,Retail Store
ORD01117,CUST225,PROD020,2024-05-06,2024-05-10,1,0.0,Online
ORD01118,CUST219,PROD019,2024-05-06,2024-05-08,1,0.05,Online
ORD01119,CUST024,PROD019,2024-05-06,2024-05-10,1,0.1,Retail Store
ORD01120,CUST080,PROD007,2024-05-06,2024-05-07,2,0.0,Online
ORD01121,CUST458,PROD013,2024-05-06,2024-05-12,2,0.15,Online
ORD01122,CUST434,PROD016,2024-05-06,2024-05-10,1,0.0,Online
ORD01123,CUST232,PROD015,2024-05-06,2024-05-11,2,0.05,Mobile App
ORD01124,CUST114,PROD007,2024-05-07,2024-05-12,1,0.0,Online
ORD01125,CUST238,PROD015,2024-05-07,2024-05-08,2,0.0,Online
ORD01126,CUST037,PROD009,2024-05-07,2024-05-11,2,0.05,Online
ORD01127,CUST054,PROD018,2024-05-07,2024-05-10,2,0.0,Online
ORD01128,CUST254,PROD003,2024-05-07,2024-05-09,1,0.0,Retail Store
ORD01129,CUST492,PROD008,2024-05-07,2024-05-08,1,0.2,Mobile App
ORD01130,CUST128,PROD002,2024-05-07,2024-05-08,2,0.05,Mobile App
ORD01131,CUST059,PROD015,2024-05-07,2024-05-12,1,0.15,Mobile App
ORD01132,CUST026,PROD004,2024-05-07,2024-05-12,1,0.1,Retail Store
ORD01133,CUST387,PROD013,2024-05-08,2024-05-12,2,0.05,Retail Store
ORD01134,CUST204,PROD016,2024-05-08,2024-05-14,1,0.0,Mobile App
ORD01135,CUST061,PROD018,2024-05-08,2024-05-10,1,0.0,Online
ORD01136,CUST155,PROD005,2024-05-08,2024-05-10,1,0.0,Online
ORD01137,CUST460,PROD018,2024-05-08,2024-05-10,1,0.15,Mobile App
ORD01138,CUST381,PROD004,2024-05-09,2024-05-10,2,0.0,Retail Store
ORD01139,CUST414,PROD007,2024-05-09,2024-05-10,1,0.15,Mobile App
ORD01140,CUST044,PROD005,2024-05-09,2024-05-13,1,0.0,Online
ORD01141,CUST241,PROD001,2024-05-09,2024-05-13,2,0.1,Online
ORD01142,CUST354,PROD011,2024-05-09,2024-05-13,1,0.05,Mobile App
ORD01143,CUST454,PROD016,2024-05-09,2024-05-12,1,0.2,Mobile App
ORD01144,CUST014,PROD018,2024-05-09,2024-05-10,1,0.05,Online
ORD01145,CUST478,PROD017,2024-05-09,2024-05-10,1,0.2,Online
ORD01146,CUST435,PROD008,2024-05-09,2024-05-15,1,0.1,Online
ORD01147,CUST471,PROD009,2024-05-09,2024-05-13,2,0.2,Retail Store
ORD01148,CUST236,PROD004,2024-05-09,2024-05-12,3,0.2,Retail Store
ORD01149,CUST374,PROD008,2024-05-09,2024-05-15,2,0.05,Online
ORD01150,CUST125,PROD005,2024-05-09,2024-05-15,2,0.0,Online
ORD01151,CUST195,PROD009,2024-05-09,2024-05-12,1,0.15,Retail Store
ORD01152,CUST097,PROD009,2024-05-10,2024-05-16,2,0.2,Online
ORD01153,CUST133,PROD016,2024-05-10,2024-05-12,2,0.0,Retail Store
ORD01154,CUST205,PROD003,2024-05-10,2024-05-13,2,0.1,Retail Store
ORD01155,CUST112,PROD019,2024-05-10,2024-05-14,1,0.0,Mobile App
ORD01156,CUST358,PROD014,2024-05-10,2024-05-16,3,0.1,Retail Store
ORD01157,CUST306,PROD017,2024-05-10,2024-05-13,2,0.05,Retail Store
ORD01158,CUST217,PROD014,2024-05-10,2024-05-13,1,0.05,Retail Store
ORD01159,CUST294,PROD012,2024-05-10,2024-05-13,4,0.1,Retail Store
ORD01160,CUST377,PROD001,2024-05-10,2024-05-11,2,0.0,Mobile App
ORD01161,CUST292,PROD003,2024-05-10,2024-05-15,1,0.0,Mobile App
ORD01162,CUST025,PROD009,2024-05-11,2024-05-13,1,0.0,Online
ORD01163,CUST123,PROD002,2024-05-11,2024-05-13,1,0.0,Online
ORD01164,CUST063,PROD002,2024-05-11,2024-05-16,1,0.0,Online
ORD01165,CUST347,PROD013,2024-05-11,2024-05-15,1,0.05,Mobile App
ORD01166,CUST321,PROD005,2024-05-11,2024-05-15,1,0.05,Online
ORD01167,CUST337,PROD003,2024-05-11,2024-05-13,2,0.0,Retail Store
ORD01168,CUST082,PROD004,2024-05-11,2024-05-12,2,0.2,Mobile App
ORD01169,CUST169,PROD008,2024-05-12,2024-05-16,1,0.15,Online
ORD01170,CUST342,PROD016,2024-05-12,2024-05-14,1,0.1,Mobile App
ORD01171,CUST500,PROD005,2024-05-12,2024-05-14,2,0.2,Retail Store
ORD01172,CUST158,PROD010,2024-05-12,2024-05-13,1,0.0,Online
ORD01173,CUST300,PROD003,2024-05-12,2024-05-15,1,0.1,Mobile App
ORD01174,CUST389,PROD002,2024-05-12,2024-05-14,2,0.1,Online
ORD01175,CUST381,PROD009,2024-05-13,2024-05-17,1,0.0,Online
ORD01176,CUST283,PROD002,2024-05-13,2024-05-18,1,0.1,Online
ORD01177,CUST281,PROD008,2024-05-13,2024-05-14,1,0.0,Online
ORD01178,CUST228,PROD002,2024-05-13,2024-05-14,1,0.15,Online
ORD01179,CUST266,PROD018,2024-05-13,2024-05-19,2,0.0,Retail Store
ORD01180,CUST395,PROD011,2024-05-13,2024-05-18,3,0.0,Retail Store
ORD01181,CUST438,PROD013,2024-05-13,2024-05-19,2,0.05,Retail Store
ORD01182,CUST065,PROD007,2024-05-13,2024-05-14,1,0.2,Online
ORD01183,CUST318,PROD019,2024-05-13,2024-05-14,1,0.0,Online
ORD01184,CUST445,PROD019,2024-05-13,2024-05-15,2,0.0,Mobile App
ORD01185,CUST118,PROD010,2024-05-13,2024-05-16,2,0.0,Retail Store
ORD01186,CUST321,PROD005,2024-05-14,2024-05-19,2,0.0,Online
ORD01187,CUST336,PROD013,2024-05-14,2024-05-20,3,0.2,Online
ORD01188,CUST235,PROD011,2024-05-15,2024-05-18,1,0.15,Online
ORD01189,CUST112,PROD017,2024-05-15,2024-05-19,2,0.05,Online
ORD01190,CUST203,PROD012,2024-05-15,2024-05-20,1,0.0,Mobile App
ORD01191,CUST202,PROD017,2024-05-15,2024-05-20,2,0.15,Mobile App
ORD01192,CUST426,PROD003,2024-05-15,2024-05-20,1,0.0,Online
ORD01193,CUST244,PROD020,2024-05-15,2024-05-17,1,0.05,Mobile App
ORD01194,CUST391,PROD002,2024-05-15,2024-05-17,2,0.0,Online
ORD01195,CUST086,PROD003,2024-05-15,2024-05-20,3,0.05,Mobile App
ORD01196,CUST012,PROD003,2024-05-15,2024-05-19,3,0.2,Mobile App
ORD01197,CUST005,PROD016,2024-05-15,2024-05-21,1,0.2,Online
ORD01198,CUST042,PROD018,2024-05-16,2024-05-22,3,0.0,Online
ORD01199,CUST407,PROD005,2024-05-16,2024-05-22,2,0.0,Mobile App
ORD01200,CUST377,PROD011,2024-05-16,2024-05-17,1,0.0,Retail Store
ORD01201,CUST171,PROD012,2024-05-16,2024-05-20,1,0.0,Online
ORD01202,CUST193,PROD011,2024-05-16,2024-05-22,1,0.0,Mobile App
ORD01203,CUST164,PROD012,2024-05-16,2024-05-22,1,0.0,Retail Store
ORD01204,CUST006,PROD016,2024-05-16,2024-05-19,4,0.05,Retail Store
ORD01205,CUST221,PROD002,2024-05-16,2024-05-20,1,0.2,Mobile App
ORD01206,CUST351,PROD013,2024-05-16,2024-05-18,1,0.0,Retail Store
ORD01207,CUST400,PROD016,2024-05-17,2024-05-22,2,0.05,Retail Store
ORD01208,CUST313,PROD012,2024-05-17,2024-05-18,1,0.1,Online
ORD01209,CUST414,PROD004,2024-05-17,2024-05-19,1,0.2,Retail Store
ORD01210,CUST299,PROD001,2024-05-17,2024-05-23,1,0.1,Mobile App
ORD01211,CUST006,PROD015,2024-05-17,2024-05-19,1,0.0,Online
ORD01212,CUST450,PROD011,2024-05-17,2024-05-20,1,0.2,Online
ORD01213,CUST062,PROD014,2024-05-17,2024-05-18,2,0.2,Retail Store
ORD01214,CUST238,PROD008,2024-05-17,2024-05-20,2,0.15,Mobile App
ORD01215,CUST168,PROD019,2024-05-18,2024-05-24,4,0.0,Retail Store
ORD01216,CUST496,PROD006,2024-05-18,2024-05-24,1,0.0,Online
ORD01217,CUST122,PROD020,2024-05-18,2024-05-20,2,0.15,Retail Store
ORD01218,CUST448,PROD017,2024-05-18,2024-05-22,1,0.05,Online
ORD01219,CUST461,PROD004,2024-05-18,2024-05-22,3,0.0,Retail Store
ORD01220,CUST484,PROD002,2024-05-18,2024-05-21,4,0.15,Online
ORD01221,CUST237,PROD013,2024-05-18,2024-05-20,2,0.05,Online
ORD01222,CUST159,PROD017,2024-05-18,2024-05-22,4,0.2,Online
ORD01223,CUST017,PROD014,2024-05-18,2024-05-22,1,0.2,Online
ORD01224,CUST175,PROD009,2024-05-19,2024-05-24,1,0.05,Online
ORD01225,CUST417,PROD013,2024-05-19,2024-05-24,2,0.0,Mobile App
ORD01226,CUST480,PROD015,2024-05-19,2024-05-20,2,0.0,Online
ORD01227,CUST496,PROD016,2024-05-19,2024-05-21,3,0.15,Online
ORD01228,CUST037,PROD011,2024-05-19,2024-05-25,1,0.0,Online
ORD01229,CUST082,PROD009,2024-05-19,2024-05-20,1,0.2,Mobile App
ORD01230,CUST255,PROD004,2024-05-19,2024-05-25,2,0.0,Mobile App
ORD01231,CUST373,PROD007,2024-05-19,2024-05-25,1,0.05,Retail Store
ORD01232,CUST026,PROD007,2024-05-19,2024-05-23,2,0.15,Online
ORD01233,CUST337,PROD014,2024-05-19,2024-05-20,1,0.2,Mobile App
ORD01234,CUST290,PROD012,2024-05-20,2024-05-25,2,0.0,Mobile App
ORD01235,CUST067,PROD020,2024-05-20,2024-05-23,1,0.2,Online
ORD01236,CUST224,PROD006,2024-05-20,2024-05-22,2,0.1,Retail Store
ORD01237,CUST096,PROD008,2024-05-20,2024-05-21,1,0.0,Retail Store
ORD01238,CUST022,PROD014,2024-05-20,2024-05-23,1,0.0,Retail Store
ORD01239,CUST431,PROD004,2024-05-20,2024-05-23,1,0.0,Online
ORD01240,CUST407,PROD011,2024-05-21,2024-05-27,3,0.05,Mobile App
ORD01241,CUST098,PROD020,2024-05-21,2024-05-27,2,0.0,Online
ORD01242,CUST365,PROD011,2024-05-21,2024-05-26,1,0.0,Mobile App
ORD01243,CUST425,PROD004,2024-05-21,2024-05-24,1,0.0,Retail Store
ORD01244,CUST413,PROD005,2024-05-21,2024-05-25,2,0.15,Retail Store
ORD01245,CUST269,PROD013,2024-05-21,2024-05-23,1,0.0,Mobile App
ORD01246,CUST216,PROD008,2024-05-21,2024-05-25,1,0.05,Mobile App
ORD01247,CUST022,PROD001,2024-05-21,2024-05-25,1,0.05,Online
ORD01248,CUST143,PROD010,2024-05-21,2024-05-23,4,0.05,Retail Store
ORD01249,CUST038,PROD019,2024-05-22,2024-05-25,1,0.05,Retail Store
ORD01250,CUST052,PROD006,2024-05-22,2024-05-24,2,0.1,Retail Store
ORD01251,CUST459,PROD014,2024-05-22,2024-05-27,1,0.0,Online
ORD01252,CUST259,PROD014,2024-05-22,2024-05-28,1,0.0,Online
ORD01253,CUST164,PROD001,2024-05-22,2024-05-28,4,0.0,Mobile App
ORD01254,CUST049,PROD018,2024-05-22,2024-05-27,2,0.0,Retail Store
ORD01255,CUST209,PROD013,2024-05-22,2024-05-23,1,0.15,Mobile App
ORD01256,CUST345,PROD016,2024-05-22,2024-05-28,1,0.0,Retail Store
ORD01257,CUST203,PROD017,2024-05-23,2024-05-26,3,0.1,Retail Store
ORD01258,CUST045,PROD004,2024-05-23,2024-05-24,1,0.05,Mobile App
ORD01259,CUST252,PROD007,2024-05-23,2024-05-25,2,0.0,Retail Store
ORD01260,CUST206,PROD001,2024-05-23,2024-05-25,1,0.1,Retail Store
ORD01261,CUST446,PROD006,2024-05-23,2024-05-25,1,0.0,Online
ORD01262,CUST341,PROD018,2024-05-23,2024-05-29,1,0.15,Mobile App
ORD01263,CUST274,PROD015,2024-05-23,2024-05-28,1,0.0,Retail Store
ORD01264,CUST387,PROD014,2024-05-23,2024-05-25,1,0.0,Online
ORD01265,CUST432,PROD014,2024-05-24,2024-05-30,2,0.15,Online
ORD01266,CUST255,PROD005,2024-05-24,2024-05-26,1,0.05,Retail Store
ORD01267,CUST281,PROD010,2024-05-24,2024-05-27,1,0.05,Retail Store
ORD01268,CUST231,PROD008,2024-05-24,2024-05-25,1,0.05,Retail Store
ORD01269,CUST375,PROD018,2024-05-24,2024-05-27,4,0.0,Retail Store
ORD01270,CUST363,PROD003,2024-05-24,2024-05-29,3,0.1,Mobile App
ORD01271,CUST333,PROD006,2024-05-24,2024-05-27,1,0.0,Retail Store
ORD01272,CUST439,PROD019,2024-05-24,2024-05-28,1,0.1,Mobile App
ORD01273,CUST367,PROD009,2024-05-24,2024-05-26,1,0.0,Mobile App
ORD01274,CUST166,PROD002,2024-05-24,2024-05-28,1,0.0,Online
ORD01275,CUST077,PROD013,2024-05-24,2024-05-25,1,0.1,Online
ORD01276,CUST264,PROD001,2024-05-24,2024-05-29,1,0.2,Mobile App
ORD01277,CUST189,PROD008,2024-05-25,2024-05-31,1,0.0,Mobile App
ORD01278,CUST023,PROD005,2024-05-25,2024-05-30,1,0.15,Mobile App
ORD01279,CUST106,PROD015,2024-05-25,2024-05-31,1,0.0,Online
ORD01280,CUST212,PROD017,2024-05-25,2024-05-27,1,0.1,Mobile App
ORD01281,CUST053,PROD013,2024-05-25,2024-05-27,4,0.0,Retail Store
ORD01282,CUST469,PROD016,2024-05-25,2024-05-30,1,0.15,Mobile App
ORD01283,CUST253,PROD006,2024-05-25,2024-05-30,3,0.0,Retail Store
ORD01284,CUST139,PROD003,2024-05-25,2024-05-31,3,0.15,Retail Store
ORD01285,CUST225,PROD014,2024-05-25,2024-05-29,2,0.0,Mobile App
ORD01286,CUST077,PROD010,2024-05-25,2024-05-29,1,0.0,Online
ORD01287,CUST260,PROD016,2024-05-25,2024-05-27,2,0.0,Mobile App
ORD01288,CUST252,PROD002,2024-05-25,2024-05-31,1,0.0,Online
ORD01289,CUST278,PROD003,2024-05-25,2024-05-30,1,0.15,Mobile App
ORD01290,CUST328,PROD001,2024-05-26,2024-05-29,1,0.1,Mobile App
ORD01291,CUST369,PROD007,2024-05-26,2024-05-31,1,0.1,Online
ORD01292,CUST103,PROD020,2024-05-26,2024-06-01,1,0.0,Retail Store
ORD01293,CUST125,PROD017,2024-05-26,2024-05-30,1,0.0,Retail Store
ORD01294,CUST094,PROD001,2024-05-26,2024-06-01,1,0.2,Online
ORD01295,CUST460,PROD012,2024-05-26,2024-05-27,3,0.15,Retail Store
ORD01296,CUST253,PROD020,2024-05-27,2024-06-02,2,0.0,Retail Store
ORD01297,CUST383,PROD002,2024-05-27,2024-05-31,2,0.0,Online
ORD01298,CUST284,PROD018,2024-05-27,2024-05-29,3,0.0,Retail Store
ORD01299,CUST160,PROD011,2024-05-27,2024-06-02,4,0.0,Retail Store
ORD01300,CUST268,PROD018,2024-05-27,2024-05-29,2,0.05,Retail Store
ORD01301,CUST326,PROD009,2024-05-27,2024-05-29,2,0.0,Online
ORD01302,CUST081,PROD016,2024-05-28,2024-06-03,1,0.1,Online
ORD01303,CUST248,PROD010,2024-05-28,2024-05-30,1,0.15,Online
ORD01304,CUST431,PROD007,2024-05-28,2024-05-30,1,0.0,Mobile App
ORD01305,CUST066,PROD003,2024-05-28,2024-06-03,2,0.1,Mobile App
ORD01306,CUST466,PROD017,2024-05-29,2024-05-31,1,0.2,Online
ORD01307,CUST486,PROD016,2024-05-29,2024-06-04,1,0.1,Online
ORD01308,CUST292,PROD013,2024-05-29,2024-05-30,1,0.15,Mobile App
ORD01309,CUST009,PROD010,2024-05-29,2024-06-02,2,0.1,Mobile App
ORD01310,CUST147,PROD009,2024-05-29,2024-05-30,2,0.0,Online
ORD01311,CUST033,PROD006,2024-05-29,2024-06-01,1,0.2,Retail Store
ORD01312,CUST208,PROD009,2024-05-29,2024-06-04,1,0.0,Mobile App
ORD01313,CUST138,PROD016,2024-05-29,2024-05-30,1,0.0,Mobile App
ORD01314,CUST444,PROD007,2024-05-29,2024-06-01,2,0.2,Online
ORD01315,CUST283,PROD018,2024-05-29,2024-06-01,2,0.0,Mobile App
ORD01316,CUST108,PROD019,2024-05-30,2024-05-31,2,0.0,Mobile App
ORD01317,CUST038,PROD018,2024-05-30,2024-06-03,1,0.2,Retail Store
ORD01318,CUST477,PROD017,2024-05-30,2024-06-01,1,0.05,Retail Store
ORD01319,CUST256,PROD015,2024-05-30,2024-06-04,1,0.15,Retail Store
ORD01320,CUST046,PROD010,2024-05-30,2024-06-02,1,0.05,Retail Store
ORD01321,CUST477,PROD013,2024-05-30,2024-06-04,2,0.0,Mobile App
ORD01322,CUST172,PROD020,2024-05-30,2024-05-31,2,0.2,Retail Store
ORD01323,CUST202,PROD018,2024-05-30,2024-06-02,1,0.1,Retail Store
ORD01324,CUST244,PROD011,2024-05-30,2024-05-31,1,0.15,Online
ORD01325,CUST262,PROD009,2024-05-30,2024-06-03,1,0.0,Mobile App
ORD01326,CUST214,PROD014,2024-05-31,2024-06-01,1,0.0,Retail Store
ORD01327,CUST222,PROD015,2024-05-31,2024-06-06,1,0.0,Retail Store
ORD01328,CUST026,PROD006,2024-05-31,2024-06-01,2,0.0,Online
ORD01329,CUST190,PROD011,2024-05-31,2024-06-05,3,0.05,Retail Store
ORD01330,CUST373,PROD001,2024-05-31,2024-06-05,1,0.15,Online
ORD01331,CUST239,PROD012,2024-05-31,2024-06-04,2,0.0,Mobile App
ORD01332,CUST423,PROD017,2024-05-31,2024-06-06,1,0.0,Mobile App
ORD01333,CUST477,PROD014,2024-05-31,2024-06-06,1,0.0,Retail Store
ORD01334,CUST185,PROD013,2024-05-31,2024-06-06,3,0.0,Mobile App
ORD01335,CUST428,PROD011,2024-05-31,2024-06-01,2,0.0,Mobile App
ORD01336,CUST012,PROD016,2024-05-31,2024-06-03,3,0.1,Mobile App
ORD01337,CUST076,PROD011,2024-05-31,2024-06-04,1,0.2,Mobile App
ORD01338,CUST403,PROD013,2024-05-31,2024-06-02,1,0.05,Retail Store
ORD01339,CUST159,PROD006,2024-06-01,2024-06-02,1,0.1,Retail Store
ORD01340,CUST014,PROD017,2024-06-01,2024-06-05,1,0.0,Online
ORD01341,CUST407,PROD012,2024-06-01,2024-06-02,1,0.05,Online
ORD01342,CUST481,PROD002,2024-06-01,2024-06-05,1,0.15,Online
ORD01343,CUST442,PROD019,2024-06-01,2024-06-02,1,0.0,Retail Store
ORD01344,CUST342,PROD015,2024-06-01,2024-06-07,1,0.2,Retail Store
ORD01345,CUST266,PROD015,2024-06-01,2024-06-06,3,0.0,Mobile App
ORD01346,CUST230,PROD005,2024-06-01,2024-06-07,1,0.2,Mobile App
ORD01347,CUST271,PROD001,2024-06-01,2024-06-02,1,0.15,Retail Store
ORD01348,CUST010,PROD016,2024-06-01,2024-06-07,2,0.0,Retail Store
ORD01349,CUST247,PROD009,2024-06-01,2024-06-07,2,0.0,Mobile App
ORD01350,CUST235,PROD018,2024-06-01,2024-06-07,1,0.0,Online
ORD01351,CUST125,PROD005,2024-06-01,2024-06-02,2,0.2,Online
ORD01352,CUST208,PROD019,2024-06-02,2024-06-08,1,0.15,Online
ORD01353,CUST236,PROD011,2024-06-02,2024-06-05,2,0.1,Online
ORD01354,CUST348,PROD014,2024-06-02,2024-06-08,2,0.1,Mobile App
ORD01355,CUST067,PROD002,2024-06-02,2024-06-05,1,0.0,Mobile App
ORD01356,CUST168,PROD005,2024-06-02,2024-06-07,1,0.0,Online
ORD01357,CUST473,PROD018,2024-06-02,2024-06-04,1,0.1,Online
ORD01358,CUST166,PROD002,2024-06-02,2024-06-04,1,0.2,Retail Store
ORD01359,CUST291,PROD013,2024-06-03,2024-06-06,1,0.05,Mobile App
ORD01360,CUST464,PROD006,2024-06-03,2024-06-08,3,0.0,Online
ORD01361,CUST294,PROD006,2024-06-03,2024-06-08,1,0.0,Mobile App
ORD01362,CUST214,PROD006,2024-06-03,2024-06-04,1,0.0,Mobile App
ORD01363,CUST243,PROD011,2024-06-03,2024-06-09,3,0.15,Mobile App
ORD01364,CUST004,PROD006,2024-06-03,2024-06-04,1,0.15,Retail Store
ORD01365,CUST354,PROD017,2024-06-03,2024-06-06,4,0.05,Online
ORD01366,CUST474,PROD005,2024-06-04,2024-06-10,1,0.2,Mobile App
ORD01367,CUST224,PROD014,2024-06-04,2024-06-09,1,0.2,Mobile App
ORD01368,CUST478,PROD009,2024-06-04,2024-06-06,1,0.0,Online
ORD01369,CUST254,PROD011,2024-06-04,2024-06-10,2,0.05,Online
ORD01370,CUST200,PROD009,2024-06-04,2024-06-10,1,0.05,Retail Store
ORD01371,CUST316,PROD013,2024-06-04,2024-06-06,3,0.0,Online
ORD01372,CUST310,PROD011,2024-06-05,2024-06-08,2,0.0,Online
ORD01373,CUST133,PROD013,2024-06-05,2024-06-08,1,0.05,Online
ORD01374,CUST153,PROD012,2024-06-05,2024-06-10,2,0.1,Mobile App
ORD01375,CUST171,PROD016,2024-06-05,2024-06-11,3,0.15,Mobile App
ORD01376,CUST233,PROD016,2024-06-05,2024-06-09,1,0.0,Online
ORD01377,CUST201,PROD013,2024-06-05,2024-06-08,1,0.0,Online
ORD01378,CUST467,PROD009,2024-06-05,2024-06-07,2,0.1,Online
ORD01379,CUST371,PROD006,2024-06-05,2024-06-10,3,0.0,Online
ORD01380,CUST258,PROD008,2024-06-05,2024-06-06,2,0.05,Mobile App
ORD01381,CUST157,PROD019,2024-06-05,2024-06-10,1,0.2,Mobile App
ORD01382,CUST196,PROD006,2024-06-05,2024-06-06,1,0.1,Mobile App
ORD01383,CUST305,PROD018,2024-06-05,2024-06-10,2,0.0,Mobile App
ORD01384,CUST072,PROD007,2024-06-06,2024-06-12,4,0.0,Retail Store
ORD01385,CUST428,PROD014,2024-06-06,2024-06-12,1,0.0,Mobile App
ORD01386,CUST473,PROD005,2024-06-06,2024-06-09,1,0.2,Retail Store
ORD01387,CUST098,PROD010,2024-06-06,2024-06-07,1,0.1,Retail Store
ORD01388,CUST014,PROD001,2024-06-06,2024-06-09,1,0.15,Retail Store
ORD01389,CUST393,PROD018,2024-06-06,2024-06-11,1,0.05,Retail Store
ORD01390,CUST431,PROD014,2024-06-06,2024-06-09,4,0.15,Online
ORD01391,CUST270,PROD007,2024-06-06,2024-06-08,1,0.0,Mobile App
ORD01392,CUST090,PROD018,2024-06-07,2024-06-10,1,0.0,Mobile App
ORD01393,CUST491,PROD018,2024-06-07,2024-06-08,2,0.0,Retail Store
ORD01394,CUST099,PROD020,2024-06-07,2024-06-12,3,0.05,Retail Store
ORD01395,CUST126,PROD018,2024-06-07,2024-06-13,4,0.0,Mobile App
ORD01396,CUST048,PROD005,2024-06-07,2024-06-13,1,0.2,Retail Store
ORD01397,CUST138,PROD008,2024-06-07,2024-06-13,1,0.15,Mobile App
ORD01398,CUST298,PROD013,2024-06-08,2024-06-12,1,0.15,Mobile App
ORD01399,CUST019,PROD017,2024-06-08,2024-06-11,1,0.0,Mobile App
ORD01400,CUST338,PROD007,2024-06-08,2024-06-14,1,0.0,Online
ORD01401,CUST059,PROD007,2024-06-08,2024-06-14,1,0.0,Mobile App
ORD01402,CUST294,PROD012,2024-06-08,2024-06-14,3,0.05,Online
ORD01403,CUST217,PROD006,2024-06-08,2024-06-09,1,0.0,Online
ORD01404,CUST115,PROD001,2024-06-08,2024-06-10,1,0.2,Online
ORD01405,CUST088,PROD014,2024-06-09,2024-06-10,2,0.1,Retail Store
ORD01406,CUST311,PROD013,2024-06-09,2024-06-13,3,0.2,Mobile App
ORD01407,CUST039,PROD011,2024-06-09,2024-06-14,1,0.05,Retail Store
ORD01408,CUST244,PROD003,2024-06-09,2024-06-15,1,0.15,Retail Store
ORD01409,CUST477,PROD004,2024-06-09,2024-06-10,2,0.15,Retail Store
ORD01410,CUST134,PROD002,2024-06-09,2024-06-12,2,0.1,Retail Store
ORD01411,CUST116,PROD006,2024-06-09,2024-06-12,4,0.0,Online
ORD01412,CUST286,PROD020,2024-06-09,2024-06-11,1,0.0,Mobile App
ORD01413,CUST007,PROD015,2024-06-09,2024-06-13,1,0.05,Online
ORD01414,CUST358,PROD008,2024-06-09,2024-06-12,2,0.05,Retail Store
ORD01415,CUST311,PROD014,2024-06-09,2024-06-10,1,0.0,Online
ORD01416,CUST336,PROD019,2024-06-10,2024-06-13,1,0.1,Retail Store
ORD01417,CUST047,PROD003,2024-06-10,2024-06-15,3,0.15,Retail Store
ORD01418,CUST086,PROD012,2024-06-10,2024-06-13,2,0.1,Retail Store
ORD01419,CUST366,PROD015,2024-06-10,2024-06-11,1,0.0,Online
ORD01420,CUST343,PROD001,2024-06-10,2024-06-16,1,0.2,Mobile App
ORD01421,CUST152,PROD002,2024-06-10,2024-06-11,3,0.2,Mobile App
ORD01422,CUST419,PROD001,2024-06-10,2024-06-12,1,0.1,Online
ORD01423,CUST209,PROD016,2024-06-11,2024-06-15,1,0.0,Mobile App
ORD01424,CUST222,PROD015,2024-06-11,2024-06-12,2,0.2,Online
ORD01425,CUST087,PROD014,2024-06-11,2024-06-17,1,0.1,Retail Store
ORD01426,CUST127,PROD009,2024-06-11,2024-06-13,1,0.05,Online
ORD01427,CUST255,PROD013,2024-06-11,2024-06-14,2,0.2,Retail Store
ORD01428,CUST452,PROD010,2024-06-11,2024-06-14,1,0.0,Mobile App
ORD01429,CUST445,PROD001,2024-06-11,2024-06-13,3,0.0,Mobile App
ORD01430,CUST290,PROD015,2024-06-11,2024-06-14,3,0.1,Mobile App
ORD01431,CUST162,PROD007,2024-06-11,2024-06-15,1,0.15,Retail Store
ORD01432,CUST299,PROD014,2024-06-11,2024-06-15,1,0.1,Online
ORD01433,CUST013,PROD015,2024-06-11,2024-06-17,2,0.1,Mobile App
ORD01434,CUST290,PROD007,2024-06-12,2024-06-15,1,0.2,Online
ORD01435,CUST246,PROD003,2024-06-12,2024-06-14,3,0.0,Online
ORD01436,CUST492,PROD013,2024-06-12,2024-06-14,1,0.15,Online
ORD01437,CUST277,PROD003,2024-06-12,2024-06-17,1,0.05,Online
ORD01438,CUST432,PROD009,2024-06-12,2024-06-16,1,0.05,Mobile App
ORD01439,CUST227,PROD013,2024-06-12,2024-06-13,1,0.0,Mobile App
ORD01440,CUST197,PROD010,2024-06-12,2024-06-18,2,0.15,Online
ORD01441,CUST072,PROD015,2024-06-12,2024-06-14,1,0.1,Retail Store
ORD01442,CUST349,PROD004,2024-06-12,2024-06-17,1,0.15,Mobile App
ORD01443,CUST053,PROD010,2024-06-12,2024-06-17,1,0.1,Mobile App
ORD01444,CUST003,PROD016,2024-06-12,2024-06-15,1,0.1,Retail Store
ORD01445,CUST088,PROD013,2024-06-13,2024-06-19,1,0.0,Mobile App
ORD01446,CUST421,PROD002,2024-06-13,2024-06-15,3,0.0,Online
ORD01447,CUST351,PROD002,2024-06-13,2024-06-17,4,0.0,Online
ORD01448,CUST320,PROD012,2024-06-13,2024-06-19,1,0.15,Retail Store
ORD01449,CUST210,PROD010,2024-06-13,2024-06-14,1,0.0,Retail Store
ORD01450,CUST054,PROD004,2024-06-13,2024-06-16,3,0.0,Retail Store
ORD01451,CUST352,PROD015,2024-06-13,2024-06-17,3,0.05,Online
ORD01452,CUST355,PROD005,2024-06-14,2024-06-16,1,0.0,Retail Store
ORD01453,CUST197,PROD002,2024-06-14,2024-06-19,1,0.0,Mobile App
ORD01454,CUST087,PROD010,2024-06-14,2024-06-15,1,0.0,Mobile App
ORD01455,CUST146,PROD014,2024-06-15,2024-06-16,3,0.0,Online
ORD01456,CUST287,PROD002,2024-06-15,2024-06-20,1,0.1,Online
ORD01457,CUST284,PROD020,2024-06-15,2024-06-20,1,0.0,Retail Store
ORD01458,CUST242,PROD002,2024-06-15,2024-06-18,1,0.05,Online
ORD01459,CUST009,PROD009,2024-06-15,2024-06-20,1,0.0,Mobile App
ORD01460,CUST087,PROD016,2024-06-15,2024-06-16,1,0.1,Online
ORD01461,CUST389,PROD008,2024-06-15,2024-06-19,1,0.2,Online
ORD01462,CUST478,PROD019,2024-06-15,2024-06-17,2,0.0,Retail Store
ORD01463,CUST289,PROD014,2024-06-16,2024-06-21,1,0.0,Retail Store
ORD01464,CUST457,PROD001,2024-06-16,2024-06-22,3,0.0,Retail Store
ORD01465,CUST148,PROD007,2024-06-16,2024-06-18,1,0.2,Online
ORD01466,CUST113,PROD015,2024-06-16,2024-06-17,1,0.05,Online
ORD01467,CUST203,PROD008,2024-06-16,2024-06-22,2,0.05,Mobile App
ORD01468,CUST259,PROD009,2024-06-16,2024-06-17,3,0.15,Online
ORD01469,CUST331,PROD017,2024-06-16,2024-06-17,1,0.0,Online
ORD01470,CUST016,PROD012,2024-06-16,2024-06-17,1,0.2,Online
ORD01471,CUST274,PROD014,2024-06-16,2024-06-20,2,0.0,Online
ORD01472,CUST296,PROD012,2024-06-16,2024-06-21,2,0.1,Retail Store
ORD01473,CUST411,PROD010,2024-06-16,2024-06-18,1,0.15,Online
ORD01474,CUST427,PROD011,2024-06-16,2024-06-17,2,0.1,Retail Store
ORD01475,CUST337,PROD003,2024-06-16,2024-06-19,2,0.05,Retail Store
ORD01476,CUST104,PROD010,2024-06-16,2024-06-20,4,0.0,Online
ORD01477,CUST304,PROD017,2024-06-16,2024-06-19,1,0.05,Retail Store
ORD01478,CUST364,PROD002,2024-06-17,2024-06-20,1,0.1,Mobile App
ORD01479,CUST210,PROD015,2024-06-17,2024-06-20,1,0.0,Mobile App
ORD01480,CUST478,PROD015,2024-06-17,2024-06-22,1,0.1,Mobile App
ORD01481,CUST431,PROD015,2024-06-17,2024-06-20,2,0.0,Retail Store
ORD01482,CUST084,PROD009,2024-06-17,2024-06-20,1,0.0,Online
ORD01483,CUST184,PROD007,2024-06-17,2024-06-21,1,0.0,Retail Store
ORD01484,CUST443,PROD018,2024-06-17,2024-06-21,1,0.0,Mobile App
ORD01485,CUST494,PROD010,2024-06-17,2024-06-19,1,0.05,Mobile App
ORD01486,CUST171,PROD001,2024-06-18,2024-06-21,3,0.0,Mobile App
ORD01487,CUST390,PROD001,2024-06-18,2024-06-21,3,0.2,Retail Store
ORD01488,CUST113,PROD015,2024-06-18,2024-06-24,1,0.0,Retail Store
ORD01489,CUST159,PROD017,2024-06-18,2024-06-19,4,0.0,Retail Store
ORD01490,CUST123,PROD003,2024-06-18,2024-06-23,1,0.15,Mobile App
ORD01491,CUST235,PROD013,2024-06-18,2024-06-22,1,0.0,Online
ORD01492,CUST483,PROD002,2024-06-18,2024-06-21,1,0.1,Retail Store
ORD01493,CUST142,PROD005,2024-06-19,2024-06-20,1,0.15,Retail Store
ORD01494,CUST087,PROD003,2024-06-19,2024-06-21,2,0.05,Retail Store
ORD01495,CUST011,PROD006,2024-06-19,2024-06-23,2,0.0,Retail Store
ORD01496,CUST384,PROD004,2024-06-19,2024-06-21,1,0.0,Online
ORD01497,CUST210,PROD010,2024-06-19,2024-06-24,1,0.2,Online
ORD01498,CUST406,PROD020,2024-06-19,2024-06-25,2,0.2,Mobile App
ORD01499,CUST485,PROD017,2024-06-19,2024-06-22,1,0.15,Online
ORD01500,CUST125,PROD017,2024-06-19,2024-06-20,1,0.0,Mobile App
ORD01501,CUST225,PROD014,2024-06-19,2024-06-23,1,0.05,Mobile App
ORD01502,CUST075,PROD019,2024-06-19,2024-06-25,1,0.15,Retail Store
ORD01503,CUST265,PROD009,2024-06-19,2024-06-22,1,0.2,Mobile App
ORD01504,CUST071,PROD017,2024-06-19,2024-06-21,2,0.2,Mobile App
ORD01505,CUST016,PROD007,2024-06-20,2024-06-22,1,0.1,Retail Store
ORD01506,CUST486,PROD004,2024-06-20,2024-06-25,1,0.15,Online
ORD01507,CUST275,PROD019,2024-06-20,2024-06-23,2,0.0,Mobile App
ORD01508,CUST269,PROD017,2024-06-20,2024-06-22,2,0.0,Mobile App
ORD01509,CUST499,PROD016,2024-06-20,2024-06-26,2,0.05,Retail Store
ORD01510,CUST089,PROD001,2024-06-20,2024-06-22,1,0.0,Online
ORD01511,CUST391,PROD013,2024-06-20,2024-06-24,2,0.0,Retail Store
ORD01512,CUST489,PROD007,2024-06-20,2024-06-24,1,0.0,Online
ORD01513,CUST408,PROD013,2024-06-21,2024-06-24,1,0.1,Mobile App
ORD01514,CUST464,PROD005,2024-06-21,2024-06-23,3,0.1,Retail Store
ORD01515,CUST350,PROD013,2024-06-21,2024-06-25,1,0.0,Mobile App
ORD01516,CUST073,PROD014,2024-06-21,2024-06-27,1,0.0,Mobile App
ORD01517,CUST252,PROD015,2024-06-21,2024-06-27,2,0.0,Online
ORD01518,CUST487,PROD005,2024-06-21,2024-06-22,1,0.0,Mobile App
ORD01519,CUST313,PROD019,2024-06-21,2024-06-24,1,0.05,Retail Store
ORD01520,CUST394,PROD016,2024-06-21,2024-06-23,1,0.05,Mobile App
ORD01521,CUST168,PROD016,2024-06-21,2024-06-24,1,0.0,Online
ORD01522,CUST491,PROD014,2024-06-21,2024-06-22,1,0.2,Online
ORD01523,CUST425,PROD004,2024-06-21,2024-06-26,1,0.0,Mobile App
ORD01524,CUST448,PROD015,2024-06-21,2024-06-25,4,0.05,Retail Store
ORD01525,CUST370,PROD017,2024-06-22,2024-06-24,1,0.0,Online
ORD01526,CUST059,PROD011,2024-06-22,2024-06-23,1,0.0,Mobile App
ORD01527,CUST112,PROD005,2024-06-22,2024-06-28,4,0.2,Retail Store
ORD01528,CUST183,PROD013,2024-06-23,2024-06-29,2,0.2,Retail Store
ORD01529,CUST492,PROD019,2024-06-23,2024-06-26,1,0.05,Online
ORD01530,CUST120,PROD001,2024-06-23,2024-06-25,1,0.1,Mobile App
ORD01531,CUST418,PROD016,2024-06-23,2024-06-25,1,0.0,Retail Store
ORD01532,CUST105,PROD006,2024-06-23,2024-06-29,1,0.1,Mobile App
ORD01533,CUST156,PROD003,2024-06-23,2024-06-28,4,0.0,Mobile App
ORD01534,CUST113,PROD005,2024-06-23,2024-06-28,1,0.2,Mobile App
ORD01535,CUST473,PROD003,2024-06-23,2024-06-27,1,0.05,Retail Store
ORD01536,CUST234,PROD020,2024-06-23,2024-06-28,1,0.2,Online
ORD01537,CUST073,PROD008,2024-06-23,2024-06-28,2,0.1,Online
ORD01538,CUST365,PROD004,2024-06-23,2024-06-25,1,0.15,Online
ORD01539,CUST336,PROD015,2024-06-24,2024-06-26,1,0.0,Retail Store
ORD01540,CUST408,PROD013,2024-06-24,2024-06-27,2,0.15,Mobile App
ORD01541,CUST194,PROD001,2024-06-24,2024-06-27,1,0.0,Retail Store
ORD01542,CUST294,PROD008,2024-06-24,2024-06-25,1,0.0,Retail Store
ORD01543,CUST104,PROD003,2024-06-24,2024-06-30,1,0.15,Mobile App
ORD01544,CUST192,PROD003,2024-06-25,2024-06-27,2,0.05,Online
ORD01545,CUST133,PROD019,2024-06-25,2024-06-26,2,0.0,Online
ORD01546,CUST353,PROD020,2024-06-25,2024-07-01,2,0.2,Retail Store
ORD01547,CUST253,PROD004,2024-06-25,2024-06-27,1,0.05,Mobile App
ORD01548,CUST268,PROD011,2024-06-25,2024-07-01,1,0.15,Online
ORD01549,CUST410,PROD010,2024-06-25,2024-07-01,2,0.2,Mobile App
ORD01550,CUST181,PROD004,2024-06-25,2024-06-28,1,0.0,Online
ORD01551,CUST064,PROD019,2024-06-25,2024-06-26,1,0.05,Mobile App
ORD01552,CUST167,PROD006,2024-06-25,2024-06-27,1,0.1,Retail Store
ORD01553,CUST186,PROD008,2024-06-25,2024-07-01,3,0.2,Online
ORD01554,CUST281,PROD007,2024-06-26,2024-06-27,3,0.0,Retail Store
ORD01555,CUST128,PROD002,2024-06-26,2024-06-29,2,0.0,Online
ORD01556,CUST356,PROD008,2024-06-26,2024-07-02,2,0.15,Retail Store
ORD01557,CUST426,PROD019,2024-06-26,2024-07-02,4,0.2,Mobile App
ORD01558,CUST283,PROD001,2024-06-26,2024-06-28,1,0.05,Mobile App
ORD01559,CUST298,PROD017,2024-06-26,2024-06-27,2,0.0,Retail Store
ORD01560,CUST193,PROD011,2024-06-26,2024-06-30,3,0.0,Retail Store
ORD01561,CUST176,PROD014,2024-06-26,2024-06-28,4,0.0,Mobile App
ORD01562,CUST406,PROD016,2024-06-26,2024-06-30,2,0.15,Retail Store
ORD01563,CUST240,PROD018,2024-06-26,2024-06-30,1,0.0,Retail Store
ORD01564,CUST144,PROD015,2024-06-26,2024-06-28,1,0.15,Retail Store
ORD01565,CUST113,PROD013,2024-06-27,2024-07-01,2,0.1,Mobile App
ORD01566,CUST158,PROD017,2024-06-27,2024-07-03,1,0.2,Retail Store
ORD01567,CUST128,PROD002,2024-06-27,2024-07-02,1,0.05,Retail Store
ORD01568,CUST061,PROD011,2024-06-27,2024-06-29,1,0.2,Online
ORD01569,CUST380,PROD009,2024-06-27,2024-06-28,1,0.0,Online
ORD01570,CUST379,PROD002,2024-06-28,2024-07-02,3,0.0,Online
ORD01571,CUST291,PROD007,2024-06-28,2024-07-03,3,0.05,Mobile App
ORD01572,CUST406,PROD007,2024-06-28,2024-06-30,1,0.2,Online
ORD01573,CUST361,PROD020,2024-06-28,2024-06-29,1,0.15,Online
ORD01574,CUST283,PROD004,2024-06-28,2024-07-04,2,0.2,Mobile App
ORD01575,CUST175,PROD009,2024-06-28,2024-07-01,1,0.15,Online
ORD01576,CUST398,PROD013,2024-06-29,2024-07-05,1,0.15,Online
ORD01577,CUST144,PROD018,2024-06-29,2024-07-05,1,0.0,Mobile App
ORD01578,CUST015,PROD003,2024-06-29,2024-07-05,2,0.0,Mobile App
ORD01579,CUST472,PROD010,2024-06-29,2024-07-05,1,0.05,Retail Store
ORD01580,CUST050,PROD015,2024-06-29,2024-07-02,4,0.0,Retail Store
ORD01581,CUST338,PROD018,2024-06-29,2024-07-05,3,0.15,Mobile App
ORD01582,CUST339,PROD016,2024-06-29,2024-07-04,2,0.15,Retail Store
ORD01583,CUST124,PROD019,2024-06-29,2024-07-03,1,0.0,Mobile App
ORD01584,CUST317,PROD015,2024-06-29,2024-07-01,1,0.1,Mobile App
ORD01585,CUST216,PROD006,2024-06-30,2024-07-01,2,0.15,Mobile App
ORD01586,CUST341,PROD013,2024-06-30,2024-07-04,2,0.05,Online
ORD01587,CUST404,PROD018,2024-06-30,2024-07-04,2,0.0,Online
ORD01588,CUST468,PROD013,2024-06-30,2024-07-04,1,0.0,Mobile App
ORD01589,CUST073,PROD008,2024-06-30,2024-07-05,1,0.1,Online
ORD01590,CUST371,PROD013,2024-06-30,2024-07-06,1,0.15,Retail Store
ORD01591,CUST283,PROD018,2024-06-30,2024-07-04,1,0.0,Mobile App
ORD01592,CUST192,PROD019,2024-06-30,2024-07-04,2,0.2,Online
ORD01593,CUST361,PROD011,2024-06-30,2024-07-06,2,0.1,Online
ORD01594,CUST446,PROD007,2024-07-01,2024-07-04,2,0.1,Online
ORD01595,CUST154,PROD008,2024-07-01,2024-07-05,1,0.15,Online
ORD01596,CUST310,PROD005,2024-07-01,2024-07-05,1,0.1,Online
ORD01597,CUST015,PROD017,2024-07-01,2024-07-07,2,0.0,Mobile App
ORD01598,CUST199,PROD010,2024-07-01,2024-07-06,1,0.1,Mobile App
ORD01599,CUST368,PROD006,2024-07-01,2024-07-07,4,0.05,Online
ORD01600,CUST362,PROD010,2024-07-01,2024-07-04,1,0.0,Mobile App
ORD01601,CUST384,PROD009,2024-07-01,2024-07-06,1,0.05,Retail Store
ORD01602,CUST227,PROD014,2024-07-02,2024-07-05,2,0.15,Retail Store
ORD01603,CUST074,PROD017,2024-07-02,2024-07-08,1,0.0,Retail Store
ORD01604,CUST076,PROD009,2024-07-02,2024-07-04,1,0.0,Retail Store
ORD01605,CUST278,PROD009,2024-07-02,2024-07-05,1,0.0,Mobile App
ORD01606,CUST046,PROD003,2024-07-02,2024-07-08,2,0.0,Mobile App
ORD01607,CUST004,PROD001,2024-07-02,2024-07-03,2,0.1,Mobile App
ORD01608,CUST360,PROD002,2024-07-02,2024-07-07,1,0.0,Retail Store
ORD01609,CUST380,PROD015,2024-07-02,2024-07-04,2,0.0,Online
ORD01610,CUST166,PROD001,2024-07-02,2024-07-08,2,0.0,Online
ORD01611,CUST147,PROD014,2024-07-03,2024-07-05,2,0.15,Retail Store
ORD01612,CUST020,PROD020,2024-07-03,2024-07-09,1,0.0,Retail Store
ORD01613,CUST056,PROD003,2024-07-03,2024-07-09,1,0.05,Mobile App
ORD01614,CUST338,PROD006,2024-07-03,2024-07-05,2,0.0,Retail Store
ORD01615,CUST251,PROD009,2024-07-03,2024-07-04,2,0.0,Retail Store
ORD01616,CUST391,PROD018,2024-07-03,2024-07-04,2,0.1,Online
ORD01617,CUST447,PROD014,2024-07-03,2024-07-05,1,0.2,Retail Store
ORD01618,CUST100,PROD004,2024-07-04,2024-07-10,2,0.2,Online
ORD01619,CUST485,PROD013,2024-07-04,2024-07-07,2,0.15,Retail Store
ORD01620,CUST062,PROD005,2024-07-04,2024-07-05,1,0.2,Online
ORD01621,CUST033,PROD011,2024-07-04,2024-07-05,1,0.0,Mobile App
ORD01622,CUST199,PROD015,2024-07-04,2024-07-05,1,0.05,Online
ORD01623,CUST491,PROD004,2024-07-04,2024-07-07,4,0.05,Online
ORD01624,CUST328,PROD019,2024-07-05,2024-07-07,1,0.2,Online
ORD01625,CUST428,PROD013,2024-07-05,2024-07-06,1,0.2,Mobile App
ORD01626,CUST285,PROD014,2024-07-05,2024-07-07,1,0.05,Online
ORD01627,CUST060,PROD003,2024-07-05,2024-07-11,1,0.0,Retail Store
ORD01628,CUST004,PROD014,2024-07-05,2024-07-11,1,0.2,Online
ORD01629,CUST298,PROD013,2024-07-05,2024-07-08,2,0.1,Mobile App
ORD01630,CUST228,PROD009,2024-07-05,2024-07-09,2,0.0,Mobile App
ORD01631,CUST247,PROD009,2024-07-05,2024-07-07,2,0.0,Retail Store
ORD01632,CUST147,PROD019,2024-07-05,2024-07-06,2,0.05,Mobile App
ORD01633,CUST029,PROD017,2024-07-06,2024-07-08,1,0.0,Online
ORD01634,CUST223,PROD013,2024-07-06,2024-07-12,1,0.15,Online
ORD01635,CUST150,PROD018,2024-07-06,2024-07-10,1,0.15,Online
ORD01636,CUST199,PROD002,2024-07-06,2024-07-07,1,0.15,Retail Store
ORD01637,CUST434,PROD011,2024-07-06,2024-07-07,1,0.0,Retail Store
ORD01638,CUST384,PROD003,2024-07-06,2024-07-12,1,0.0,Retail Store
ORD01639,CUST478,PROD005,2024-07-06,2024-07-12,1,0.05,Mobile App
ORD01640,CUST023,PROD010,2024-07-06,2024-07-08,1,0.15,Retail Store
ORD01641,CUST023,PROD002,2024-07-06,2024-07-10,3,0.0,Mobile App
ORD01642,CUST437,PROD004,2024-07-07,2024-07-10,1,0.0,Retail Store
ORD01643,CUST386,PROD015,2024-07-07,2024-07-09,1,0.0,Mobile App
ORD01644,CUST140,PROD007,2024-07-07,2024-07-08,1,0.0,Retail Store
ORD01645,CUST003,PROD020,2024-07-07,2024-07-10,1,0.15,Retail Store
ORD01646,CUST109,PROD008,2024-07-07,2024-07-12,1,0.1,Retail Store
ORD01647,CUST212,PROD006,2024-07-07,2024-07-08,1,0.0,Retail Store
ORD01648,CUST066,PROD019,2024-07-07,2024-07-13,1,0.15,Online
ORD01649,CUST110,PROD009,2024-07-07,2024-07-08,1,0.05,Mobile App
ORD01650,CUST304,PROD006,2024-07-07,2024-07-11,1,0.05,Retail Store
ORD01651,CUST289,PROD006,2024-07-07,2024-07-09,1,0.15,Mobile App
ORD01652,CUST333,PROD012,2024-07-07,2024-07-11,1,0.0,Online
ORD01653,CUST169,PROD011,2024-07-08,2024-07-09,1,0.0,Mobile App
ORD01654,CUST206,PROD012,2024-07-08,2024-07-12,2,0.0,Retail Store
ORD01655,CUST110,PROD002,2024-07-08,2024-07-13,2,0.0,Retail Store
ORD01656,CUST120,PROD001,2024-07-08,2024-07-09,2,0.15,Mobile App
ORD01657,CUST366,PROD018,2024-07-08,2024-07-12,2,0.0,Mobile App
ORD01658,CUST326,PROD014,2024-07-08,2024-07-09,1,0.0,Mobile App
ORD01659,CUST488,PROD017,2024-07-08,2024-07-10,1,0.0,Online
ORD01660,CUST142,PROD010,2024-07-08,2024-07-11,1,0.2,Retail Store
ORD01661,CUST259,PROD011,2024-07-08,2024-07-11,1,0.05,Retail Store
ORD01662,CUST211,PROD007,2024-07-09,2024-07-13,2,0.15,Retail Store
ORD01663,CUST096,PROD010,2024-07-09,2024-07-15,2,0.05,Mobile App
ORD01664,CUST255,PROD006,2024-07-09,2024-07-12,2,0.0,Online
ORD01665,CUST133,PROD002,2024-07-09,2024-07-14,3,0.0,Online
ORD01666,CUST433,PROD006,2024-07-09,2024-07-12,1,0.1,Mobile App
ORD01667,CUST219,PROD020,2024-07-09,2024-07-13,1,0.0,Retail Store
ORD01668,CUST182,PROD008,2024-07-09,2024-07-13,2,0.1,Mobile App
ORD01669,CUST300,PROD006,2024-07-10,2024-07-11,3,0.15,Mobile App
ORD01670,CUST072,PROD012,2024-07-10,2024-07-16,1,0.0,Mobile App
ORD01671,CUST215,PROD019,2024-07-10,2024-07-11,2,0.0,Online
ORD01672,CUST173,PROD004,2024-07-10,2024-07-13,1,0.05,Retail Store
ORD01673,CUST351,PROD011,2024-07-10,2024-07-15,2,0.15,Mobile App
ORD01674,CUST213,PROD007,2024-07-10,2024-07-12,1,0.0,Online
ORD01675,CUST182,PROD007,2024-07-10,2024-07-13,1,0.0,Online
ORD01676,CUST485,PROD015,2024-07-10,2024-07-13,2,0.0,Retail Store
ORD01677,CUST324,PROD012,2024-07-10,2024-07-12,2,0.0,Mobile App
ORD01678,CUST073,PROD019,2024-07-11,2024-07-15,1,0.0,Mobile App
ORD01679,CUST352,PROD020,2024-07-11,2024-07-12,1,0.05,Online
ORD01680,CUST330,PROD008,2024-07-11,2024-07-17,3,0.0,Online
ORD01681,CUST400,PROD013,2024-07-11,2024-07-12,1,0.0,Retail Store
ORD01682,CUST019,PROD015,2024-07-11,2024-07-12,1,0.0,Retail Store
ORD01683,CUST352,PROD016,2024-07-11,2024-07-14,1,0.05,Mobile App
ORD01684,CUST244,PROD011,2024-07-11,2024-07-14,3,0.15,Online
ORD01685,CUST189,PROD003,2024-07-11,2024-07-15,1,0.05,Online
ORD01686,CUST286,PROD020,2024-07-11,2024-07-14,2,0.05,Mobile App
ORD01687,CUST419,PROD010,2024-07-12,2024-07-15,1,0.0,Mobile App
ORD01688,CUST007,PROD014,2024-07-12,2024-07-15,1,0.0,Retail Store
ORD01689,CUST217,PROD020,2024-07-12,2024-07-14,2,0.0,Retail Store
ORD01690,CUST214,PROD016,2024-07-12,2024-07-15,1,0.1,Online
ORD01691,CUST411,PROD007,2024-07-12,2024-07-18,1,0.05,Online
ORD01692,CUST418,PROD006,2024-07-12,2024-07-17,1,0.15,Online
ORD01693,CUST077,PROD001,2024-07-12,2024-07-18,1,0.2,Retail Store
ORD01694,CUST004,PROD006,2024-07-12,2024-07-16,2,0.0,Online
ORD01695,CUST288,PROD009,2024-07-12,2024-07-18,4,0.2,Mobile App
ORD01696,CUST298,PROD010,2024-07-13,2024-07-19,3,0.2,Mobile App
ORD01697,CUST393,PROD011,2024-07-13,2024-07-19,1,0.0,Retail Store
ORD01698,CUST107,PROD012,2024-07-13,2024-07-16,1,0.1,Online
ORD01699,CUST450,PROD011,2024-07-13,2024-07-15,2,0.2,Online
ORD01700,CUST428,PROD009,2024-07-13,2024-07-17,1,0.0,Mobile App
ORD01701,CUST102,PROD004,2024-07-13,2024-07-16,1,0.05,Mobile App
ORD01702,CUST143,PROD008,2024-07-13,2024-07-17,2,0.05,Mobile App
ORD01703,CUST056,PROD013,2024-07-13,2024-07-16,1,0.0,Retail Store
ORD01704,CUST311,PROD008,2024-07-13,2024-07-16,1,0.0,Retail Store
ORD01705,CUST392,PROD002,2024-07-13,2024-07-16,1,0.0,Mobile App
ORD01706,CUST039,PROD009,2024-07-13,2024-07-14,2,0.2,Mobile App
ORD01707,CUST365,PROD013,2024-07-13,2024-07-18,1,0.2,Mobile App
ORD01708,CUST359,PROD020,2024-07-13,2024-07-18,2,0.0,Online
ORD01709,CUST137,PROD007,2024-07-14,2024-07-16,3,0.0,Retail Store
ORD01710,CUST073,PROD009,2024-07-14,2024-07-18,3,0.1,Mobile App
ORD01711,CUST440,PROD018,2024-07-14,2024-07-15,1,0.05,Online
ORD01712,CUST456,PROD006,2024-07-14,2024-07-18,1,0.15,Retail Store
ORD01713,CUST407,PROD007,2024-07-15,2024-07-20,1,0.0,Mobile App
ORD01714,CUST494,PROD008,2024-07-15,2024-07-20,2,0.0,Mobile App
ORD01715,CUST317,PROD005,2024-07-15,2024-07-21,1,0.15,Online
ORD01716,CUST344,PROD007,2024-07-15,2024-07-18,1,0.1,Retail Store
ORD01717,CUST209,PROD006,2024-07-15,2024-07-20,2,0.0,Mobile App
ORD01718,CUST314,PROD013,2024-07-16,2024-07-21,1,0.0,Mobile App
ORD01719,CUST240,PROD009,2024-07-16,2024-07-17,1,0.15,Mobile App
ORD01720,CUST134,PROD020,2024-07-16,2024-07-19,1,0.1,Online
ORD01721,CUST011,PROD009,2024-07-16,2024-07-18,2,0.0,Retail Store
ORD01722,CUST397,PROD008,2024-07-16,2024-07-20,2,0.0,Retail Store
ORD01723,CUST142,PROD017,2024-07-16,2024-07-17,2,0.0,Online
ORD01724,CUST134,PROD018,2024-07-16,2024-07-20,1,0.0,Mobile App
ORD01725,CUST322,PROD001,2024-07-16,2024-07-19,1,0.2,Mobile App
ORD01726,CUST165,PROD007,2024-07-16,2024-07-19,1,0.0,Mobile App
ORD01727,CUST387,PROD008,2024-07-16,2024-07-18,1,0.0,Mobile App
ORD01728,CUST049,PROD017,2024-07-17,2024-07-18,2,0.2,Mobile App
ORD01729,CUST106,PROD003,2024-07-17,2024-07-21,2,0.0,Retail Store
ORD01730,CUST431,PROD019,2024-07-17,2024-07-23,2,0.0,Retail Store
ORD01731,CUST035,PROD009,2024-07-17,2024-07-23,2,0.15,Retail Store
ORD01732,CUST147,PROD009,2024-07-17,2024-07-18,1,0.15,Online
ORD01733,CUST016,PROD011,2024-07-17,2024-07-20,4,0.05,Online
ORD01734,CUST196,PROD014,2024-07-17,2024-07-20,1,0.0,Retail Store
ORD01735,CUST204,PROD017,2024-07-18,2024-07-20,2,0.0,Online
ORD01736,CUST007,PROD005,2024-07-18,2024-07-22,1,0.05,Online
ORD01737,CUST007,PROD011,2024-07-18,2024-07-20,2,0.0,Retail Store
ORD01738,CUST014,PROD014,2024-07-18,2024-07-19,2,0.0,Online
ORD01739,CUST263,PROD009,2024-07-18,2024-07-22,2,0.1,Retail Store
ORD01740,CUST024,PROD006,2024-07-19,2024-07-21,1,0.0,Mobile App
ORD01741,CUST203,PROD019,2024-07-19,2024-07-24,2,0.15,Retail Store
ORD01742,CUST004,PROD017,2024-07-19,2024-07-22,1,0.15,Retail Store
ORD01743,CUST375,PROD002,2024-07-19,2024-07-24,1,0.0,Mobile App
ORD01744,CUST196,PROD020,2024-07-19,2024-07-21,1,0.1,Mobile App
ORD01745,CUST253,PROD019,2024-07-19,2024-07-21,1,0.0,Online
ORD01746,CUST494,PROD001,2024-07-19,2024-07-25,2,0.15,Online
ORD01747,CUST138,PROD017,2024-07-19,2024-07-20,1,0.1,Mobile App
ORD01748,CUST130,PROD013,2024-07-20,2024-07-21,2,0.2,Online
ORD01749,CUST479,PROD014,2024-07-20,2024-07-26,2,0.0,Mobile App
ORD01750,CUST314,PROD020,2024-07-20,2024-07-24,2,0.15,Online
ORD01751,CUST463,PROD016,2024-07-20,2024-07-25,2,0.0,Online
ORD01752,CUST188,PROD011,2024-07-20,2024-07-24,1,0.15,Mobile App
ORD01753,CUST005,PROD007,2024-07-20,2024-07-23,1,0.0,Mobile App
ORD01754,CUST211,PROD005,2024-07-21,2024-07-23,1,0.0,Mobile App
ORD01755,CUST415,PROD011,2024-07-21,2024-07-26,1,0.1,Mobile App
ORD01756,CUST098,PROD010,2024-07-21,2024-07-27,3,0.2,Mobile App
ORD01757,CUST012,PROD020,2024-07-21,2024-07-25,1,0.05,Mobile App
ORD01758,CUST045,PROD018,2024-07-21,2024-07-23,2,0.05,Retail Store
ORD01759,CUST417,PROD011,2024-07-21,2024-07-23,1,0.05,Mobile App
ORD01760,CUST018,PROD001,2024-07-22,2024-07-28,2,0.0,Mobile App
ORD01761,CUST374,PROD006,2024-07-22,2024-07-24,1,0.0,Retail Store
ORD01762,CUST023,PROD001,2024-07-22,2024-07-24,1,0.0,Mobile App
ORD01763,CUST188,PROD014,2024-07-22,2024-07-26,2,0.05,Online
ORD01764,CUST475,PROD017,2024-07-22,2024-07-28,2,0.0,Retail Store
ORD01765,CUST499,PROD015,2024-07-22,2024-07-25,2,0.0,Online
ORD01766,CUST085,PROD002,2024-07-22,2024-07-27,2,0.0,Retail Store
ORD01767,CUST115,PROD003,2024-07-22,2024-07-26,1,0.15,Online
ORD01768,CUST342,PROD014,2024-07-22,2024-07-26,2,0.2,Online
ORD01769,CUST357,PROD003,2024-07-22,2024-07-23,1,0.1,Retail Store
ORD01770,CUST196,PROD019,2024-07-22,2024-07-24,3,0.2,Online
ORD01771,CUST483,PROD017,2024-07-22,2024-07-27,2,0.0,Retail Store
ORD01772,CUST009,PROD020,2024-07-22,2024-07-23,1,0.1,Retail Store
ORD01773,CUST162,PROD016,2024-07-22,2024-07-23,1,0.2,Retail Store
ORD01774,CUST049,PROD011,2024-07-23,2024-07-28,1,0.0,Retail Store
ORD01775,CUST213,PROD015,2024-07-23,2024-07-25,1,0.05,Online
ORD01776,CUST155,PROD013,2024-07-23,2024-07-27,1,0.0,Retail Store
ORD01777,CUST111,PROD001,2024-07-23,2024-07-25,4,0.0,Mobile App
ORD01778,CUST356,PROD016,2024-07-23,2024-07-24,1,0.0,Mobile App
ORD01779,CUST474,PROD008,2024-07-23,2024-07-29,1,0.2,Retail Store
ORD01780,CUST419,PROD018,2024-07-23,2024-07-29,3,0.0,Online
ORD01781,CUST151,PROD004,2024-07-24,2024-07-25,1,0.05,Mobile App
ORD01782,CUST285,PROD016,2024-07-24,2024-07-26,1,0.0,Mobile App
ORD01783,CUST451,PROD006,2024-07-24,2024-07-26,1,0.15,Mobile App
ORD01784,CUST087,PROD013,2024-07-24,2024-07-26,1,0.2,Mobile App
ORD01785,CUST324,PROD015,2024-07-24,2024-07-30,1,0.2,Online
ORD01786,CUST006,PROD007,2024-07-24,2024-07-30,1,0.0,Retail Store
ORD01787,CUST115,PROD015,2024-07-24,2024-07-30,3,0.2,Mobile App
ORD01788,CUST248,PROD017,2024-07-25,2024-07-27,1,0.15,Retail Store
ORD01789,CUST338,PROD018,2024-07-25,2024-07-31,1,0.0,Retail Store
ORD01790,CUST365,PROD017,2024-07-25,2024-07-31,1,0.05,Online
ORD01791,CUST097,PROD005,2024-07-25,2024-07-28,2,0.0,Retail Store
ORD01792,CUST092,PROD002,2024-07-25,2024-07-26,1,0.0,Online
ORD01793,CUST072,PROD016,2024-07-25,2024-07-29,2,0.1,Retail Store
ORD01794,CUST429,PROD020,2024-07-26,2024-07-27,1,0.0,Retail Store
ORD01795,CUST184,PROD006,2024-07-26,2024-07-29,3,0.05,Online
ORD01796,CUST025,PROD008,2024-07-26,2024-08-01,2,0.0,Online
ORD01797,CUST424,PROD011,2024-07-26,2024-07-27,1,0.0,Mobile App
ORD01798,CUST233,PROD020,2024-07-26,2024-07-28,4,0.0,Online
ORD01799,CUST161,PROD011,2024-07-26,2024-07-31,1,0.2,Retail Store
ORD01800,CUST414,PROD015,2024-07-27,2024-07-31,2,0.0,Retail Store
ORD01801,CUST461,PROD014,2024-07-27,2024-07-28,1,0.0,Retail Store
ORD01802,CUST490,PROD007,2024-07-27,2024-07-30,2,0.15,Mobile App
ORD01803,CUST464,PROD014,2024-07-27,2024-08-02,1,0.0,Mobile App
ORD01804,CUST379,PROD010,2024-07-27,2024-07-30,3,0.0,Online
ORD01805,CUST144,PROD003,2024-07-27,2024-07-29,2,0.1,Online
ORD01806,CUST206,PROD019,2024-07-27,2024-07-28,2,0.0,Online
ORD01807,CUST043,PROD017,2024-07-27,2024-07-29,1,0.0,Online
ORD01808,CUST444,PROD002,2024-07-28,2024-08-01,1,0.15,Online
ORD01809,CUST325,PROD005,2024-07-28,2024-07-30,1,0.1,Retail Store
ORD01810,CUST050,PROD008,2024-07-28,2024-07-29,1,0.2,Retail Store
ORD01811,CUST134,PROD017,2024-07-28,2024-08-01,2,0.2,Retail Store
ORD01812,CUST050,PROD007,2024-07-28,2024-08-03,1,0.15,Retail Store
ORD01813,CUST455,PROD006,2024-07-28,2024-07-31,2,0.0,Retail Store
ORD01814,CUST358,PROD020,2024-07-28,2024-08-03,1,0.0,Online
ORD01815,CUST243,PROD005,2024-07-29,2024-08-04,2,0.0,Mobile App
ORD01816,CUST014,PROD010,2024-07-29,2024-08-03,2,0.0,Retail Store
ORD01817,CUST491,PROD017,2024-07-29,2024-08-02,2,0.0,Online
ORD01818,CUST392,PROD009,2024-07-29,2024-08-04,1,0.2,Retail Store
ORD01819,CUST458,PROD008,2024-07-29,2024-08-04,1,0.0,Online
ORD01820,CUST216,PROD009,2024-07-29,2024-08-01,2,0.0,Mobile App
ORD01821,CUST138,PROD016,2024-07-29,2024-07-31,2,0.0,Retail Store
ORD01822,CUST260,PROD016,2024-07-29,2024-08-03,1,0.15,Retail Store
ORD01823,CUST436,PROD006,2024-07-29,2024-07-31,1,0.0,Retail Store
ORD01824,CUST209,PROD013,2024-07-29,2024-07-31,2,0.2,Online
ORD01825,CUST447,PROD009,2024-07-30,2024-08-01,1,0.0,Retail Store
ORD01826,CUST186,PROD006,2024-07-30,2024-08-05,1,0.0,Retail Store
ORD01827,CUST016,PROD011,2024-07-30,2024-08-05,1,0.2,Mobile App
ORD01828,CUST055,PROD011,2024-07-30,2024-08-03,1,0.15,Retail Store
ORD01829,CUST488,PROD005,2024-07-30,2024-07-31,2,0.0,Mobile App
ORD01830,CUST149,PROD015,2024-07-30,2024-08-05,1,0.0,Retail Store
ORD01831,CUST065,PROD002,2024-07-30,2024-07-31,1,0.0,Mobile App
ORD01832,CUST005,PROD008,2024-07-30,2024-07-31,1,0.0,Mobile App
ORD01833,CUST081,PROD001,2024-07-30,2024-08-05,2,0.1,Retail Store
ORD01834,CUST450,PROD006,2024-07-31,2024-08-06,1,0.0,Mobile App
ORD01835,CUST012,PROD015,2024-07-31,2024-08-06,1,0.0,Mobile App
ORD01836,CUST155,PROD002,2024-07-31,2024-08-05,2,0.0,Online
ORD01837,CUST187,PROD016,2024-07-31,2024-08-04,1,0.1,Retail Store
ORD01838,CUST020,PROD010,2024-07-31,2024-08-03,1,0.0,Retail Store
ORD01839,CUST079,PROD003,2024-07-31,2024-08-05,1,0.0,Retail Store
ORD01840,CUST358,PROD003,2024-07-31,2024-08-02,1,0.0,Retail Store
ORD01841,CUST299,PROD007,2024-08-01,2024-08-03,1,0.05,Online
ORD01842,CUST472,PROD004,2024-08-01,2024-08-05,1,0.15,Mobile App
ORD01843,CUST104,PROD010,2024-08-01,2024-08-06,1,0.1,Online
ORD01844,CUST494,PROD014,2024-08-01,2024-08-06,2,0.15,Online
ORD01845,CUST112,PROD007,2024-08-02,2024-08-07,2,0.15,Mobile App
ORD01846,CUST395,PROD014,2024-08-02,2024-08-06,1,0.1,Online
ORD01847,CUST155,PROD003,2024-08-02,2024-08-04,1,0.0,Mobile App
ORD01848,CUST067,PROD003,2024-08-02,2024-08-07,2,0.05,Retail Store
ORD01849,CUST399,PROD006,2024-08-02,2024-08-04,4,0.0,Mobile App
ORD01850,CUST049,PROD010,2024-08-02,2024-08-05,1,0.0,Online
ORD01851,CUST348,PROD001,2024-08-02,2024-08-06,1,0.05,Mobile App
ORD01852,CUST481,PROD001,2024-08-02,2024-08-05,3,0.05,Online
ORD01853,CUST406,PROD006,2024-08-02,2024-08-08,1,0.0,Online
ORD01854,CUST150,PROD017,2024-08-02,2024-08-03,2,0.05,Online
ORD01855,CUST450,PROD006,2024-08-02,2024-08-07,1,0.0,Retail Store
ORD01856,CUST274,PROD010,2024-08-02,2024-08-04,1,0.0,Online
ORD01857,CUST245,PROD001,2024-08-02,2024-08-08,1,0.0,Mobile App
ORD01858,CUST362,PROD020,2024-08-02,2024-08-03,1,0.2,Retail Store
ORD01859,CUST248,PROD007,2024-08-03,2024-08-07,1,0.0,Retail Store
ORD01860,CUST299,PROD002,2024-08-03,2024-08-05,1,0.0,Online
ORD01861,CUST333,PROD009,2024-08-03,2024-08-08,1,0.0,Online
ORD01862,CUST129,PROD003,2024-08-03,2024-08-05,1,0.0,Online
ORD01863,CUST403,PROD005,2024-08-03,2024-08-08,4,0.05,Mobile App
ORD01864,CUST037,PROD011,2024-08-03,2024-08-08,1,0.0,Online
ORD01865,CUST157,PROD018,2024-08-03,2024-08-04,1,0.2,Online
ORD01866,CUST246,PROD016,2024-08-03,2024-08-08,1,0.2,Mobile App
ORD01867,CUST342,PROD011,2024-08-03,2024-08-05,1,0.15,Online
ORD01868,CUST498,PROD011,2024-08-03,2024-08-08,1,0.1,Retail Store
ORD01869,CUST484,PROD019,2024-08-03,2024-08-05,1,0.1,Online
ORD01870,CUST271,PROD019,2024-08-03,2024-08-06,1,0.2,Mobile App
ORD01871,CUST258,PROD014,2024-08-04,2024-08-09,1,0.1,Retail Store
ORD01872,CUST490,PROD001,2024-08-04,2024-08-06,4,0.0,Retail Store
ORD01873,CUST324,PROD004,2024-08-04,2024-08-05,1,0.1,Retail Store
ORD01874,CUST091,PROD014,2024-08-04,2024-08-08,1,0.2,Retail Store
ORD01875,CUST038,PROD016,2024-08-05,2024-08-09,1,0.0,Mobile App
ORD01876,CUST182,PROD014,2024-08-05,2024-08-07,1,0.05,Retail Store
ORD01877,CUST339,PROD011,2024-08-05,2024-08-08,1,0.1,Online
ORD01878,CUST497,PROD014,2024-08-05,2024-08-11,1,0.0,Mobile App
ORD01879,CUST192,PROD010,2024-08-06,2024-08-10,1,0.0,Retail Store
ORD01880,CUST381,PROD005,2024-08-06,2024-08-09,2,0.0,Retail Store
ORD01881,CUST110,PROD015,2024-08-06,2024-08-08,2,0.05,Retail Store
ORD01882,CUST178,PROD014,2024-08-06,2024-08-11,1,0.0,Mobile App
ORD01883,CUST006,PROD011,2024-08-06,2024-08-10,1,0.0,Online
ORD01884,CUST296,PROD016,2024-08-06,2024-08-12,4,0.15,Mobile App
ORD01885,CUST382,PROD012,2024-08-06,2024-08-07,2,0.0,Retail Store
ORD01886,CUST409,PROD005,2024-08-06,2024-08-10,4,0.0,Online
ORD01887,CUST138,PROD019,2024-08-06,2024-08-11,4,0.05,Retail Store
ORD01888,CUST396,PROD020,2024-08-06,2024-08-10,1,0.1,Mobile App
ORD01889,CUST316,PROD001,2024-08-07,2024-08-12,1,0.0,Online
ORD01890,CUST164,PROD020,2024-08-07,2024-08-12,1,0.0,Retail Store
ORD01891,CUST192,PROD015,2024-08-07,2024-08-12,2,0.0,Online
ORD01892,CUST208,PROD019,2024-08-07,2024-08-11,1,0.0,Retail Store
ORD01893,CUST154,PROD008,2024-08-07,2024-08-10,1,0.2,Retail Store
ORD01894,CUST274,PROD018,2024-08-07,2024-08-10,2,0.0,Online
ORD01895,CUST312,PROD007,2024-08-08,2024-08-14,2,0.15,Mobile App
ORD01896,CUST498,PROD009,2024-08-08,2024-08-12,3,0.05,Mobile App
ORD01897,CUST383,PROD014,2024-08-08,2024-08-11,1,0.0,Online
ORD01898,CUST084,PROD002,2024-08-08,2024-08-11,1,0.15,Online
ORD01899,CUST210,PROD016,2024-08-08,2024-08-14,1,0.1,Mobile App
ORD01900,CUST294,PROD016,2024-08-08,2024-08-12,1,0.15,Online
ORD01901,CUST339,PROD019,2024-08-08,2024-08-12,1,0.1,Mobile App
ORD01902,CUST465,PROD019,2024-08-08,2024-08-11,1,0.15,Online
ORD01903,CUST294,PROD004,2024-08-08,2024-08-10,3,0.0,Online
ORD01904,CUST027,PROD005,2024-08-08,2024-08-13,1,0.0,Mobile App
ORD01905,CUST265,PROD014,2024-08-08,2024-08-14,1,0.0,Online
ORD01906,CUST235,PROD008,2024-08-08,2024-08-13,1,0.0,Mobile App
ORD01907,CUST385,PROD002,2024-08-08,2024-08-09,2,0.1,Online
ORD01908,CUST088,PROD006,2024-08-08,2024-08-13,2,0.0,Online
ORD01909,CUST247,PROD002,2024-08-09,2024-08-10,1,0.0,Online
ORD01910,CUST102,PROD006,2024-08-09,2024-08-15,2,0.0,Online
ORD01911,CUST277,PROD002,2024-08-09,2024-08-14,2,0.1,Retail Store
ORD01912,CUST128,PROD006,2024-08-09,2024-08-12,1,0.0,Mobile App
ORD01913,CUST415,PROD019,2024-08-09,2024-08-10,1,0.2,Retail Store
ORD01914,CUST123,PROD007,2024-08-09,2024-08-11,4,0.2,Mobile App
ORD01915,CUST187,PROD005,2024-08-09,2024-08-10,3,0.0,Mobile App
ORD01916,CUST203,PROD001,2024-08-09,2024-08-11,1,0.1,Mobile App
ORD01917,CUST232,PROD010,2024-08-09,2024-08-14,1,0.0,Mobile App
ORD01918,CUST294,PROD008,2024-08-10,2024-08-16,2,0.0,Online
ORD01919,CUST032,PROD003,2024-08-10,2024-08-12,3,0.2,Retail Store
ORD01920,CUST194,PROD019,2024-08-10,2024-08-16,2,0.0,Online
ORD01921,CUST371,PROD018,2024-08-10,2024-08-14,1,0.0,Mobile App
ORD01922,CUST106,PROD008,2024-08-10,2024-08-16,1,0.0,Retail Store
ORD01923,CUST476,PROD001,2024-08-10,2024-08-12,1,0.2,Retail Store
ORD01924,CUST456,PROD013,2024-08-10,2024-08-11,1,0.05,Online
ORD01925,CUST109,PROD018,2024-08-10,2024-08-14,1,0.0,Online
ORD01926,CUST130,PROD018,2024-08-10,2024-08-11,1,0.05,Retail Store
ORD01927,CUST227,PROD001,2024-08-10,2024-08-11,1,0.0,Retail Store
ORD01928,CUST277,PROD012,2024-08-11,2024-08-12,1,0.1,Online
ORD01929,CUST474,PROD014,2024-08-11,2024-08-12,1,0.0,Mobile App
ORD01930,CUST401,PROD002,2024-08-11,2024-08-13,1,0.0,Mobile App
ORD01931,CUST355,PROD014,2024-08-11,2024-08-13,1,0.0,Retail Store
ORD01932,CUST312,PROD014,2024-08-11,2024-08-15,3,0.1,Online
ORD01933,CUST483,PROD017,2024-08-11,2024-08-15,1,0.0,Mobile App
ORD01934,CUST001,PROD006,2024-08-11,2024-08-15,1,0.1,Retail Store
ORD01935,CUST050,PROD002,2024-08-11,2024-08-17,4,0.05,Retail Store
ORD01936,CUST310,PROD005,2024-08-11,2024-08-16,1,0.1,Mobile App
ORD01937,CUST164,PROD016,2024-08-11,2024-08-15,1,0.0,Online
ORD01938,CUST164,PROD020,2024-08-12,2024-08-13,3,0.2,Mobile App
ORD01939,CUST011,PROD002,2024-08-12,2024-08-16,1,0.0,Retail Store
ORD01940,CUST480,PROD005,2024-08-12,2024-08-14,1,0.05,Mobile App
ORD01941,CUST482,PROD012,2024-08-12,2024-08-15,1,0.0,Mobile App
ORD01942,CUST019,PROD007,2024-08-12,2024-08-14,1,0.0,Mobile App
ORD01943,CUST343,PROD003,2024-08-13,2024-08-14,2,0.2,Retail Store
ORD01944,CUST163,PROD017,2024-08-13,2024-08-15,1,0.2,Retail Store
ORD01945,CUST267,PROD020,2024-08-13,2024-08-16,2,0.1,Mobile App
ORD01946,CUST409,PROD017,2024-08-13,2024-08-16,1,0.1,Online
ORD01947,CUST393,PROD009,2024-08-13,2024-08-19,1,0.05,Retail Store
ORD01948,CUST483,PROD012,2024-08-13,2024-08-15,1,0.2,Mobile App
ORD01949,CUST128,PROD017,2024-08-13,2024-08-19,1,0.0,Retail Store
ORD01950,CUST466,PROD004,2024-08-14,2024-08-20,1,0.1,Retail Store
ORD01951,CUST144,PROD004,2024-08-14,2024-08-15,1,0.1,Retail Store
ORD01952,CUST485,PROD019,2024-08-14,2024-08-20,1,0.1,Retail Store
ORD01953,CUST241,PROD011,2024-08-14,2024-08-20,1,0.0,Retail Store
ORD01954,CUST071,PROD019,2024-08-14,2024-08-15,1,0.05,Retail Store
ORD01955,CUST163,PROD004,2024-08-14,2024-08-16,1,0.0,Online
ORD01956,CUST299,PROD017,2024-08-15,2024-08-18,1,0.0,Retail Store
ORD01957,CUST421,PROD005,2024-08-15,2024-08-19,1,0.0,Retail Store
ORD01958,CUST326,PROD010,2024-08-15,2024-08-21,1,0.05,Retail Store
ORD01959,CUST184,PROD017,2024-08-15,2024-08-21,1,0.05,Mobile App
ORD01960,CUST003,PROD018,2024-08-15,2024-08-20,1,0.05,Mobile App
ORD01961,CUST344,PROD019,2024-08-15,2024-08-20,1,0.05,Online
ORD01962,CUST424,PROD001,2024-08-15,2024-08-21,2,0.0,Online
ORD01963,CUST487,PROD014,2024-08-15,2024-08-21,2,0.0,Online
ORD01964,CUST191,PROD020,2024-08-16,2024-08-21,1,0.0,Online
ORD01965,CUST441,PROD019,2024-08-16,2024-08-19,1,0.15,Online
ORD01966,CUST041,PROD010,2024-08-16,2024-08-19,1,0.0,Retail Store
ORD01967,CUST436,PROD010,2024-08-16,2024-08-21,3,0.15,Online
ORD01968,CUST498,PROD019,2024-08-16,2024-08-21,1,0.15,Online
ORD01969,CUST074,PROD013,2024-08-16,2024-08-20,1,0.0,Retail Store
ORD01970,CUST129,PROD013,2024-08-16,2024-08-21,1,0.2,Mobile App
ORD01971,CUST414,PROD008,2024-08-16,2024-08-19,1,0.0,Online
ORD01972,CUST329,PROD016,2024-08-16,2024-08-20,1,0.15,Retail Store
ORD01973,CUST258,PROD003,2024-08-17,2024-08-18,1,0.1,Mobile App
ORD01974,CUST074,PROD018,2024-08-17,2024-08-19,1,0.1,Retail Store
ORD01975,CUST088,PROD005,2024-08-17,2024-08-18,1,0.1,Mobile App
ORD01976,CUST241,PROD008,2024-08-17,2024-08-19,3,0.1,Mobile App
ORD01977,CUST350,PROD018,2024-08-17,2024-08-19,1,0.1,Online
ORD01978,CUST458,PROD008,2024-08-17,2024-08-20,3,0.1,Retail Store
ORD01979,CUST041,PROD003,2024-08-17,2024-08-22,1,0.1,Retail Store
ORD01980,CUST061,PROD006,2024-08-17,2024-08-18,1,0.0,Online
ORD01981,CUST073,PROD001,2024-08-17,2024-08-18,1,0.05,Online
ORD01982,CUST484,PROD002,2024-08-18,2024-08-20,1,0.0,Retail Store
ORD01983,CUST348,PROD010,2024-08-18,2024-08-20,2,0.05,Retail Store
ORD01984,CUST346,PROD017,2024-08-18,2024-08-20,1,0.2,Online
ORD01985,CUST430,PROD012,2024-08-18,2024-08-21,1,0.2,Mobile App
ORD01986,CUST401,PROD012,2024-08-18,2024-08-20,1,0.05,Online
ORD01987,CUST251,PROD017,2024-08-18,2024-08-19,1,0.1,Mobile App
ORD01988,CUST286,PROD010,2024-08-18,2024-08-21,2,0.15,Online
ORD01989,CUST146,PROD008,2024-08-18,2024-08-22,4,0.1,Mobile App
ORD01990,CUST054,PROD008,2024-08-19,2024-08-22,1,0.15,Mobile App
ORD01991,CUST371,PROD014,2024-08-19,2024-08-21,1,0.15,Mobile App
ORD01992,CUST269,PROD013,2024-08-19,2024-08-20,1,0.2,Online
ORD01993,CUST236,PROD005,2024-08-19,2024-08-20,2,0.2,Retail Store
ORD01994,CUST010,PROD011,2024-08-19,2024-08-24,3,0.15,Online
ORD01995,CUST181,PROD010,2024-08-19,2024-08-25,1,0.15,Online
ORD01996,CUST463,PROD002,2024-08-19,2024-08-23,1,0.05,Retail Store
ORD01997,CUST396,PROD016,2024-08-19,2024-08-20,1,0.0,Retail Store
ORD01998,CUST326,PROD020,2024-08-19,2024-08-25,1,0.1,Mobile App
ORD01999,CUST032,PROD015,2024-08-19,2024-08-24,1,0.0,Retail Store
ORD02000,CUST460,PROD002,2024-08-19,2024-08-23,1,0.2,Retail Store
ORD02001,CUST023,PROD008,2024-08-19,2024-08-21,1,0.2,Mobile App
ORD02002,CUST410,PROD017,2024-08-20,2024-08-21,1,0.15,Retail Store
ORD02003,CUST362,PROD017,2024-08-20,2024-08-21,1,0.0,Mobile App
ORD02004,CUST088,PROD009,2024-08-20,2024-08-24,1,0.0,Online
ORD02005,CUST416,PROD005,2024-08-20,2024-08-21,1,0.2,Mobile App
ORD02006,CUST053,PROD005,2024-08-20,2024-08-26,2,0.2,Online
ORD02007,CUST436,PROD012,2024-08-20,2024-08-22,2,0.0,Retail Store
ORD02008,CUST045,PROD002,2024-08-20,2024-08-23,1,0.05,Mobile App
ORD02009,CUST434,PROD017,2024-08-21,2024-08-27,1,0.15,Online
ORD02010,CUST354,PROD008,2024-08-21,2024-08-27,2,0.0,Online
ORD02011,CUST457,PROD004,2024-08-21,2024-08-24,2,0.15,Mobile App
ORD02012,CUST054,PROD020,2024-08-21,2024-08-27,1,0.15,Retail Store
ORD02013,CUST371,PROD004,2024-08-21,2024-08-27,1,0.0,Online
ORD02014,CUST441,PROD014,2024-08-22,2024-08-26,2,0.15,Retail Store
ORD02015,CUST343,PROD011,2024-08-22,2024-08-27,3,0.2,Online
ORD02016,CUST223,PROD010,2024-08-22,2024-08-28,1,0.15,Mobile App
ORD02017,CUST312,PROD012,2024-08-22,2024-08-23,1,0.15,Mobile App
ORD02018,CUST340,PROD013,2024-08-22,2024-08-27,2,0.05,Retail Store
ORD02019,CUST323,PROD005,2024-08-22,2024-08-23,1,0.0,Mobile App
ORD02020,CUST433,PROD016,2024-08-22,2024-08-28,1,0.15,Online
ORD02021,CUST129,PROD012,2024-08-23,2024-08-26,1,0.2,Online
ORD02022,CUST313,PROD017,2024-08-23,2024-08-28,1,0.0,Retail Store
ORD02023,CUST458,PROD001,2024-08-23,2024-08-29,1,0.05,Retail Store
ORD02024,CUST177,PROD019,2024-08-23,2024-08-25,2,0.15,Retail Store
ORD02025,CUST004,PROD012,2024-08-23,2024-08-28,1,0.15,Retail Store
ORD02026,CUST266,PROD012,2024-08-23,2024-08-28,1,0.1,Retail Store
ORD02027,CUST131,PROD002,2024-08-23,2024-08-27,1,0.0,Mobile App
ORD02028,CUST460,PROD011,2024-08-23,2024-08-24,1,0.0,Online
ORD02029,CUST002,PROD020,2024-08-23,2024-08-25,2,0.15,Online
ORD02030,CUST306,PROD008,2024-08-24,2024-08-30,1,0.0,Retail Store
ORD02031,CUST177,PROD020,2024-08-24,2024-08-28,1,0.0,Mobile App
ORD02032,CUST330,PROD001,2024-08-24,2024-08-30,2,0.0,Online
ORD02033,CUST083,PROD016,2024-08-24,2024-08-29,1,0.0,Online
ORD02034,CUST458,PROD016,2024-08-24,2024-08-25,2,0.2,Online
ORD02035,CUST068,PROD002,2024-08-24,2024-08-26,2,0.15,Online
ORD02036,CUST150,PROD013,2024-08-24,2024-08-28,1,0.15,Online
ORD02037,CUST382,PROD017,2024-08-24,2024-08-25,2,0.0,Retail Store
ORD02038,CUST101,PROD010,2024-08-24,2024-08-30,1,0.1,Online
ORD02039,CUST212,PROD020,2024-08-24,2024-08-25,1,0.0,Retail Store
ORD02040,CUST041,PROD006,2024-08-24,2024-08-30,1,0.2,Mobile App
ORD02041,CUST479,PROD017,2024-08-25,2024-08-28,1,0.0,Online
ORD02042,CUST484,PROD004,2024-08-25,2024-08-28,1,0.0,Retail Store
ORD02043,CUST247,PROD012,2024-08-25,2024-08-31,1,0.05,Mobile App
ORD02044,CUST386,PROD019,2024-08-25,2024-08-30,2,0.0,Retail Store
ORD02045,CUST386,PROD004,2024-08-25,2024-08-31,1,0.0,Online
ORD02046,CUST113,PROD016,2024-08-25,2024-08-26,1,0.0,Online
ORD02047,CUST177,PROD015,2024-08-25,2024-08-30,1,0.15,Mobile App
ORD02048,CUST473,PROD007,2024-08-25,2024-08-31,1,0.05,Online
ORD02049,CUST479,PROD016,2024-08-25,2024-08-31,1,0.0,Mobile App
ORD02050,CUST237,PROD006,2024-08-25,2024-08-29,1,0.2,Online
ORD02051,CUST307,PROD016,2024-08-25,2024-08-31,1,0.2,Online
ORD02052,CUST395,PROD009,2024-08-26,2024-08-30,3,0.0,Retail Store
ORD02053,CUST383,PROD008,2024-08-26,2024-08-27,1,0.15,Online
ORD02054,CUST205,PROD015,2024-08-26,2024-08-31,1,0.2,Mobile App
ORD02055,CUST065,PROD016,2024-08-26,2024-08-29,4,0.2,Retail Store
ORD02056,CUST336,PROD002,2024-08-26,2024-08-27,2,0.0,Retail Store
ORD02057,CUST108,PROD016,2024-08-27,2024-09-01,1,0.1,Mobile App
ORD02058,CUST486,PROD018,2024-08-27,2024-08-31,2,0.05,Mobile App
ORD02059,CUST348,PROD015,2024-08-27,2024-09-01,1,0.15,Retail Store
ORD02060,CUST236,PROD008,2024-08-27,2024-08-31,2,0.0,Mobile App
ORD02061,CUST274,PROD020,2024-08-27,2024-08-30,1,0.15,Retail Store
ORD02062,CUST445,PROD015,2024-08-28,2024-09-01,1,0.0,Online
ORD02063,CUST285,PROD016,2024-08-28,2024-09-01,3,0.0,Mobile App
ORD02064,CUST131,PROD013,2024-08-28,2024-09-02,1,0.15,Mobile App
ORD02065,CUST426,PROD007,2024-08-29,2024-09-03,1,0.15,Mobile App
ORD02066,CUST332,PROD015,2024-08-29,2024-08-30,4,0.0,Retail Store
ORD02067,CUST213,PROD018,2024-08-29,2024-08-30,2,0.05,Mobile App
ORD02068,CUST207,PROD016,2024-08-29,2024-09-02,1,0.2,Online
ORD02069,CUST256,PROD003,2024-08-29,2024-09-02,1,0.15,Online
ORD02070,CUST468,PROD002,2024-08-29,2024-09-02,1,0.1,Retail Store
ORD02071,CUST483,PROD005,2024-08-29,2024-08-30,1,0.1,Online
ORD02072,CUST250,PROD015,2024-08-29,2024-09-02,1,0.1,Retail Store
ORD02073,CUST394,PROD001,2024-08-29,2024-08-31,2,0.05,Mobile App
ORD02074,CUST192,PROD008,2024-08-29,2024-09-01,2,0.0,Mobile App
ORD02075,CUST340,PROD002,2024-08-30,2024-08-31,1,0.0,Online
ORD02076,CUST498,PROD018,2024-08-30,2024-09-03,1,0.15,Retail Store
ORD02077,CUST324,PROD015,2024-08-30,2024-09-04,1,0.0,Mobile App
ORD02078,CUST406,PROD005,2024-08-30,2024-09-03,1,0.1,Retail Store
ORD02079,CUST292,PROD002,2024-08-30,2024-09-02,4,0.05,Retail Store
ORD02080,CUST486,PROD014,2024-08-30,2024-09-05,1,0.1,Mobile App
ORD02081,CUST213,PROD001,2024-08-31,2024-09-05,1,0.15,Retail Store
ORD02082,CUST113,PROD014,2024-08-31,2024-09-05,4,0.0,Online
ORD02083,CUST307,PROD017,2024-08-31,2024-09-05,1,0.0,Online
ORD02084,CUST181,PROD005,2024-08-31,2024-09-02,2,0.1,Mobile App
ORD02085,CUST011,PROD011,2024-08-31,2024-09-04,3,0.05,Mobile App
ORD02086,CUST395,PROD013,2024-08-31,2024-09-06,1,0.15,Online
ORD02087,CUST265,PROD018,2024-08-31,2024-09-06,1,0.0,Retail Store
ORD02088,CUST307,PROD014,2024-08-31,2024-09-06,1,0.2,Online
ORD02089,CUST286,PROD012,2024-08-31,2024-09-03,2,0.0,Online
ORD02090,CUST471,PROD002,2024-08-31,2024-09-02,1,0.0,Online
ORD02091,CUST191,PROD001,2024-08-31,2024-09-02,1,0.1,Mobile App
ORD02092,CUST108,PROD012,2024-09-01,2024-09-07,1,0.15,Online
ORD02093,CUST375,PROD002,2024-09-01,2024-09-06,1,0.2,Retail Store
ORD02094,CUST021,PROD013,2024-09-01,2024-09-03,4,0.1,Online
ORD02095,CUST043,PROD013,2024-09-01,2024-09-06,3,0.05,Mobile App
ORD02096,CUST496,PROD019,2024-09-01,2024-09-02,2,0.0,Online
ORD02097,CUST455,PROD003,2024-09-02,2024-09-08,1,0.0,Online
ORD02098,CUST022,PROD005,2024-09-02,2024-09-07,2,0.0,Online
ORD02099,CUST207,PROD015,2024-09-02,2024-09-07,1,0.0,Online
ORD02100,CUST316,PROD019,2024-09-02,2024-09-04,1,0.1,Online
ORD02101,CUST353,PROD007,2024-09-02,2024-09-08,1,0.1,Online
ORD02102,CUST456,PROD003,2024-09-02,2024-09-07,1,0.0,Mobile App
ORD02103,CUST023,PROD019,2024-09-02,2024-09-06,3,0.0,Mobile App
ORD02104,CUST027,PROD007,2024-09-02,2024-09-07,1,0.05,Retail Store
ORD02105,CUST095,PROD012,2024-09-03,2024-09-09,1,0.2,Retail Store
ORD02106,CUST066,PROD011,2024-09-03,2024-09-09,1,0.0,Online
ORD02107,CUST391,PROD012,2024-09-03,2024-09-08,1,0.15,Retail Store
ORD02108,CUST439,PROD017,2024-09-03,2024-09-04,2,0.05,Mobile App
ORD02109,CUST439,PROD001,2024-09-03,2024-09-06,2,0.15,Mobile App
ORD02110,CUST343,PROD011,2024-09-03,2024-09-09,1,0.0,Retail Store
ORD02111,CUST315,PROD012,2024-09-03,2024-09-08,1,0.15,Retail Store
ORD02112,CUST390,PROD004,2024-09-03,2024-09-08,1,0.2,Mobile App
ORD02113,CUST476,PROD002,2024-09-03,2024-09-06,1,0.1,Retail Store
ORD02114,CUST210,PROD007,2024-09-04,2024-09-07,2,0.0,Online
ORD02115,CUST195,PROD011,2024-09-04,2024-09-09,4,0.0,Mobile App
ORD02116,CUST108,PROD012,2024-09-04,2024-09-09,1,0.0,Retail Store
ORD02117,CUST059,PROD014,2024-09-04,2024-09-07,1,0.2,Online
ORD02118,CUST099,PROD018,2024-09-04,2024-09-05,3,0.2,Mobile App
ORD02119,CUST231,PROD010,2024-09-04,2024-09-06,1,0.2,Mobile App
ORD02120,CUST032,PROD009,2024-09-04,2024-09-05,1,0.05,Retail Store
ORD02121,CUST342,PROD001,2024-09-04,2024-09-09,3,0.0,Mobile App
ORD02122,CUST043,PROD003,2024-09-04,2024-09-08,2,0.05,Retail Store
ORD02123,CUST331,PROD006,2024-09-04,2024-09-09,1,0.05,Online
ORD02124,CUST425,PROD016,2024-09-04,2024-09-07,2,0.05,Online
ORD02125,CUST434,PROD005,2024-09-04,2024-09-09,2,0.1,Mobile App
ORD02126,CUST259,PROD011,2024-09-05,2024-09-09,2,0.0,Online
ORD02127,CUST170,PROD011,2024-09-05,2024-09-07,1,0.15,Online
ORD02128,CUST498,PROD014,2024-09-05,2024-09-07,2,0.0,Retail Store
ORD02129,CUST321,PROD014,2024-09-05,2024-09-11,1,0.0,Retail Store
ORD02130,CUST387,PROD016,2024-09-05,2024-09-11,2,0.0,Mobile App
ORD02131,CUST061,PROD005,2024-09-05,2024-09-09,1,0.0,Mobile App
ORD02132,CUST178,PROD020,2024-09-05,2024-09-10,2,0.0,Mobile App
ORD02133,CUST126,PROD020,2024-09-05,2024-09-11,3,0.0,Mobile App
ORD02134,CUST448,PROD018,2024-09-05,2024-09-06,2,0.0,Retail Store
ORD02135,CUST128,PROD011,2024-09-06,2024-09-10,1,0.0,Online
ORD02136,CUST204,PROD007,2024-09-06,2024-09-07,3,0.0,Mobile App
ORD02137,CUST277,PROD008,2024-09-06,2024-09-08,1,0.15,Retail Store
ORD02138,CUST261,PROD001,2024-09-06,2024-09-12,1,0.1,Mobile App
ORD02139,CUST068,PROD012,2024-09-06,2024-09-10,1,0.0,Online
ORD02140,CUST165,PROD010,2024-09-06,2024-09-10,1,0.05,Mobile App
ORD02141,CUST471,PROD020,2024-09-06,2024-09-07,2,0.0,Mobile App
ORD02142,CUST052,PROD008,2024-09-07,2024-09-10,1,0.0,Retail Store
ORD02143,CUST024,PROD012,2024-09-07,2024-09-08,2,0.1,Retail Store
ORD02144,CUST014,PROD020,2024-09-07,2024-09-11,1,0.0,Online
ORD02145,CUST078,PROD018,2024-09-07,2024-09-09,1,0.0,Mobile App
ORD02146,CUST284,PROD017,2024-09-07,2024-09-13,2,0.2,Mobile App
ORD02147,CUST447,PROD006,2024-09-07,2024-09-11,2,0.0,Online
ORD02148,CUST237,PROD015,2024-09-07,2024-09-13,2,0.0,Online
ORD02149,CUST254,PROD017,2024-09-07,2024-09-08,3,0.2,Mobile App
ORD02150,CUST255,PROD001,2024-09-07,2024-09-12,2,0.05,Mobile App
ORD02151,CUST046,PROD001,2024-09-07,2024-09-08,1,0.0,Mobile App
ORD02152,CUST132,PROD010,2024-09-07,2024-09-11,1,0.0,Online
ORD02153,CUST352,PROD020,2024-09-08,2024-09-14,1,0.2,Online
ORD02154,CUST465,PROD009,2024-09-08,2024-09-11,2,0.15,Mobile App
ORD02155,CUST121,PROD008,2024-09-08,2024-09-11,3,0.2,Online
ORD02156,CUST103,PROD019,2024-09-08,2024-09-11,3,0.0,Retail Store
ORD02157,CUST403,PROD011,2024-09-08,2024-09-11,1,0.05,Mobile App
ORD02158,CUST404,PROD010,2024-09-08,2024-09-10,2,0.0,Mobile App
ORD02159,CUST115,PROD008,2024-09-08,2024-09-10,1,0.2,Online
ORD02160,CUST045,PROD016,2024-09-08,2024-09-14,1,0.0,Mobile App
ORD02161,CUST472,PROD003,2024-09-09,2024-09-13,2,0.0,Online
ORD02162,CUST111,PROD019,2024-09-09,2024-09-12,1,0.0,Online
ORD02163,CUST034,PROD011,2024-09-09,2024-09-12,1,0.2,Mobile App
ORD02164,CUST204,PROD017,2024-09-09,2024-09-13,1,0.0,Online
ORD02165,CUST311,PROD013,2024-09-09,2024-09-10,1,0.15,Retail Store
ORD02166,CUST051,PROD008,2024-09-09,2024-09-10,3,0.0,Mobile App
ORD02167,CUST384,PROD014,2024-09-09,2024-09-15,1,0.05,Online
ORD02168,CUST385,PROD015,2024-09-09,2024-09-15,1,0.0,Mobile App
ORD02169,CUST417,PROD009,2024-09-10,2024-09-11,2,0.05,Retail Store
ORD02170,CUST372,PROD005,2024-09-10,2024-09-14,1,0.0,Mobile App
ORD02171,CUST390,PROD014,2024-09-10,2024-09-15,1,0.1,Online
ORD02172,CUST126,PROD005,2024-09-10,2024-09-11,2,0.0,Retail Store
ORD02173,CUST337,PROD014,2024-09-10,2024-09-13,4,0.2,Mobile App
ORD02174,CUST291,PROD017,2024-09-10,2024-09-12,1,0.15,Online
ORD02175,CUST222,PROD013,2024-09-11,2024-09-17,3,0.2,Online
ORD02176,CUST208,PROD009,2024-09-11,2024-09-17,1,0.0,Mobile App
ORD02177,CUST235,PROD012,2024-09-11,2024-09-12,1,0.0,Retail Store
ORD02178,CUST201,PROD012,2024-09-11,2024-09-16,2,0.05,Online
ORD02179,CUST332,PROD010,2024-09-11,2024-09-15,3,0.0,Online
ORD02180,CUST245,PROD011,2024-09-11,2024-09-12,1,0.0,Mobile App
ORD02181,CUST356,PROD012,2024-09-11,2024-09-17,1,0.0,Mobile App
ORD02182,CUST478,PROD012,2024-09-11,2024-09-17,2,0.05,Mobile App
ORD02183,CUST070,PROD015,2024-09-11,2024-09-16,1,0.0,Retail Store
ORD02184,CUST228,PROD010,2024-09-11,2024-09-12,1,0.05,Mobile App
ORD02185,CUST250,PROD020,2024-09-12,2024-09-13,2,0.1,Online
ORD02186,CUST456,PROD019,2024-09-12,2024-09-14,1,0.0,Online
ORD02187,CUST071,PROD002,2024-09-12,2024-09-15,1,0.1,Online
ORD02188,CUST316,PROD011,2024-09-12,2024-09-13,2,0.0,Mobile App
ORD02189,CUST142,PROD008,2024-09-12,2024-09-16,1,0.0,Retail Store
ORD02190,CUST393,PROD007,2024-09-12,2024-09-15,3,0.0,Online
ORD02191,CUST200,PROD016,2024-09-12,2024-09-15,4,0.1,Mobile App
ORD02192,CUST065,PROD005,2024-09-12,2024-09-14,2,0.2,Online
ORD02193,CUST384,PROD009,2024-09-12,2024-09-14,1,0.0,Online
ORD02194,CUST076,PROD015,2024-09-12,2024-09-13,3,0.05,Online
ORD02195,CUST112,PROD014,2024-09-13,2024-09-16,2,0.1,Online
ORD02196,CUST087,PROD020,2024-09-13,2024-09-16,1,0.2,Online
ORD02197,CUST446,PROD006,2024-09-13,2024-09-17,1,0.0,Online
ORD02198,CUST244,PROD017,2024-09-13,2024-09-18,1,0.0,Online
ORD02199,CUST074,PROD013,2024-09-13,2024-09-14,1,0.2,Mobile App
ORD02200,CUST094,PROD018,2024-09-13,2024-09-19,4,0.15,Online
ORD02201,CUST048,PROD003,2024-09-13,2024-09-15,1,0.1,Mobile App
ORD02202,CUST221,PROD015,2024-09-13,2024-09-17,2,0.2,Mobile App
ORD02203,CUST113,PROD010,2024-09-14,2024-09-16,1,0.1,Online
ORD02204,CUST325,PROD013,2024-09-14,2024-09-18,1,0.0,Retail Store
ORD02205,CUST108,PROD014,2024-09-14,2024-09-17,2,0.2,Mobile App
ORD02206,CUST432,PROD009,2024-09-14,2024-09-20,1,0.05,Retail Store
ORD02207,CUST137,PROD010,2024-09-14,2024-09-16,2,0.15,Retail Store
ORD02208,CUST336,PROD007,2024-09-14,2024-09-15,1,0.05,Online
ORD02209,CUST173,PROD004,2024-09-14,2024-09-16,2,0.05,Retail Store
ORD02210,CUST461,PROD010,2024-09-15,2024-09-17,2,0.15,Retail Store
ORD02211,CUST234,PROD015,2024-09-15,2024-09-18,1,0.0,Online
ORD02212,CUST060,PROD019,2024-09-15,2024-09-18,1,0.1,Mobile App
ORD02213,CUST438,PROD015,2024-09-15,2024-09-18,2,0.15,Retail Store
ORD02214,CUST094,PROD007,2024-09-15,2024-09-21,3,0.0,Mobile App
ORD02215,CUST247,PROD018,2024-09-15,2024-09-21,1,0.2,Online
ORD02216,CUST228,PROD004,2024-09-15,2024-09-20,1,0.0,Retail Store
ORD02217,CUST169,PROD006,2024-09-15,2024-09-19,1,0.2,Mobile App
ORD02218,CUST425,PROD014,2024-09-15,2024-09-21,1,0.1,Retail Store
ORD02219,CUST221,PROD006,2024-09-15,2024-09-19,1,0.0,Online
ORD02220,CUST314,PROD018,2024-09-16,2024-09-19,1,0.2,Retail Store
ORD02221,CUST113,PROD007,2024-09-16,2024-09-20,1,0.0,Retail Store
ORD02222,CUST340,PROD016,2024-09-16,2024-09-19,1,0.2,Mobile App
ORD02223,CUST384,PROD009,2024-09-16,2024-09-17,1,0.0,Retail Store
ORD02224,CUST490,PROD016,2024-09-16,2024-09-20,1,0.0,Online
ORD02225,CUST037,PROD003,2024-09-16,2024-09-20,4,0.05,Mobile App
ORD02226,CUST470,PROD008,2024-09-16,2024-09-21,1,0.15,Retail Store
ORD02227,CUST331,PROD019,2024-09-16,2024-09-18,1,0.0,Online
ORD02228,CUST252,PROD015,2024-09-16,2024-09-19,1,0.1,Retail Store
ORD02229,CUST159,PROD020,2024-09-17,2024-09-18,2,0.2,Mobile App
ORD02230,CUST367,PROD004,2024-09-17,2024-09-23,4,0.15,Retail Store
ORD02231,CUST023,PROD001,2024-09-17,2024-09-18,1,0.05,Online
ORD02232,CUST150,PROD014,2024-09-17,2024-09-20,1,0.05,Mobile App
ORD02233,CUST286,PROD002,2024-09-17,2024-09-22,1,0.2,Mobile App
ORD02234,CUST377,PROD005,2024-09-17,2024-09-19,1,0.0,Online
ORD02235,CUST210,PROD004,2024-09-17,2024-09-22,1,0.0,Mobile App
ORD02236,CUST354,PROD010,2024-09-17,2024-09-18,1,0.1,Retail Store
ORD02237,CUST212,PROD017,2024-09-17,2024-09-20,1,0.1,Mobile App
ORD02238,CUST232,PROD010,2024-09-17,2024-09-19,1,0.05,Retail Store
ORD02239,CUST128,PROD002,2024-09-17,2024-09-20,1,0.0,Mobile App
ORD02240,CUST428,PROD009,2024-09-18,2024-09-23,2,0.2,Online
ORD02241,CUST414,PROD018,2024-09-18,2024-09-23,2,0.05,Retail Store
ORD02242,CUST088,PROD013,2024-09-18,2024-09-22,1,0.2,Retail Store
ORD02243,CUST305,PROD012,2024-09-18,2024-09-21,2,0.05,Mobile App
ORD02244,CUST078,PROD013,2024-09-18,2024-09-23,1,0.0,Online
ORD02245,CUST048,PROD013,2024-09-18,2024-09-20,1,0.2,Mobile App
ORD02246,CUST202,PROD010,2024-09-18,2024-09-20,1,0.2,Online
ORD02247,CUST211,PROD004,2024-09-18,2024-09-22,1,0.0,Mobile App
ORD02248,CUST466,PROD013,2024-09-18,2024-09-21,1,0.2,Online
ORD02249,CUST080,PROD015,2024-09-18,2024-09-23,1,0.05,Online
ORD02250,CUST033,PROD007,2024-09-18,2024-09-19,1,0.0,Mobile App
ORD02251,CUST242,PROD016,2024-09-18,2024-09-19,1,0.0,Mobile App
ORD02252,CUST114,PROD014,2024-09-18,2024-09-23,2,0.15,Retail Store
ORD02253,CUST188,PROD011,2024-09-18,2024-09-22,3,0.2,Online
ORD02254,CUST035,PROD012,2024-09-19,2024-09-20,2,0.0,Mobile App
ORD02255,CUST185,PROD015,2024-09-19,2024-09-24,2,0.2,Online
ORD02256,CUST402,PROD001,2024-09-19,2024-09-21,1,0.0,Online
ORD02257,CUST349,PROD017,2024-09-19,2024-09-21,1,0.0,Mobile App
ORD02258,CUST024,PROD014,2024-09-20,2024-09-21,2,0.1,Online
ORD02259,CUST046,PROD016,2024-09-20,2024-09-25,1,0.0,Online
ORD02260,CUST405,PROD003,2024-09-20,2024-09-25,3,0.1,Mobile App
ORD02261,CUST390,PROD014,2024-09-20,2024-09-21,1,0.05,Online
ORD02262,CUST355,PROD011,2024-09-20,2024-09-22,2,0.0,Online
ORD02263,CUST084,PROD003,2024-09-20,2024-09-22,1,0.0,Retail Store
ORD02264,CUST100,PROD017,2024-09-20,2024-09-25,1,0.15,Online
ORD02265,CUST046,PROD010,2024-09-20,2024-09-24,2,0.0,Retail Store
ORD02266,CUST454,PROD009,2024-09-20,2024-09-25,4,0.1,Retail Store
ORD02267,CUST336,PROD011,2024-09-20,2024-09-24,4,0.15,Retail Store
ORD02268,CUST435,PROD001,2024-09-20,2024-09-24,2,0.0,Retail Store
ORD02269,CUST032,PROD009,2024-09-20,2024-09-21,2,0.2,Mobile App
ORD02270,CUST306,PROD020,2024-09-20,2024-09-25,1,0.1,Mobile App
ORD02271,CUST467,PROD006,2024-09-21,2024-09-26,4,0.1,Online
ORD02272,CUST322,PROD020,2024-09-21,2024-09-25,1,0.1,Mobile App
ORD02273,CUST486,PROD017,2024-09-21,2024-09-24,1,0.2,Mobile App
ORD02274,CUST390,PROD009,2024-09-21,2024-09-24,2,0.0,Online
ORD02275,CUST313,PROD019,2024-09-21,2024-09-25,1,0.15,Online
ORD02276,CUST048,PROD003,2024-09-21,2024-09-23,2,0.0,Online
ORD02277,CUST396,PROD007,2024-09-21,2024-09-23,1,0.0,Online
ORD02278,CUST312,PROD017,2024-09-21,2024-09-27,1,0.2,Mobile App
ORD02279,CUST479,PROD017,2024-09-21,2024-09-24,3,0.05,Retail Store
ORD02280,CUST004,PROD001,2024-09-21,2024-09-22,4,0.0,Mobile App
ORD02281,CUST119,PROD007,2024-09-21,2024-09-23,1,0.0,Retail Store
ORD02282,CUST247,PROD004,2024-09-21,2024-09-22,1,0.2,Online
ORD02283,CUST352,PROD019,2024-09-22,2024-09-26,2,0.1,Mobile App
ORD02284,CUST017,PROD009,2024-09-22,2024-09-27,1,0.0,Retail Store
ORD02285,CUST434,PROD001,2024-09-22,2024-09-23,3,0.2,Online
ORD02286,CUST018,PROD011,2024-09-23,2024-09-27,2,0.0,Retail Store
ORD02287,CUST409,PROD017,2024-09-23,2024-09-29,3,0.05,Online
ORD02288,CUST231,PROD011,2024-09-23,2024-09-26,1,0.1,Mobile App
ORD02289,CUST237,PROD003,2024-09-23,2024-09-27,1,0.1,Online
ORD02290,CUST237,PROD019,2024-09-23,2024-09-28,2,0.1,Mobile App
ORD02291,CUST019,PROD016,2024-09-23,2024-09-25,2,0.05,Online
ORD02292,CUST447,PROD006,2024-09-23,2024-09-26,2,0.2,Retail Store
ORD02293,CUST143,PROD011,2024-09-23,2024-09-28,1,0.15,Online
ORD02294,CUST481,PROD003,2024-09-23,2024-09-27,2,0.0,Online
ORD02295,CUST071,PROD020,2024-09-23,2024-09-25,2,0.05,Retail Store
ORD02296,CUST065,PROD015,2024-09-23,2024-09-26,1,0.1,Retail Store
ORD02297,CUST373,PROD019,2024-09-23,2024-09-24,2,0.1,Online
ORD02298,CUST024,PROD003,2024-09-24,2024-09-30,1,0.15,Retail Store
ORD02299,CUST217,PROD017,2024-09-24,2024-09-28,1,0.1,Retail Store
ORD02300,CUST485,PROD003,2024-09-24,2024-09-30,1,0.0,Online
ORD02301,CUST069,PROD014,2024-09-24,2024-09-30,2,0.1,Online
ORD02302,CUST167,PROD009,2024-09-24,2024-09-30,2,0.15,Mobile App
ORD02303,CUST065,PROD012,2024-09-24,2024-09-29,1,0.0,Online
ORD02304,CUST496,PROD004,2024-09-24,2024-09-27,1,0.0,Retail Store
ORD02305,CUST327,PROD005,2024-09-24,2024-09-28,2,0.0,Mobile App
ORD02306,CUST331,PROD005,2024-09-24,2024-09-29,1,0.15,Online
ORD02307,CUST123,PROD016,2024-09-24,2024-09-25,1,0.1,Mobile App
ORD02308,CUST130,PROD011,2024-09-24,2024-09-28,1,0.0,Mobile App
ORD02309,CUST464,PROD018,2024-09-24,2024-09-25,1,0.2,Retail Store
ORD02310,CUST162,PROD004,2024-09-24,2024-09-27,4,0.15,Online
ORD02311,CUST435,PROD009,2024-09-25,2024-09-26,1,0.05,Mobile App
ORD02312,CUST497,PROD002,2024-09-25,2024-09-26,2,0.0,Online
ORD02313,CUST126,PROD014,2024-09-25,2024-09-29,1,0.15,Retail Store
ORD02314,CUST433,PROD010,2024-09-25,2024-10-01,1,0.05,Online
ORD02315,CUST494,PROD008,2024-09-25,2024-09-30,2,0.05,Online
ORD02316,CUST168,PROD014,2024-09-25,2024-09-27,1,0.2,Mobile App
ORD02317,CUST168,PROD020,2024-09-25,2024-09-28,1,0.15,Retail Store
ORD02318,CUST323,PROD014,2024-09-25,2024-09-28,1,0.1,Retail Store
ORD02319,CUST254,PROD005,2024-09-25,2024-09-26,2,0.05,Mobile App
ORD02320,CUST123,PROD020,2024-09-25,2024-09-28,1,0.1,Retail Store
ORD02321,CUST037,PROD012,2024-09-26,2024-09-28,2,0.0,Online
ORD02322,CUST144,PROD006,2024-09-26,2024-10-01,1,0.2,Retail Store
ORD02323,CUST096,PROD018,2024-09-26,2024-09-28,1,0.1,Mobile App
ORD02324,CUST484,PROD001,2024-09-26,2024-09-28,2,0.15,Retail Store
ORD02325,CUST034,PROD003,2024-09-26,2024-10-02,1,0.05,Retail Store
ORD02326,CUST391,PROD017,2024-09-26,2024-09-27,2,0.05,Retail Store
ORD02327,CUST269,PROD003,2024-09-26,2024-10-02,4,0.15,Online
ORD02328,CUST143,PROD018,2024-09-27,2024-09-29,1,0.2,Mobile App
ORD02329,CUST059,PROD004,2024-09-27,2024-09-30,1,0.0,Online
ORD02330,CUST067,PROD007,2024-09-27,2024-10-02,2,0.15,Online
ORD02331,CUST061,PROD002,2024-09-27,2024-10-02,3,0.05,Retail Store
ORD02332,CUST358,PROD015,2024-09-27,2024-09-28,1,0.1,Mobile App
ORD02333,CUST110,PROD001,2024-09-27,2024-09-29,1,0.0,Mobile App
ORD02334,CUST263,PROD008,2024-09-28,2024-10-04,3,0.2,Online
ORD02335,CUST115,PROD015,2024-09-28,2024-10-01,3,0.2,Online
ORD02336,CUST488,PROD006,2024-09-28,2024-09-30,1,0.2,Online
ORD02337,CUST251,PROD016,2024-09-28,2024-10-02,4,0.2,Mobile App
ORD02338,CUST145,PROD001,2024-09-28,2024-09-30,1,0.2,Mobile App
ORD02339,CUST002,PROD019,2024-09-29,2024-10-04,3,0.0,Mobile App
ORD02340,CUST469,PROD009,2024-09-29,2024-09-30,1,0.15,Online
ORD02341,CUST302,PROD004,2024-09-29,2024-10-01,1,0.2,Mobile App
ORD02342,CUST125,PROD005,2024-09-29,2024-10-03,1,0.0,Online
ORD02343,CUST017,PROD002,2024-09-29,2024-10-03,1,0.0,Mobile App
ORD02344,CUST005,PROD002,2024-09-29,2024-09-30,2,0.2,Online
ORD02345,CUST009,PROD020,2024-09-29,2024-10-01,2,0.15,Online
ORD02346,CUST146,PROD009,2024-09-29,2024-10-02,1,0.15,Online
ORD02347,CUST326,PROD002,2024-09-30,2024-10-01,1,0.0,Retail Store
ORD02348,CUST252,PROD009,2024-09-30,2024-10-06,1,0.0,Mobile App
ORD02349,CUST124,PROD008,2024-09-30,2024-10-06,1,0.15,Retail Store
ORD02350,CUST127,PROD015,2024-09-30,2024-10-04,1,0.0,Online
ORD02351,CUST130,PROD012,2024-09-30,2024-10-04,1,0.05,Mobile App
ORD02352,CUST172,PROD009,2024-09-30,2024-10-01,1,0.1,Mobile App
ORD02353,CUST042,PROD017,2024-09-30,2024-10-03,1,0.2,Retail Store
ORD02354,CUST233,PROD007,2024-09-30,2024-10-03,2,0.0,Retail Store
ORD02355,CUST434,PROD003,2024-09-30,2024-10-04,2,0.05,Online
ORD02356,CUST094,PROD018,2024-10-01,2024-10-06,1,0.05,Online
ORD02357,CUST447,PROD001,2024-10-01,2024-10-07,1,0.1,Mobile App
ORD02358,CUST255,PROD014,2024-10-01,2024-10-06,1,0.05,Retail Store
ORD02359,CUST385,PROD018,2024-10-01,2024-10-05,2,0.0,Online
ORD02360,CUST043,PROD005,2024-10-01,2024-10-04,1,0.0,Mobile App
ORD02361,CUST412,PROD006,2024-10-02,2024-10-08,2,0.0,Mobile App
ORD02362,CUST082,PROD018,2024-10-02,2024-10-05,3,0.0,Online
ORD02363,CUST337,PROD011,2024-10-02,2024-10-08,1,0.0,Online
ORD02364,CUST131,PROD015,2024-10-02,2024-10-08,1,0.0,Mobile App
ORD02365,CUST141,PROD012,2024-10-02,2024-10-08,1,0.15,Retail Store
ORD02366,CUST156,PROD004,2024-10-02,2024-10-05,1,0.0,Retail Store
ORD02367,CUST348,PROD013,2024-10-02,2024-10-06,2,0.0,Mobile App
ORD02368,CUST315,PROD019,2024-10-02,2024-10-07,1,0.1,Retail Store
ORD02369,CUST233,PROD010,2024-10-02,2024-10-06,1,0.0,Retail Store
ORD02370,CUST417,PROD005,2024-10-02,2024-10-08,1,0.15,Mobile App
ORD02371,CUST473,PROD001,2024-10-02,2024-10-06,1,0.0,Retail Store
ORD02372,CUST468,PROD001,2024-10-02,2024-10-07,4,0.15,Online
ORD02373,CUST494,PROD013,2024-10-03,2024-10-05,1,0.05,Online
ORD02374,CUST263,PROD007,2024-10-03,2024-10-07,1,0.2,Mobile App
ORD02375,CUST365,PROD018,2024-10-03,2024-10-04,1,0.0,Retail Store
ORD02376,CUST380,PROD020,2024-10-03,2024-10-07,1,0.0,Mobile App
ORD02377,CUST271,PROD011,2024-10-03,2024-10-04,1,0.15,Online
ORD02378,CUST248,PROD004,2024-10-03,2024-10-09,1,0.15,Online
ORD02379,CUST406,PROD013,2024-10-03,2024-10-09,1,0.0,Retail Store
ORD02380,CUST410,PROD010,2024-10-04,2024-10-10,2,0.0,Online
ORD02381,CUST089,PROD007,2024-10-04,2024-10-08,1,0.2,Mobile App
ORD02382,CUST242,PROD020,2024-10-04,2024-10-05,1,0.0,Online
ORD02383,CUST124,PROD015,2024-10-04,2024-10-06,2,0.0,Mobile App
ORD02384,CUST485,PROD011,2024-10-04,2024-10-08,3,0.15,Retail Store
ORD02385,CUST104,PROD018,2024-10-04,2024-10-09,2,0.0,Online
ORD02386,CUST025,PROD008,2024-10-04,2024-10-07,1,0.0,Online
ORD02387,CUST179,PROD004,2024-10-04,2024-10-08,2,0.0,Retail Store
ORD02388,CUST438,PROD003,2024-10-04,2024-10-06,1,0.15,Online
ORD02389,CUST282,PROD011,2024-10-04,2024-10-06,3,0.2,Mobile App
ORD02390,CUST482,PROD005,2024-10-04,2024-10-10,1,0.15,Mobile App
ORD02391,CUST113,PROD012,2024-10-04,2024-10-10,2,0.0,Online
ORD02392,CUST192,PROD020,2024-10-05,2024-10-09,2,0.2,Online
ORD02393,CUST354,PROD004,2024-10-05,2024-10-11,1,0.0,Retail Store
ORD02394,CUST127,PROD002,2024-10-05,2024-10-11,1,0.2,Mobile App
ORD02395,CUST391,PROD013,2024-10-05,2024-10-08,1,0.2,Online
ORD02396,CUST013,PROD016,2024-10-05,2024-10-09,1,0.0,Online
ORD02397,CUST493,PROD015,2024-10-05,2024-10-09,2,0.05,Mobile App
ORD02398,CUST332,PROD005,2024-10-05,2024-10-09,1,0.05,Mobile App
ORD02399,CUST009,PROD019,2024-10-05,2024-10-08,2,0.05,Mobile App
ORD02400,CUST470,PROD004,2024-10-05,2024-10-06,1,0.05,Mobile App
ORD02401,CUST333,PROD002,2024-10-05,2024-10-06,2,0.15,Online
ORD02402,CUST344,PROD004,2024-10-06,2024-10-08,1,0.0,Online
ORD02403,CUST116,PROD007,2024-10-06,2024-10-08,1,0.0,Mobile App
ORD02404,CUST231,PROD013,2024-10-06,2024-10-12,1,0.0,Mobile App
ORD02405,CUST443,PROD012,2024-10-06,2024-10-11,1,0.1,Retail Store
ORD02406,CUST431,PROD008,2024-10-06,2024-10-10,1,0.0,Mobile App
ORD02407,CUST478,PROD016,2024-10-06,2024-10-11,1,0.15,Mobile App
ORD02408,CUST358,PROD020,2024-10-06,2024-10-10,1,0.05,Mobile App
ORD02409,CUST444,PROD011,2024-10-06,2024-10-07,2,0.05,Mobile App
ORD02410,CUST244,PROD016,2024-10-06,2024-10-09,2,0.0,Mobile App
ORD02411,CUST134,PROD015,2024-10-06,2024-10-08,2,0.0,Mobile App
ORD02412,CUST114,PROD017,2024-10-07,2024-10-13,2,0.0,Online
ORD02413,CUST440,PROD017,2024-10-07,2024-10-12,1,0.1,Retail Store
ORD02414,CUST391,PROD008,2024-10-07,2024-10-11,4,0.0,Mobile App
ORD02415,CUST453,PROD002,2024-10-07,2024-10-09,2,0.0,Mobile App
ORD02416,CUST444,PROD003,2024-10-07,2024-10-13,1,0.05,Online
ORD02417,CUST041,PROD008,2024-10-07,2024-10-12,1,0.0,Mobile App
ORD02418,CUST086,PROD020,2024-10-07,2024-10-13,4,0.0,Online
ORD02419,CUST211,PROD011,2024-10-07,2024-10-11,1,0.15,Online
ORD02420,CUST483,PROD004,2024-10-07,2024-10-12,2,0.2,Mobile App
ORD02421,CUST029,PROD009,2024-10-07,2024-10-10,1,0.2,Online
ORD02422,CUST032,PROD017,2024-10-07,2024-10-13,3,0.0,Retail Store
ORD02423,CUST493,PROD001,2024-10-08,2024-10-10,1,0.15,Retail Store
ORD02424,CUST044,PROD018,2024-10-08,2024-10-11,1,0.05,Mobile App
ORD02425,CUST123,PROD015,2024-10-08,2024-10-11,1,0.0,Online
ORD02426,CUST019,PROD016,2024-10-08,2024-10-10,1,0.0,Mobile App
ORD02427,CUST261,PROD003,2024-10-08,2024-10-11,1,0.0,Retail Store
ORD02428,CUST337,PROD005,2024-10-08,2024-10-11,1,0.2,Retail Store
ORD02429,CUST149,PROD014,2024-10-08,2024-10-09,3,0.0,Retail Store
ORD02430,CUST325,PROD004,2024-10-08,2024-10-13,2,0.05,Mobile App
ORD02431,CUST133,PROD019,2024-10-08,2024-10-13,1,0.0,Online
ORD02432,CUST146,PROD013,2024-10-09,2024-10-10,4,0.0,Retail Store
ORD02433,CUST497,PROD017,2024-10-09,2024-10-13,1,0.2,Mobile App
ORD02434,CUST351,PROD015,2024-10-09,2024-10-11,1,0.0,Mobile App
ORD02435,CUST316,PROD013,2024-10-09,2024-10-13,1,0.0,Mobile App
ORD02436,CUST061,PROD018,2024-10-09,2024-10-10,4,0.0,Retail Store
ORD02437,CUST204,PROD016,2024-10-09,2024-10-10,2,0.0,Mobile App
ORD02438,CUST324,PROD011,2024-10-09,2024-10-13,2,0.0,Retail Store
ORD02439,CUST363,PROD015,2024-10-10,2024-10-11,4,0.0,Retail Store
ORD02440,CUST426,PROD019,2024-10-10,2024-10-16,2,0.0,Retail Store
ORD02441,CUST348,PROD001,2024-10-10,2024-10-11,2,0.1,Mobile App
ORD02442,CUST365,PROD014,2024-10-10,2024-10-13,1,0.15,Mobile App
ORD02443,CUST181,PROD008,2024-10-10,2024-10-14,2,0.0,Mobile App
ORD02444,CUST437,PROD005,2024-10-11,2024-10-12,1,0.0,Online
ORD02445,CUST469,PROD008,2024-10-11,2024-10-13,2,0.0,Online
ORD02446,CUST022,PROD003,2024-10-11,2024-10-12,1,0.0,Online
ORD02447,CUST277,PROD009,2024-10-11,2024-10-14,1,0.15,Mobile App
ORD02448,CUST142,PROD002,2024-10-11,2024-10-17,3,0.0,Retail Store
ORD02449,CUST053,PROD018,2024-10-11,2024-10-17,2,0.2,Retail Store
ORD02450,CUST089,PROD020,2024-10-11,2024-10-12,2,0.05,Mobile App
ORD02451,CUST147,PROD003,2024-10-11,2024-10-14,1,0.05,Online
ORD02452,CUST324,PROD005,2024-10-11,2024-10-15,1,0.2,Mobile App
ORD02453,CUST126,PROD018,2024-10-11,2024-10-16,2,0.2,Online
ORD02454,CUST311,PROD005,2024-10-11,2024-10-17,2,0.15,Retail Store
ORD02455,CUST367,PROD005,2024-10-12,2024-10-18,1,0.05,Online
ORD02456,CUST002,PROD004,2024-10-12,2024-10-13,2,0.0,Retail Store
ORD02457,CUST440,PROD007,2024-10-12,2024-10-13,4,0.05,Mobile App
ORD02458,CUST347,PROD014,2024-10-12,2024-10-15,1,0.15,Retail Store
ORD02459,CUST313,PROD013,2024-10-12,2024-10-15,2,0.0,Mobile App
ORD02460,CUST109,PROD005,2024-10-12,2024-10-16,4,0.1,Online
ORD02461,CUST082,PROD019,2024-10-12,2024-10-16,1,0.0,Retail Store
ORD02462,CUST177,PROD006,2024-10-12,2024-10-15,1,0.15,Mobile App
ORD02463,CUST243,PROD002,2024-10-12,2024-10-16,1,0.05,Online
ORD02464,CUST005,PROD013,2024-10-13,2024-10-15,1,0.15,Retail Store
ORD02465,CUST484,PROD018,2024-10-13,2024-10-15,1,0.05,Retail Store
ORD02466,CUST392,PROD018,2024-10-13,2024-10-18,2,0.0,Online
ORD02467,CUST073,PROD010,2024-10-13,2024-10-15,1,0.0,Mobile App
ORD02468,CUST026,PROD016,2024-10-13,2024-10-16,1,0.15,Retail Store
ORD02469,CUST287,PROD011,2024-10-13,2024-10-15,2,0.05,Online
ORD02470,CUST470,PROD014,2024-10-13,2024-10-18,2,0.0,Online
ORD02471,CUST187,PROD013,2024-10-13,2024-10-17,1,0.0,Retail Store
ORD02472,CUST276,PROD015,2024-10-13,2024-10-16,3,0.0,Mobile App
ORD02473,CUST263,PROD006,2024-10-14,2024-10-18,1,0.0,Online
ORD02474,CUST171,PROD017,2024-10-14,2024-10-19,2,0.0,Mobile App
ORD02475,CUST465,PROD001,2024-10-14,2024-10-20,4,0.0,Online
ORD02476,CUST221,PROD007,2024-10-14,2024-10-16,1,0.0,Mobile App
ORD02477,CUST235,PROD007,2024-10-14,2024-10-16,3,0.2,Retail Store
ORD02478,CUST425,PROD008,2024-10-14,2024-10-15,1,0.15,Online
ORD02479,CUST466,PROD003,2024-10-14,2024-10-15,2,0.1,Mobile App
ORD02480,CUST029,PROD018,2024-10-14,2024-10-18,4,0.1,Mobile App
ORD02481,CUST488,PROD007,2024-10-14,2024-10-16,2,0.1,Retail Store
ORD02482,CUST470,PROD018,2024-10-14,2024-10-17,1,0.0,Retail Store
ORD02483,CUST467,PROD018,2024-10-14,2024-10-18,1,0.1,Online
ORD02484,CUST096,PROD004,2024-10-15,2024-10-18,1,0.05,Retail Store
ORD02485,CUST475,PROD001,2024-10-15,2024-10-21,1,0.05,Mobile App
ORD02486,CUST411,PROD016,2024-10-15,2024-10-21,2,0.0,Mobile App
ORD02487,CUST336,PROD009,2024-10-15,2024-10-17,1,0.0,Mobile App
ORD02488,CUST004,PROD020,2024-10-15,2024-10-18,1,0.1,Mobile App
ORD02489,CUST395,PROD010,2024-10-15,2024-10-18,2,0.05,Mobile App
ORD02490,CUST015,PROD008,2024-10-15,2024-10-17,1,0.0,Online
ORD02491,CUST048,PROD004,2024-10-15,2024-10-20,1,0.0,Online
ORD02492,CUST227,PROD020,2024-10-15,2024-10-19,1,0.15,Mobile App
ORD02493,CUST021,PROD007,2024-10-16,2024-10-21,1,0.05,Mobile App
ORD02494,CUST200,PROD020,2024-10-16,2024-10-21,1,0.1,Online
ORD02495,CUST017,PROD015,2024-10-16,2024-10-17,4,0.05,Online
ORD02496,CUST339,PROD019,2024-10-16,2024-10-17,2,0.0,Retail Store
ORD02497,CUST055,PROD005,2024-10-16,2024-10-19,3,0.0,Online
ORD02498,CUST396,PROD011,2024-10-16,2024-10-22,2,0.05,Retail Store
ORD02499,CUST257,PROD001,2024-10-16,2024-10-18,1,0.0,Mobile App
ORD02500,CUST482,PROD005,2024-10-16,2024-10-18,1,0.15,Mobile App
ORD02501,CUST181,PROD007,2024-10-16,2024-10-18,1,0.0,Mobile App
ORD02502,CUST091,PROD016,2024-10-17,2024-10-23,3,0.15,Retail Store
ORD02503,CUST466,PROD003,2024-10-17,2024-10-22,3,0.05,Mobile App
ORD02504,CUST350,PROD020,2024-10-17,2024-10-23,2,0.05,Mobile App
ORD02505,CUST306,PROD009,2024-10-17,2024-10-22,3,0.0,Mobile App
ORD02506,CUST490,PROD013,2024-10-18,2024-10-23,1,0.2,Retail Store
ORD02507,CUST191,PROD001,2024-10-18,2024-10-21,1,0.05,Retail Store
ORD02508,CUST023,PROD003,2024-10-18,2024-10-22,2,0.2,Online
ORD02509,CUST408,PROD001,2024-10-18,2024-10-21,1,0.1,Online
ORD02510,CUST328,PROD011,2024-10-18,2024-10-24,1,0.2,Mobile App
ORD02511,CUST414,PROD009,2024-10-18,2024-10-24,2,0.2,Mobile App
ORD02512,CUST143,PROD016,2024-10-18,2024-10-24,1,0.0,Mobile App
ORD02513,CUST221,PROD009,2024-10-18,2024-10-19,1,0.0,Retail Store
ORD02514,CUST218,PROD005,2024-10-18,2024-10-21,1,0.2,Mobile App
ORD02515,CUST083,PROD020,2024-10-18,2024-10-22,1,0.0,Retail Store
ORD02516,CUST426,PROD003,2024-10-18,2024-10-19,1,0.0,Retail Store
ORD02517,CUST051,PROD012,2024-10-18,2024-10-20,1,0.0,Mobile App
ORD02518,CUST479,PROD009,2024-10-18,2024-10-24,2,0.15,Mobile App
ORD02519,CUST212,PROD017,2024-10-18,2024-10-19,1,0.15,Mobile App
ORD02520,CUST414,PROD018,2024-10-18,2024-10-24,2,0.1,Online
ORD02521,CUST426,PROD020,2024-10-18,2024-10-20,1,0.1,Mobile App
ORD02522,CUST297,PROD015,2024-10-18,2024-10-20,1,0.0,Mobile App
ORD02523,CUST076,PROD012,2024-10-18,2024-10-22,4,0.1,Online
ORD02524,CUST388,PROD002,2024-10-19,2024-10-22,2,0.0,Mobile App
ORD02525,CUST128,PROD010,2024-10-19,2024-10-24,1,0.15,Online
ORD02526,CUST043,PROD003,2024-10-19,2024-10-21,2,0.0,Online
ORD02527,CUST073,PROD001,2024-10-19,2024-10-20,1,0.15,Online
ORD02528,CUST278,PROD006,2024-10-19,2024-10-21,1,0.2,Online
ORD02529,CUST478,PROD014,2024-10-19,2024-10-24,4,0.15,Mobile App
ORD02530,CUST365,PROD018,2024-10-19,2024-10-21,4,0.2,Retail Store
ORD02531,CUST479,PROD001,2024-10-20,2024-10-23,4,0.15,Retail Store
ORD02532,CUST243,PROD017,2024-10-20,2024-10-25,3,0.2,Mobile App
ORD02533,CUST315,PROD017,2024-10-20,2024-10-26,4,0.0,Online
ORD02534,CUST254,PROD015,2024-10-20,2024-10-24,1,0.2,Online
ORD02535,CUST355,PROD018,2024-10-20,2024-10-24,3,0.0,Online
ORD02536,CUST435,PROD002,2024-10-20,2024-10-23,1,0.0,Mobile App
ORD02537,CUST179,PROD007,2024-10-20,2024-10-26,2,0.05,Mobile App
ORD02538,CUST356,PROD001,2024-10-20,2024-10-21,1,0.15,Online
ORD02539,CUST433,PROD016,2024-10-20,2024-10-24,1,0.0,Online
ORD02540,CUST477,PROD009,2024-10-21,2024-10-25,1,0.2,Mobile App
ORD02541,CUST497,PROD005,2024-10-21,2024-10-24,2,0.0,Online
ORD02542,CUST404,PROD020,2024-10-21,2024-10-23,1,0.0,Retail Store
ORD02543,CUST153,PROD017,2024-10-21,2024-10-27,1,0.1,Mobile App
ORD02544,CUST311,PROD006,2024-10-21,2024-10-22,1,0.15,Online
ORD02545,CUST143,PROD019,2024-10-21,2024-10-27,1,0.0,Online
ORD02546,CUST237,PROD003,2024-10-21,2024-10-23,1,0.15,Online
ORD02547,CUST005,PROD013,2024-10-21,2024-10-27,2,0.0,Retail Store
ORD02548,CUST033,PROD020,2024-10-21,2024-10-27,2,0.2,Mobile App
ORD02549,CUST148,PROD020,2024-10-21,2024-10-27,1,0.0,Retail Store
ORD02550,CUST156,PROD016,2024-10-22,2024-10-23,2,0.0,Mobile App
ORD02551,CUST113,PROD011,2024-10-22,2024-10-27,1,0.0,Mobile App
ORD02552,CUST202,PROD020,2024-10-22,2024-10-23,1,0.15,Mobile App
ORD02553,CUST256,PROD008,2024-10-22,2024-10-25,1,0.0,Online
ORD02554,CUST250,PROD012,2024-10-22,2024-10-28,1,0.1,Retail Store
ORD02555,CUST398,PROD007,2024-10-23,2024-10-24,4,0.0,Mobile App
ORD02556,CUST493,PROD020,2024-10-23,2024-10-29,4,0.0,Online
ORD02557,CUST414,PROD013,2024-10-23,2024-10-25,3,0.1,Mobile App
ORD02558,CUST096,PROD013,2024-10-23,2024-10-28,1,0.2,Mobile App
ORD02559,CUST244,PROD016,2024-10-23,2024-10-26,2,0.1,Mobile App
ORD02560,CUST055,PROD016,2024-10-23,2024-10-25,2,0.0,Online
ORD02561,CUST361,PROD010,2024-10-23,2024-10-28,1,0.2,Retail Store
ORD02562,CUST072,PROD017,2024-10-23,2024-10-25,2,0.15,Retail Store
ORD02563,CUST253,PROD009,2024-10-23,2024-10-24,1,0.0,Mobile App
ORD02564,CUST285,PROD003,2024-10-23,2024-10-24,1,0.2,Retail Store
ORD02565,CUST255,PROD018,2024-10-23,2024-10-29,4,0.05,Online
ORD02566,CUST210,PROD017,2024-10-24,2024-10-27,1,0.0,Mobile App
ORD02567,CUST317,PROD001,2024-10-24,2024-10-29,1,0.2,Retail Store
ORD02568,CUST046,PROD017,2024-10-24,2024-10-26,1,0.15,Online
ORD02569,CUST445,PROD002,2024-10-24,2024-10-26,1,0.05,Online
ORD02570,CUST462,PROD020,2024-10-24,2024-10-26,1,0.15,Mobile App
ORD02571,CUST386,PROD013,2024-10-24,2024-10-30,1,0.0,Mobile App
ORD02572,CUST377,PROD011,2024-10-24,2024-10-25,2,0.0,Retail Store
ORD02573,CUST059,PROD005,2024-10-24,2024-10-28,1,0.1,Mobile App
ORD02574,CUST258,PROD004,2024-10-24,2024-10-25,1,0.2,Online
ORD02575,CUST052,PROD013,2024-10-24,2024-10-26,1,0.15,Retail Store
ORD02576,CUST203,PROD008,2024-10-24,2024-10-26,3,0.0,Mobile App
ORD02577,CUST477,PROD011,2024-10-24,2024-10-26,2,0.15,Online
ORD02578,CUST251,PROD008,2024-10-24,2024-10-25,1,0.15,Mobile App
ORD02579,CUST144,PROD015,2024-10-24,2024-10-29,1,0.1,Mobile App
ORD02580,CUST421,PROD013,2024-10-25,2024-10-31,1,0.0,Mobile App
ORD02581,CUST496,PROD011,2024-10-25,2024-10-31,2,0.05,Retail Store
ORD02582,CUST259,PROD012,2024-10-25,2024-10-28,1,0.15,Mobile App
ORD02583,CUST450,PROD013,2024-10-25,2024-10-29,3,0.0,Retail Store
ORD02584,CUST021,PROD008,2024-10-25,2024-10-27,1,0.2,Online
ORD02585,CUST141,PROD018,2024-10-25,2024-10-31,3,0.15,Retail Store
ORD02586,CUST109,PROD015,2024-10-25,2024-10-26,3,0.2,Retail Store
ORD02587,CUST062,PROD017,2024-10-26,2024-10-28,1,0.15,Retail Store
ORD02588,CUST424,PROD002,2024-10-26,2024-10-30,2,0.15,Online
ORD02589,CUST016,PROD008,2024-10-26,2024-10-27,1,0.1,Mobile App
ORD02590,CUST391,PROD007,2024-10-26,2024-11-01,1,0.05,Mobile App
ORD02591,CUST356,PROD006,2024-10-26,2024-10-31,1,0.0,Online
ORD02592,CUST076,PROD007,2024-10-26,2024-10-30,1,0.2,Retail Store
ORD02593,CUST056,PROD018,2024-10-26,2024-10-28,1,0.1,Mobile App
ORD02594,CUST444,PROD001,2024-10-27,2024-10-28,2,0.05,Mobile App
ORD02595,CUST166,PROD005,2024-10-27,2024-10-28,3,0.0,Retail Store
ORD02596,CUST092,PROD002,2024-10-27,2024-10-31,4,0.15,Mobile App
ORD02597,CUST086,PROD003,2024-10-27,2024-10-28,1,0.0,Online
ORD02598,CUST389,PROD010,2024-10-27,2024-10-29,1,0.0,Online
ORD02599,CUST138,PROD010,2024-10-27,2024-10-28,3,0.2,Mobile App
ORD02600,CUST100,PROD019,2024-10-27,2024-10-29,1,0.2,Mobile App
ORD02601,CUST301,PROD014,2024-10-27,2024-11-01,2,0.15,Retail Store
ORD02602,CUST295,PROD011,2024-10-27,2024-10-29,2,0.15,Retail Store
ORD02603,CUST214,PROD002,2024-10-27,2024-10-29,1,0.0,Mobile App
ORD02604,CUST064,PROD016,2024-10-27,2024-11-02,2,0.1,Mobile App
ORD02605,CUST155,PROD008,2024-10-28,2024-10-31,1,0.05,Mobile App
ORD02606,CUST252,PROD013,2024-10-28,2024-11-01,1,0.0,Online
ORD02607,CUST125,PROD007,2024-10-28,2024-11-02,2,0.05,Online
ORD02608,CUST281,PROD007,2024-10-28,2024-11-02,1,0.1,Retail Store
ORD02609,CUST421,PROD006,2024-10-28,2024-10-31,1,0.0,Online
ORD02610,CUST107,PROD009,2024-10-28,2024-10-31,1,0.05,Mobile App
ORD02611,CUST398,PROD007,2024-10-28,2024-11-01,1,0.15,Online
ORD02612,CUST278,PROD006,2024-10-28,2024-11-01,1,0.15,Retail Store
ORD02613,CUST192,PROD016,2024-10-28,2024-11-02,1,0.0,Online
ORD02614,CUST440,PROD005,2024-10-28,2024-10-29,1,0.15,Online
ORD02615,CUST198,PROD001,2024-10-28,2024-10-30,1,0.05,Online
ORD02616,CUST052,PROD006,2024-10-28,2024-10-29,1,0.05,Online
ORD02617,CUST271,PROD007,2024-10-29,2024-11-04,4,0.2,Mobile App
ORD02618,CUST201,PROD018,2024-10-29,2024-11-04,1,0.15,Retail Store
ORD02619,CUST473,PROD004,2024-10-29,2024-11-01,1,0.05,Mobile App
ORD02620,CUST426,PROD015,2024-10-29,2024-10-30,2,0.2,Online
ORD02621,CUST101,PROD013,2024-10-29,2024-11-02,2,0.05,Online
ORD02622,CUST124,PROD015,2024-10-29,2024-10-31,1,0.05,Online
ORD02623,CUST449,PROD017,2024-10-29,2024-11-02,1,0.15,Retail Store
ORD02624,CUST395,PROD018,2024-10-29,2024-11-01,1,0.0,Retail Store
ORD02625,CUST115,PROD013,2024-10-29,2024-11-04,2,0.05,Online
ORD02626,CUST047,PROD003,2024-10-29,2024-11-04,1,0.0,Online
ORD02627,CUST330,PROD011,2024-10-29,2024-11-02,2,0.0,Mobile App
ORD02628,CUST230,PROD001,2024-10-30,2024-11-03,3,0.0,Mobile App
ORD02629,CUST192,PROD016,2024-10-30,2024-11-01,1,0.0,Retail Store
ORD02630,CUST036,PROD015,2024-10-30,2024-11-01,4,0.2,Retail Store
ORD02631,CUST075,PROD001,2024-10-30,2024-11-01,4,0.2,Retail Store
ORD02632,CUST203,PROD019,2024-10-30,2024-11-04,1,0.15,Mobile App
ORD02633,CUST119,PROD015,2024-10-30,2024-11-02,1,0.0,Online
ORD02634,CUST008,PROD004,2024-10-30,2024-11-05,4,0.15,Mobile App
ORD02635,CUST233,PROD004,2024-10-30,2024-11-05,2,0.05,Retail Store
ORD02636,CUST250,PROD002,2024-10-30,2024-11-05,1,0.1,Online
ORD02637,CUST362,PROD016,2024-10-30,2024-11-01,1,0.05,Online
ORD02638,CUST067,PROD019,2024-10-30,2024-11-02,3,0.0,Online
ORD02639,CUST067,PROD007,2024-10-30,2024-11-05,1,0.1,Online
ORD02640,CUST235,PROD008,2024-10-31,2024-11-04,1,0.0,Mobile App
ORD02641,CUST053,PROD008,2024-10-31,2024-11-01,1,0.0,Online
ORD02642,CUST349,PROD019,2024-10-31,2024-11-02,2,0.1,Retail Store
ORD02643,CUST413,PROD013,2024-10-31,2024-11-04,1,0.0,Online
ORD02644,CUST477,PROD005,2024-11-01,2024-11-03,2,0.0,Online
ORD02645,CUST360,PROD014,2024-11-01,2024-11-06,1,0.0,Online
ORD02646,CUST179,PROD002,2024-11-01,2024-11-06,2,0.0,Online
ORD02647,CUST416,PROD003,2024-11-01,2024-11-06,1,0.0,Retail Store
ORD02648,CUST024,PROD020,2024-11-01,2024-11-04,1,0.0,Retail Store
ORD02649,CUST217,PROD001,2024-11-01,2024-11-04,1,0.0,Online
ORD02650,CUST034,PROD002,2024-11-01,2024-11-04,1,0.1,Retail Store
ORD02651,CUST208,PROD003,2024-11-01,2024-11-07,1,0.05,Retail Store
ORD02652,CUST208,PROD008,2024-11-01,2024-11-02,1,0.0,Retail Store
ORD02653,CUST388,PROD001,2024-11-01,2024-11-05,2,0.1,Mobile App
ORD02654,CUST469,PROD006,2024-11-02,2024-11-07,2,0.2,Online
ORD02655,CUST284,PROD008,2024-11-02,2024-11-07,3,0.0,Online
ORD02656,CUST450,PROD011,2024-11-02,2024-11-07,2,0.15,Mobile App
ORD02657,CUST391,PROD018,2024-11-02,2024-11-05,1,0.1,Online
ORD02658,CUST470,PROD012,2024-11-02,2024-11-03,2,0.15,Online
ORD02659,CUST251,PROD014,2024-11-02,2024-11-04,1,0.05,Retail Store
ORD02660,CUST251,PROD019,2024-11-02,2024-11-06,2,0.0,Mobile App
ORD02661,CUST476,PROD003,2024-11-02,2024-11-04,1,0.1,Mobile App
ORD02662,CUST102,PROD001,2024-11-02,2024-11-08,2,0.15,Retail Store
ORD02663,CUST041,PROD015,2024-11-03,2024-11-05,1,0.0,Retail Store
ORD02664,CUST065,PROD010,2024-11-03,2024-11-07,1,0.0,Retail Store
ORD02665,CUST068,PROD001,2024-11-03,2024-11-06,1,0.0,Retail Store
ORD02666,CUST307,PROD016,2024-11-03,2024-11-08,1,0.05,Online
ORD02667,CUST037,PROD007,2024-11-03,2024-11-04,1,0.1,Retail Store
ORD02668,CUST310,PROD015,2024-11-03,2024-11-06,3,0.1,Retail Store
ORD02669,CUST334,PROD015,2024-11-03,2024-11-08,1,0.0,Online
ORD02670,CUST467,PROD007,2024-11-03,2024-11-06,2,0.2,Mobile App
ORD02671,CUST448,PROD019,2024-11-04,2024-11-09,1,0.15,Mobile App
ORD02672,CUST090,PROD007,2024-11-04,2024-11-09,1,0.0,Mobile App
ORD02673,CUST220,PROD017,2024-11-04,2024-11-05,1,0.0,Mobile App
ORD02674,CUST081,PROD010,2024-11-04,2024-11-05,1,0.2,Retail Store
ORD02675,CUST183,PROD001,2024-11-04,2024-11-10,1,0.0,Retail Store
ORD02676,CUST453,PROD006,2024-11-04,2024-11-07,1,0.0,Online
ORD02677,CUST336,PROD019,2024-11-04,2024-11-06,1,0.1,Mobile App
ORD02678,CUST443,PROD010,2024-11-04,2024-11-06,1,0.05,Online
ORD02679,CUST166,PROD017,2024-11-05,2024-11-08,1,0.2,Online
ORD02680,CUST196,PROD013,2024-11-05,2024-11-09,1,0.2,Online
ORD02681,CUST060,PROD001,2024-11-05,2024-11-10,1,0.1,Online
ORD02682,CUST347,PROD014,2024-11-05,2024-11-08,1,0.0,Retail Store
ORD02683,CUST177,PROD001,2024-11-05,2024-11-11,2,0.0,Mobile App
ORD02684,CUST172,PROD015,2024-11-05,2024-11-11,3,0.2,Mobile App
ORD02685,CUST257,PROD002,2024-11-05,2024-11-10,2,0.2,Mobile App
ORD02686,CUST155,PROD007,2024-11-05,2024-11-11,1,0.0,Online
ORD02687,CUST203,PROD016,2024-11-05,2024-11-06,4,0.15,Mobile App
ORD02688,CUST461,PROD004,2024-11-05,2024-11-07,1,0.2,Online
ORD02689,CUST169,PROD009,2024-11-05,2024-11-11,2,0.15,Mobile App
ORD02690,CUST052,PROD011,2024-11-05,2024-11-08,1,0.0,Retail Store
ORD02691,CUST177,PROD002,2024-11-06,2024-11-08,3,0.1,Retail Store
ORD02692,CUST269,PROD009,2024-11-06,2024-11-08,1,0.0,Retail Store
ORD02693,CUST462,PROD013,2024-11-06,2024-11-11,1,0.2,Mobile App
ORD02694,CUST100,PROD018,2024-11-06,2024-11-08,1,0.0,Mobile App
ORD02695,CUST080,PROD010,2024-11-06,2024-11-10,1,0.05,Mobile App
ORD02696,CUST309,PROD016,2024-11-06,2024-11-11,2,0.1,Mobile App
ORD02697,CUST134,PROD005,2024-11-06,2024-11-07,1,0.2,Online
ORD02698,CUST186,PROD002,2024-11-06,2024-11-11,1,0.2,Mobile App
ORD02699,CUST341,PROD017,2024-11-06,2024-11-12,1,0.05,Retail Store
ORD02700,CUST428,PROD019,2024-11-07,2024-11-11,1,0.05,Online
ORD02701,CUST192,PROD007,2024-11-07,2024-11-11,2,0.05,Retail Store
ORD02702,CUST057,PROD002,2024-11-07,2024-11-08,1,0.15,Retail Store
ORD02703,CUST031,PROD019,2024-11-07,2024-11-09,1,0.2,Online
ORD02704,CUST228,PROD015,2024-11-07,2024-11-12,1,0.2,Mobile App
ORD02705,CUST257,PROD005,2024-11-07,2024-11-08,2,0.0,Retail Store
ORD02706,CUST044,PROD014,2024-11-07,2024-11-10,1,0.0,Retail Store
ORD02707,CUST369,PROD020,2024-11-07,2024-11-11,1,0.0,Retail Store
ORD02708,CUST344,PROD017,2024-11-07,2024-11-08,1,0.15,Mobile App
ORD02709,CUST033,PROD015,2024-11-07,2024-11-11,3,0.05,Mobile App
ORD02710,CUST146,PROD016,2024-11-07,2024-11-11,2,0.0,Mobile App
ORD02711,CUST048,PROD009,2024-11-08,2024-11-12,3,0.1,Mobile App
ORD02712,CUST267,PROD008,2024-11-08,2024-11-14,3,0.0,Mobile App
ORD02713,CUST061,PROD008,2024-11-08,2024-11-09,1,0.15,Online
ORD02714,CUST479,PROD020,2024-11-09,2024-11-15,1,0.15,Online
ORD02715,CUST231,PROD014,2024-11-09,2024-11-12,1,0.05,Mobile App
ORD02716,CUST004,PROD007,2024-11-09,2024-11-15,2,0.15,Retail Store
ORD02717,CUST064,PROD010,2024-11-09,2024-11-14,1,0.0,Online
ORD02718,CUST313,PROD013,2024-11-09,2024-11-13,4,0.2,Mobile App
ORD02719,CUST474,PROD020,2024-11-09,2024-11-14,1,0.0,Online
ORD02720,CUST450,PROD003,2024-11-09,2024-11-11,2,0.15,Mobile App
ORD02721,CUST366,PROD010,2024-11-10,2024-11-16,1,0.15,Mobile App
ORD02722,CUST138,PROD009,2024-11-10,2024-11-14,2,0.0,Mobile App
ORD02723,CUST371,PROD016,2024-11-10,2024-11-11,1,0.05,Retail Store
ORD02724,CUST093,PROD016,2024-11-10,2024-11-11,1,0.1,Online
ORD02725,CUST007,PROD004,2024-11-10,2024-11-15,2,0.2,Mobile App
ORD02726,CUST033,PROD014,2024-11-10,2024-11-14,2,0.15,Retail Store
ORD02727,CUST158,PROD002,2024-11-10,2024-11-16,1,0.15,Mobile App
ORD02728,CUST109,PROD012,2024-11-10,2024-11-16,1,0.05,Online
ORD02729,CUST311,PROD017,2024-11-11,2024-11-15,1,0.0,Mobile App
ORD02730,CUST274,PROD012,2024-11-11,2024-11-14,1,0.05,Mobile App
ORD02731,CUST272,PROD002,2024-11-11,2024-11-16,1,0.0,Retail Store
ORD02732,CUST405,PROD008,2024-11-11,2024-11-14,3,0.0,Online
ORD02733,CUST283,PROD004,2024-11-11,2024-11-12,1,0.2,Online
ORD02734,CUST004,PROD020,2024-11-11,2024-11-15,1,0.15,Online
ORD02735,CUST164,PROD018,2024-11-11,2024-11-14,1,0.05,Retail Store
ORD02736,CUST030,PROD013,2024-11-12,2024-11-15,2,0.2,Retail Store
ORD02737,CUST139,PROD016,2024-11-12,2024-11-13,1,0.0,Retail Store
ORD02738,CUST041,PROD016,2024-11-12,2024-11-15,1,0.1,Mobile App
ORD02739,CUST477,PROD013,2024-11-12,2024-11-14,1,0.0,Mobile App
ORD02740,CUST288,PROD017,2024-11-12,2024-11-18,1,0.2,Online
ORD02741,CUST182,PROD020,2024-11-12,2024-11-13,2,0.1,Retail Store
ORD02742,CUST328,PROD019,2024-11-12,2024-11-16,1,0.0,Retail Store
ORD02743,CUST076,PROD016,2024-11-12,2024-11-17,1,0.0,Online
ORD02744,CUST429,PROD020,2024-11-12,2024-11-17,1,0.0,Mobile App
ORD02745,CUST067,PROD007,2024-11-13,2024-11-17,2,0.15,Mobile App
ORD02746,CUST349,PROD003,2024-11-13,2024-11-19,1,0.2,Online
ORD02747,CUST435,PROD001,2024-11-13,2024-11-15,2,0.0,Mobile App
ORD02748,CUST026,PROD012,2024-11-13,2024-11-15,2,0.05,Retail Store
ORD02749,CUST448,PROD017,2024-11-13,2024-11-16,1,0.2,Online
ORD02750,CUST343,PROD001,2024-11-13,2024-11-16,1,0.1,Mobile App
ORD02751,CUST035,PROD020,2024-11-13,2024-11-16,2,0.05,Mobile App
ORD02752,CUST110,PROD004,2024-11-13,2024-11-16,1,0.2,Online
ORD02753,CUST143,PROD003,2024-11-13,2024-11-14,1,0.0,Online
ORD02754,CUST326,PROD001,2024-11-14,2024-11-17,1,0.0,Mobile App
ORD02755,CUST077,PROD011,2024-11-14,2024-11-17,2,0.0,Retail Store
ORD02756,CUST406,PROD020,2024-11-14,2024-11-18,2,0.0,Mobile App
ORD02757,CUST293,PROD020,2024-11-14,2024-11-17,2,0.05,Retail Store
ORD02758,CUST090,PROD005,2024-11-14,2024-11-18,1,0.1,Online
ORD02759,CUST399,PROD014,2024-11-14,2024-11-15,2,0.05,Retail Store
ORD02760,CUST388,PROD005,2024-11-14,2024-11-20,1,0.0,Online
ORD02761,CUST221,PROD005,2024-11-15,2024-11-21,1,0.2,Online
ORD02762,CUST027,PROD014,2024-11-15,2024-11-16,1,0.1,Mobile App
ORD02763,CUST164,PROD008,2024-11-15,2024-11-21,1,0.0,Mobile App
ORD02764,CUST302,PROD002,2024-11-15,2024-11-21,3,0.0,Online
ORD02765,CUST035,PROD001,2024-11-15,2024-11-21,1,0.15,Online
ORD02766,CUST074,PROD012,2024-11-15,2024-11-17,4,0.05,Retail Store
ORD02767,CUST115,PROD009,2024-11-15,2024-11-19,2,0.0,Retail Store
ORD02768,CUST473,PROD001,2024-11-15,2024-11-21,1,0.0,Online
ORD02769,CUST195,PROD005,2024-11-15,2024-11-18,1,0.0,Mobile App
ORD02770,CUST363,PROD015,2024-11-15,2024-11-18,3,0.0,Online
ORD02771,CUST150,PROD017,2024-11-15,2024-11-18,3,0.05,Mobile App
ORD02772,CUST328,PROD013,2024-11-16,2024-11-21,1,0.0,Mobile App
ORD02773,CUST335,PROD016,2024-11-16,2024-11-21,3,0.1,Online
ORD02774,CUST321,PROD016,2024-11-16,2024-11-18,1,0.2,Online
ORD02775,CUST177,PROD012,2024-11-16,2024-11-22,1,0.05,Retail Store
ORD02776,CUST280,PROD016,2024-11-16,2024-11-22,1,0.05,Retail Store
ORD02777,CUST089,PROD008,2024-11-16,2024-11-22,1,0.0,Retail Store
ORD02778,CUST172,PROD020,2024-11-16,2024-11-18,2,0.2,Mobile App
ORD02779,CUST173,PROD006,2024-11-16,2024-11-21,1,0.0,Online
ORD02780,CUST015,PROD011,2024-11-17,2024-11-21,1,0.05,Retail Store
ORD02781,CUST299,PROD009,2024-11-17,2024-11-21,2,0.0,Mobile App
ORD02782,CUST209,PROD018,2024-11-17,2024-11-21,1,0.15,Online
ORD02783,CUST491,PROD013,2024-11-17,2024-11-19,2,0.0,Online
ORD02784,CUST214,PROD010,2024-11-17,2024-11-22,2,0.2,Retail Store
ORD02785,CUST345,PROD013,2024-11-17,2024-11-21,2,0.05,Mobile App
ORD02786,CUST208,PROD008,2024-11-17,2024-11-21,2,0.15,Retail Store
ORD02787,CUST301,PROD017,2024-11-17,2024-11-22,1,0.2,Mobile App
ORD02788,CUST478,PROD012,2024-11-18,2024-11-23,4,0.0,Mobile App
ORD02789,CUST350,PROD011,2024-11-18,2024-11-20,3,0.15,Mobile App
ORD02790,CUST119,PROD015,2024-11-18,2024-11-24,4,0.15,Online
ORD02791,CUST019,PROD004,2024-11-18,2024-11-19,1,0.15,Retail Store
ORD02792,CUST032,PROD017,2024-11-18,2024-11-20,1,0.0,Mobile App
ORD02793,CUST494,PROD014,2024-11-18,2024-11-20,1,0.15,Online
ORD02794,CUST141,PROD012,2024-11-19,2024-11-20,1,0.2,Online
ORD02795,CUST382,PROD002,2024-11-19,2024-11-25,2,0.2,Online
ORD02796,CUST049,PROD007,2024-11-19,2024-11-25,1,0.15,Online
ORD02797,CUST454,PROD002,2024-11-19,2024-11-22,1,0.2,Retail Store
ORD02798,CUST417,PROD001,2024-11-19,2024-11-21,1,0.0,Mobile App
ORD02799,CUST382,PROD010,2024-11-19,2024-11-21,1,0.2,Online
ORD02800,CUST216,PROD012,2024-11-19,2024-11-20,1,0.0,Mobile App
ORD02801,CUST251,PROD019,2024-11-19,2024-11-22,1,0.15,Online
ORD02802,CUST300,PROD002,2024-11-19,2024-11-24,1,0.1,Retail Store
ORD02803,CUST437,PROD015,2024-11-19,2024-11-21,2,0.0,Online
ORD02804,CUST275,PROD004,2024-11-20,2024-11-21,2,0.2,Online
ORD02805,CUST284,PROD019,2024-11-20,2024-11-22,1,0.2,Mobile App
ORD02806,CUST114,PROD009,2024-11-20,2024-11-21,2,0.2,Retail Store
ORD02807,CUST392,PROD020,2024-11-20,2024-11-25,2,0.05,Mobile App
ORD02808,CUST379,PROD008,2024-11-20,2024-11-23,1,0.15,Online
ORD02809,CUST013,PROD017,2024-11-20,2024-11-24,1,0.0,Online
ORD02810,CUST354,PROD016,2024-11-20,2024-11-24,1,0.2,Retail Store
ORD02811,CUST236,PROD010,2024-11-20,2024-11-22,3,0.15,Online
ORD02812,CUST093,PROD005,2024-11-20,2024-11-25,1,0.1,Retail Store
ORD02813,CUST245,PROD019,2024-11-20,2024-11-25,1,0.15,Online
ORD02814,CUST420,PROD020,2024-11-21,2024-11-24,1,0.1,Mobile App
ORD02815,CUST184,PROD001,2024-11-21,2024-11-22,2,0.2,Mobile App
ORD02816,CUST274,PROD004,2024-11-21,2024-11-25,1,0.1,Mobile App
ORD02817,CUST036,PROD007,2024-11-21,2024-11-25,1,0.1,Retail Store
ORD02818,CUST410,PROD012,2024-11-21,2024-11-22,1,0.0,Mobile App
ORD02819,CUST061,PROD006,2024-11-21,2024-11-23,2,0.2,Mobile App
ORD02820,CUST405,PROD018,2024-11-21,2024-11-27,1,0.05,Retail Store
ORD02821,CUST426,PROD011,2024-11-21,2024-11-25,1,0.0,Online
ORD02822,CUST089,PROD013,2024-11-21,2024-11-26,1,0.0,Online
ORD02823,CUST432,PROD011,2024-11-21,2024-11-24,2,0.0,Retail Store
ORD02824,CUST014,PROD007,2024-11-21,2024-11-25,1,0.0,Online
ORD02825,CUST100,PROD016,2024-11-21,2024-11-26,2,0.0,Retail Store
ORD02826,CUST092,PROD020,2024-11-21,2024-11-27,3,0.2,Online
ORD02827,CUST031,PROD007,2024-11-22,2024-11-24,1,0.0,Retail Store
ORD02828,CUST024,PROD012,2024-11-22,2024-11-25,1,0.2,Online
ORD02829,CUST250,PROD001,2024-11-22,2024-11-27,1,0.0,Online
ORD02830,CUST166,PROD013,2024-11-22,2024-11-24,4,0.0,Retail Store
ORD02831,CUST477,PROD020,2024-11-22,2024-11-24,1,0.1,Retail Store
ORD02832,CUST452,PROD002,2024-11-22,2024-11-28,1,0.05,Online
ORD02833,CUST196,PROD017,2024-11-22,2024-11-28,1,0.0,Mobile App
ORD02834,CUST151,PROD001,2024-11-22,2024-11-25,4,0.0,Mobile App
ORD02835,CUST102,PROD008,2024-11-23,2024-11-27,2,0.0,Mobile App
ORD02836,CUST486,PROD015,2024-11-23,2024-11-25,1,0.15,Retail Store
ORD02837,CUST215,PROD008,2024-11-23,2024-11-24,1,0.0,Online
ORD02838,CUST159,PROD006,2024-11-23,2024-11-27,2,0.0,Online
ORD02839,CUST240,PROD002,2024-11-23,2024-11-26,2,0.0,Mobile App
ORD02840,CUST153,PROD002,2024-11-23,2024-11-29,2,0.1,Mobile App
ORD02841,CUST156,PROD011,2024-11-23,2024-11-27,1,0.2,Retail Store
ORD02842,CUST122,PROD012,2024-11-23,2024-11-25,2,0.0,Retail Store
ORD02843,CUST091,PROD016,2024-11-23,2024-11-28,4,0.0,Online
ORD02844,CUST378,PROD004,2024-11-24,2024-11-28,1,0.15,Retail Store
ORD02845,CUST352,PROD002,2024-11-24,2024-11-30,2,0.2,Online
ORD02846,CUST473,PROD006,2024-11-24,2024-11-25,2,0.05,Online
ORD02847,CUST149,PROD002,2024-11-24,2024-11-25,1,0.15,Online
ORD02848,CUST488,PROD003,2024-11-24,2024-11-26,1,0.0,Mobile App
ORD02849,CUST209,PROD015,2024-11-24,2024-11-28,1,0.1,Online
ORD02850,CUST109,PROD019,2024-11-24,2024-11-28,1,0.0,Online
ORD02851,CUST179,PROD007,2024-11-24,2024-11-27,1,0.0,Mobile App
ORD02852,CUST246,PROD015,2024-11-24,2024-11-27,2,0.0,Retail Store
ORD02853,CUST164,PROD003,2024-11-25,2024-11-29,1,0.0,Online
ORD02854,CUST272,PROD002,2024-11-25,2024-11-27,1,0.0,Mobile App
ORD02855,CUST491,PROD005,2024-11-25,2024-12-01,1,0.1,Retail Store
ORD02856,CUST171,PROD018,2024-11-25,2024-11-29,1,0.15,Mobile App
ORD02857,CUST118,PROD020,2024-11-25,2024-11-28,1,0.05,Online
ORD02858,CUST146,PROD002,2024-11-26,2024-12-02,1,0.1,Online
ORD02859,CUST349,PROD010,2024-11-26,2024-11-28,2,0.0,Retail Store
ORD02860,CUST254,PROD009,2024-11-26,2024-11-29,1,0.1,Online
ORD02861,CUST048,PROD010,2024-11-26,2024-11-29,3,0.2,Online
ORD02862,CUST168,PROD007,2024-11-26,2024-12-01,1,0.2,Mobile App
ORD02863,CUST451,PROD013,2024-11-26,2024-11-28,1,0.0,Online
ORD02864,CUST042,PROD016,2024-11-26,2024-11-29,2,0.15,Mobile App
ORD02865,CUST017,PROD003,2024-11-26,2024-11-30,2,0.1,Mobile App
ORD02866,CUST485,PROD013,2024-11-26,2024-11-29,2,0.0,Mobile App
ORD02867,CUST051,PROD014,2024-11-26,2024-11-29,3,0.15,Mobile App
ORD02868,CUST075,PROD003,2024-11-26,2024-11-28,1,0.05,Mobile App
ORD02869,CUST083,PROD013,2024-11-26,2024-11-27,1,0.05,Mobile App
ORD02870,CUST318,PROD018,2024-11-27,2024-12-01,2,0.1,Mobile App
ORD02871,CUST300,PROD008,2024-11-27,2024-11-28,1,0.15,Mobile App
ORD02872,CUST335,PROD018,2024-11-27,2024-11-29,1,0.15,Online
ORD02873,CUST457,PROD011,2024-11-27,2024-12-03,1,0.15,Mobile App
ORD02874,CUST062,PROD018,2024-11-27,2024-11-29,2,0.0,Retail Store
ORD02875,CUST140,PROD015,2024-11-27,2024-12-03,1,0.05,Online
ORD02876,CUST073,PROD014,2024-11-27,2024-11-30,1,0.2,Online
ORD02877,CUST050,PROD005,2024-11-27,2024-12-02,3,0.0,Retail Store
ORD02878,CUST272,PROD001,2024-11-27,2024-11-29,4,0.05,Mobile App
ORD02879,CUST448,PROD001,2024-11-27,2024-11-28,3,0.0,Online
ORD02880,CUST485,PROD012,2024-11-28,2024-12-03,3,0.0,Retail Store
ORD02881,CUST245,PROD007,2024-11-28,2024-12-02,2,0.0,Online
ORD02882,CUST336,PROD001,2024-11-28,2024-11-30,2,0.0,Mobile App
ORD02883,CUST319,PROD015,2024-11-28,2024-12-04,4,0.2,Retail Store
ORD02884,CUST214,PROD002,2024-11-28,2024-12-03,1,0.2,Mobile App
ORD02885,CUST088,PROD009,2024-11-28,2024-12-04,1,0.0,Online
ORD02886,CUST122,PROD005,2024-11-28,2024-12-01,1,0.0,Retail Store
ORD02887,CUST479,PROD002,2024-11-28,2024-12-03,2,0.0,Mobile App
ORD02888,CUST121,PROD014,2024-11-28,2024-11-29,1,0.0,Retail Store
ORD02889,CUST366,PROD005,2024-11-28,2024-12-02,1,0.15,Mobile App
ORD02890,CUST432,PROD014,2024-11-28,2024-11-29,1,0.05,Online
ORD02891,CUST401,PROD008,2024-11-29,2024-12-03,1,0.2,Mobile App
ORD02892,CUST483,PROD002,2024-11-29,2024-12-01,2,0.1,Retail Store
ORD02893,CUST156,PROD012,2024-11-29,2024-12-04,3,0.0,Mobile App
ORD02894,CUST446,PROD019,2024-11-29,2024-12-04,2,0.2,Retail Store
ORD02895,CUST187,PROD011,2024-11-29,2024-12-05,1,0.15,Retail Store
ORD02896,CUST138,PROD007,2024-11-29,2024-12-04,1,0.15,Online
ORD02897,CUST048,PROD001,2024-11-29,2024-11-30,2,0.2,Mobile App
ORD02898,CUST144,PROD007,2024-11-29,2024-12-03,1,0.0,Retail Store
ORD02899,CUST129,PROD015,2024-11-29,2024-12-02,1,0.05,Mobile App
ORD02900,CUST313,PROD006,2024-11-29,2024-12-04,4,0.15,Retail Store
ORD02901,CUST251,PROD004,2024-11-29,2024-12-05,2,0.0,Retail Store
ORD02902,CUST013,PROD012,2024-11-29,2024-12-05,1,0.0,Online
ORD02903,CUST449,PROD001,2024-11-30,2024-12-02,1,0.0,Online
ORD02904,CUST465,PROD016,2024-11-30,2024-12-01,2,0.0,Online
ORD02905,CUST214,PROD003,2024-11-30,2024-12-02,1,0.1,Mobile App
ORD02906,CUST059,PROD005,2024-11-30,2024-12-06,2,0.05,Mobile App
ORD02907,CUST323,PROD013,2024-11-30,2024-12-01,1,0.15,Retail Store
ORD02908,CUST103,PROD007,2024-11-30,2024-12-02,1,0.05,Online
ORD02909,CUST165,PROD007,2024-11-30,2024-12-01,1,0.05,Retail Store
ORD02910,CUST389,PROD008,2024-12-01,2024-12-03,3,0.05,Mobile App
ORD02911,CUST390,PROD005,2024-12-01,2024-12-05,1,0.0,Retail Store
ORD02912,CUST108,PROD005,2024-12-01,2024-12-05,2,0.0,Mobile App
ORD02913,CUST397,PROD010,2024-12-01,2024-12-02,1,0.0,Mobile App
ORD02914,CUST487,PROD016,2024-12-01,2024-12-06,1,0.2,Retail Store
ORD02915,CUST489,PROD003,2024-12-01,2024-12-04,3,0.15,Online
ORD02916,CUST168,PROD007,2024-12-01,2024-12-07,1,0.2,Retail Store
ORD02917,CUST465,PROD003,2024-12-01,2024-12-02,1,0.05,Mobile App
ORD02918,CUST047,PROD013,2024-12-02,2024-12-05,1,0.1,Retail Store
ORD02919,CUST233,PROD017,2024-12-02,2024-12-07,1,0.0,Online
ORD02920,CUST422,PROD016,2024-12-02,2024-12-08,2,0.0,Retail Store
ORD02921,CUST332,PROD006,2024-12-02,2024-12-05,3,0.1,Mobile App
ORD02922,CUST253,PROD006,2024-12-02,2024-12-07,1,0.0,Retail Store
ORD02923,CUST021,PROD006,2024-12-02,2024-12-08,2,0.15,Retail Store
ORD02924,CUST262,PROD003,2024-12-02,2024-12-03,1,0.05,Online
ORD02925,CUST103,PROD013,2024-12-02,2024-12-03,1,0.1,Mobile App
ORD02926,CUST205,PROD004,2024-12-03,2024-12-08,1,0.1,Retail Store
ORD02927,CUST462,PROD013,2024-12-03,2024-12-09,2,0.05,Online
ORD02928,CUST466,PROD020,2024-12-03,2024-12-07,1,0.0,Retail Store
ORD02929,CUST386,PROD009,2024-12-03,2024-12-06,1,0.1,Online
ORD02930,CUST457,PROD013,2024-12-03,2024-12-07,1,0.0,Retail Store
ORD02931,CUST359,PROD013,2024-12-03,2024-12-05,1,0.2,Retail Store
ORD02932,CUST461,PROD019,2024-12-03,2024-12-07,1,0.1,Retail Store
ORD02933,CUST152,PROD001,2024-12-03,2024-12-08,4,0.15,Online
ORD02934,CUST039,PROD004,2024-12-03,2024-12-08,1,0.0,Online
ORD02935,CUST063,PROD009,2024-12-03,2024-12-08,1,0.0,Retail Store
ORD02936,CUST145,PROD010,2024-12-03,2024-12-05,1,0.0,Retail Store
ORD02937,CUST084,PROD005,2024-12-04,2024-12-09,2,0.2,Mobile App
ORD02938,CUST206,PROD002,2024-12-04,2024-12-05,1,0.0,Mobile App
ORD02939,CUST181,PROD005,2024-12-04,2024-12-05,1,0.0,Retail Store
ORD02940,CUST276,PROD015,2024-12-04,2024-12-05,1,0.05,Retail Store
ORD02941,CUST357,PROD010,2024-12-04,2024-12-06,1,0.1,Mobile App
ORD02942,CUST478,PROD013,2024-12-04,2024-12-10,2,0.15,Retail Store
ORD02943,CUST406,PROD002,2024-12-04,2024-12-05,2,0.0,Online
ORD02944,CUST165,PROD008,2024-12-04,2024-12-07,1,0.0,Retail Store
ORD02945,CUST301,PROD013,2024-12-04,2024-12-09,2,0.1,Retail Store
ORD02946,CUST478,PROD016,2024-12-04,2024-12-06,1,0.15,Online
ORD02947,CUST290,PROD003,2024-12-05,2024-12-10,1,0.15,Retail Store
ORD02948,CUST347,PROD018,2024-12-05,2024-12-09,2,0.0,Retail Store
ORD02949,CUST245,PROD001,2024-12-05,2024-12-10,1,0.0,Mobile App
ORD02950,CUST391,PROD005,2024-12-05,2024-12-08,1,0.05,Retail Store
ORD02951,CUST500,PROD017,2024-12-05,2024-12-11,2,0.05,Mobile App
ORD02952,CUST319,PROD017,2024-12-05,2024-12-10,1,0.0,Mobile App
ORD02953,CUST005,PROD002,2024-12-05,2024-12-06,1,0.0,Online
ORD02954,CUST040,PROD004,2024-12-05,2024-12-08,1,0.05,Mobile App
ORD02955,CUST346,PROD004,2024-12-05,2024-12-09,3,0.1,Online
ORD02956,CUST168,PROD012,2024-12-05,2024-12-06,2,0.0,Online
ORD02957,CUST410,PROD016,2024-12-05,2024-12-08,3,0.0,Mobile App
ORD02958,CUST377,PROD007,2024-12-06,2024-12-07,1,0.05,Online
ORD02959,CUST094,PROD015,2024-12-06,2024-12-12,4,0.15,Retail Store
ORD02960,CUST090,PROD004,2024-12-06,2024-12-08,1,0.0,Retail Store
ORD02961,CUST320,PROD008,2024-12-06,2024-12-10,2,0.15,Retail Store
ORD02962,CUST040,PROD020,2024-12-06,2024-12-08,2,0.1,Online
ORD02963,CUST199,PROD005,2024-12-06,2024-12-08,2,0.15,Mobile App
ORD02964,CUST164,PROD001,2024-12-06,2024-12-07,2,0.0,Retail Store
ORD02965,CUST196,PROD013,2024-12-06,2024-12-07,1,0.2,Mobile App
ORD02966,CUST151,PROD019,2024-12-06,2024-12-10,2,0.0,Online
ORD02967,CUST023,PROD010,2024-12-06,2024-12-07,1,0.15,Online
ORD02968,CUST236,PROD019,2024-12-06,2024-12-11,1,0.1,Online
ORD02969,CUST348,PROD010,2024-12-07,2024-12-09,1,0.0,Retail Store
ORD02970,CUST288,PROD001,2024-12-07,2024-12-09,4,0.2,Online
ORD02971,CUST173,PROD012,2024-12-07,2024-12-13,1,0.0,Online
ORD02972,CUST286,PROD008,2024-12-07,2024-12-13,1,0.0,Mobile App
ORD02973,CUST100,PROD010,2024-12-07,2024-12-09,2,0.0,Online
ORD02974,CUST489,PROD018,2024-12-07,2024-12-13,2,0.15,Online
ORD02975,CUST125,PROD005,2024-12-07,2024-12-12,4,0.0,Mobile App
ORD02976,CUST220,PROD019,2024-12-07,2024-12-08,3,0.15,Mobile App
ORD02977,CUST384,PROD015,2024-12-07,2024-12-11,3,0.0,Mobile App
ORD02978,CUST236,PROD012,2024-12-07,2024-12-09,2,0.15,Mobile App
ORD02979,CUST040,PROD020,2024-12-07,2024-12-08,1,0.0,Online
ORD02980,CUST353,PROD013,2024-12-07,2024-12-11,2,0.05,Mobile App
ORD02981,CUST105,PROD002,2024-12-07,2024-12-09,1,0.1,Online
ORD02982,CUST119,PROD017,2024-12-08,2024-12-10,1,0.2,Mobile App
ORD02983,CUST417,PROD020,2024-12-08,2024-12-09,1,0.0,Mobile App
ORD02984,CUST129,PROD002,2024-12-08,2024-12-09,2,0.15,Retail Store
ORD02985,CUST286,PROD008,2024-12-08,2024-12-12,1,0.2,Retail Store
ORD02986,CUST079,PROD012,2024-12-08,2024-12-10,1,0.0,Mobile App
ORD02987,CUST329,PROD009,2024-12-08,2024-12-13,2,0.05,Online
ORD02988,CUST125,PROD015,2024-12-09,2024-12-14,2,0.2,Retail Store
ORD02989,CUST170,PROD019,2024-12-09,2024-12-15,1,0.2,Online
ORD02990,CUST196,PROD008,2024-12-09,2024-12-10,1,0.0,Online
ORD02991,CUST015,PROD014,2024-12-09,2024-12-14,1,0.0,Mobile App
ORD02992,CUST452,PROD020,2024-12-09,2024-12-14,2,0.2,Online
ORD02993,CUST430,PROD001,2024-12-09,2024-12-10,2,0.05,Retail Store
ORD02994,CUST322,PROD007,2024-12-09,2024-12-15,2,0.0,Mobile App
ORD02995,CUST330,PROD008,2024-12-09,2024-12-15,4,0.0,Mobile App
ORD02996,CUST267,PROD011,2024-12-10,2024-12-16,2,0.05,Online
ORD02997,CUST128,PROD009,2024-12-10,2024-12-13,1,0.15,Retail Store
ORD02998,CUST081,PROD005,2024-12-10,2024-12-12,1,0.0,Retail Store
ORD02999,CUST313,PROD006,2024-12-10,2024-12-12,1,0.1,Mobile App
ORD03000,CUST192,PROD008,2024-12-10,2024-12-12,2,0.15,Online
ORD03001,CUST493,PROD017,2024-12-10,2024-12-14,1,0.0,Mobile App
ORD03002,CUST346,PROD007,2024-12-10,2024-12-14,1,0.2,Retail Store
ORD03003,CUST454,PROD012,2024-12-11,2024-12-12,2,0.0,Mobile App
ORD03004,CUST130,PROD012,2024-12-11,2024-12-13,4,0.0,Retail Store
ORD03005,CUST175,PROD008,2024-12-11,2024-12-16,1,0.0,Online
ORD03006,CUST474,PROD011,2024-12-11,2024-12-13,1,0.2,Mobile App
ORD03007,CUST317,PROD008,2024-12-11,2024-12-14,1,0.15,Retail Store
ORD03008,CUST022,PROD020,2024-12-11,2024-12-15,1,0.2,Online
ORD03009,CUST071,PROD016,2024-12-11,2024-12-12,2,0.0,Retail Store
ORD03010,CUST206,PROD017,2024-12-11,2024-12-17,1,0.1,Mobile App
ORD03011,CUST158,PROD008,2024-12-11,2024-12-17,1,0.0,Retail Store
ORD03012,CUST263,PROD003,2024-12-11,2024-12-17,2,0.05,Mobile App
ORD03013,CUST499,PROD007,2024-12-12,2024-12-15,2,0.0,Mobile App
ORD03014,CUST336,PROD004,2024-12-12,2024-12-14,1,0.0,Mobile App
ORD03015,CUST391,PROD014,2024-12-12,2024-12-14,3,0.15,Retail Store
ORD03016,CUST380,PROD013,2024-12-12,2024-12-17,2,0.0,Mobile App
ORD03017,CUST102,PROD016,2024-12-12,2024-12-14,1,0.05,Retail Store
ORD03018,CUST251,PROD017,2024-12-12,2024-12-13,4,0.15,Online
ORD03019,CUST324,PROD006,2024-12-12,2024-12-18,1,0.1,Mobile App
ORD03020,CUST497,PROD004,2024-12-12,2024-12-18,1,0.1,Online
ORD03021,CUST016,PROD002,2024-12-12,2024-12-16,1,0.0,Online
ORD03022,CUST086,PROD019,2024-12-12,2024-12-16,1,0.1,Online
ORD03023,CUST318,PROD004,2024-12-13,2024-12-19,3,0.2,Online
ORD03024,CUST256,PROD012,2024-12-13,2024-12-15,1,0.15,Mobile App
ORD03025,CUST341,PROD017,2024-12-13,2024-12-16,1,0.0,Online
ORD03026,CUST369,PROD006,2024-12-13,2024-12-18,1,0.0,Online
ORD03027,CUST403,PROD005,2024-12-13,2024-12-16,1,0.2,Mobile App
ORD03028,CUST199,PROD005,2024-12-13,2024-12-14,1,0.2,Retail Store
ORD03029,CUST338,PROD019,2024-12-13,2024-12-18,1,0.15,Mobile App
ORD03030,CUST361,PROD012,2024-12-13,2024-12-19,4,0.2,Retail Store
ORD03031,CUST232,PROD002,2024-12-13,2024-12-14,1,0.2,Mobile App
ORD03032,CUST370,PROD012,2024-12-14,2024-12-19,2,0.0,Online
ORD03033,CUST370,PROD015,2024-12-14,2024-12-15,1,0.0,Mobile App
ORD03034,CUST033,PROD020,2024-12-14,2024-12-19,1,0.0,Mobile App
ORD03035,CUST421,PROD005,2024-12-14,2024-12-20,2,0.1,Retail Store
ORD03036,CUST003,PROD011,2024-12-14,2024-12-18,1,0.0,Retail Store
ORD03037,CUST486,PROD008,2024-12-15,2024-12-21,1,0.2,Retail Store
ORD03038,CUST459,PROD010,2024-12-15,2024-12-19,1,0.0,Retail Store
ORD03039,CUST180,PROD014,2024-12-15,2024-12-19,1,0.1,Mobile App
ORD03040,CUST258,PROD008,2024-12-15,2024-12-21,1,0.2,Online
ORD03041,CUST215,PROD019,2024-12-15,2024-12-16,1,0.0,Online
ORD03042,CUST355,PROD020,2024-12-15,2024-12-16,2,0.0,Mobile App
ORD03043,CUST133,PROD008,2024-12-15,2024-12-20,2,0.1,Online
ORD03044,CUST348,PROD019,2024-12-15,2024-12-19,2,0.05,Online
ORD03045,CUST437,PROD014,2024-12-16,2024-12-20,1,0.0,Mobile App
ORD03046,CUST272,PROD004,2024-12-16,2024-12-19,1,0.2,Online
ORD03047,CUST293,PROD003,2024-12-16,2024-12-20,1,0.15,Online
ORD03048,CUST008,PROD003,2024-12-16,2024-12-18,1,0.0,Online
ORD03049,CUST063,PROD005,2024-12-16,2024-12-22,1,0.05,Retail Store
ORD03050,CUST389,PROD016,2024-12-16,2024-12-18,1,0.15,Retail Store
ORD03051,CUST462,PROD015,2024-12-16,2024-12-21,4,0.0,Retail Store
ORD03052,CUST071,PROD007,2024-12-16,2024-12-20,4,0.05,Online
ORD03053,CUST202,PROD004,2024-12-17,2024-12-18,1,0.05,Retail Store
ORD03054,CUST412,PROD006,2024-12-17,2024-12-22,1,0.0,Online
ORD03055,CUST179,PROD010,2024-12-17,2024-12-21,2,0.1,Mobile App
ORD03056,CUST149,PROD009,2024-12-17,2024-12-19,1,0.2,Mobile App
ORD03057,CUST339,PROD020,2024-12-18,2024-12-20,4,0.0,Online
ORD03058,CUST283,PROD012,2024-12-18,2024-12-20,2,0.0,Retail Store
ORD03059,CUST278,PROD003,2024-12-18,2024-12-22,1,0.0,Mobile App
ORD03060,CUST294,PROD013,2024-12-18,2024-12-22,2,0.2,Online
ORD03061,CUST018,PROD011,2024-12-18,2024-12-20,1,0.1,Online
ORD03062,CUST271,PROD001,2024-12-18,2024-12-24,2,0.1,Mobile App
ORD03063,CUST261,PROD001,2024-12-18,2024-12-21,1,0.0,Retail Store
ORD03064,CUST275,PROD007,2024-12-19,2024-12-20,3,0.0,Retail Store
ORD03065,CUST265,PROD006,2024-12-19,2024-12-22,1,0.0,Mobile App
ORD03066,CUST136,PROD005,2024-12-20,2024-12-25,4,0.05,Retail Store
ORD03067,CUST235,PROD009,2024-12-20,2024-12-24,2,0.1,Online
ORD03068,CUST214,PROD016,2024-12-20,2024-12-26,3,0.0,Retail Store
ORD03069,CUST047,PROD020,2024-12-20,2024-12-23,1,0.15,Retail Store
ORD03070,CUST360,PROD002,2024-12-20,2024-12-21,3,0.1,Retail Store
ORD03071,CUST053,PROD009,2024-12-20,2024-12-23,2,0.0,Mobile App
ORD03072,CUST054,PROD002,2024-12-20,2024-12-24,2,0.1,Mobile App
ORD03073,CUST479,PROD008,2024-12-20,2024-12-25,3,0.2,Online
ORD03074,CUST422,PROD018,2024-12-20,2024-12-26,1,0.05,Online
ORD03075,CUST300,PROD009,2024-12-21,2024-12-23,1,0.15,Retail Store
ORD03076,CUST133,PROD001,2024-12-21,2024-12-22,2,0.0,Online
ORD03077,CUST373,PROD013,2024-12-21,2024-12-25,2,0.1,Retail Store
ORD03078,CUST254,PROD015,2024-12-21,2024-12-27,1,0.15,Retail Store
ORD03079,CUST357,PROD001,2024-12-21,2024-12-25,2,0.0,Mobile App
ORD03080,CUST061,PROD011,2024-12-21,2024-12-25,4,0.1,Retail Store
ORD03081,CUST293,PROD017,2024-12-21,2024-12-27,3,0.0,Mobile App
ORD03082,CUST452,PROD015,2024-12-21,2024-12-27,2,0.2,Mobile App
ORD03083,CUST368,PROD002,2024-12-21,2024-12-27,2,0.2,Mobile App
ORD03084,CUST094,PROD020,2024-12-22,2024-12-27,1,0.2,Online
ORD03085,CUST347,PROD012,2024-12-22,2024-12-25,1,0.0,Mobile App
ORD03086,CUST407,PROD003,2024-12-22,2024-12-26,3,0.05,Retail Store
ORD03087,CUST486,PROD019,2024-12-22,2024-12-25,1,0.1,Retail Store
ORD03088,CUST424,PROD010,2024-12-22,2024-12-26,1,0.0,Online
ORD03089,CUST236,PROD019,2024-12-22,2024-12-26,1,0.1,Retail Store
ORD03090,CUST290,PROD007,2024-12-22,2024-12-25,1,0.0,Retail Store
ORD03091,CUST274,PROD003,2024-12-23,2024-12-25,4,0.1,Retail Store
ORD03092,CUST380,PROD001,2024-12-23,2024-12-24,2,0.2,Online
ORD03093,CUST111,PROD002,2024-12-23,2024-12-29,2,0.2,Retail Store
ORD03094,CUST463,PROD001,2024-12-23,2024-12-29,2,0.15,Retail Store
ORD03095,CUST343,PROD003,2024-12-23,2024-12-27,1,0.1,Mobile App
ORD03096,CUST498,PROD008,2024-12-23,2024-12-25,1,0.1,Retail Store
ORD03097,CUST245,PROD019,2024-12-24,2024-12-25,3,0.2,Online
ORD03098,CUST405,PROD013,2024-12-24,2024-12-29,2,0.2,Retail Store
ORD03099,CUST038,PROD016,2024-12-24,2024-12-25,1,0.0,Retail Store
ORD03100,CUST494,PROD006,2024-12-24,2024-12-28,4,0.0,Online
ORD03101,CUST225,PROD003,2024-12-24,2024-12-29,1,0.0,Online
ORD03102,CUST092,PROD012,2024-12-24,2024-12-25,1,0.0,Mobile App
ORD03103,CUST247,PROD012,2024-12-24,2024-12-29,1,0.2,Online
ORD03104,CUST081,PROD003,2024-12-24,2024-12-30,1,0.0,Mobile App
ORD03105,CUST023,PROD011,2024-12-24,2024-12-29,2,0.0,Mobile App
ORD03106,CUST278,PROD010,2024-12-24,2024-12-30,1,0.15,Retail Store
ORD03107,CUST159,PROD014,2024-12-25,2024-12-26,1,0.0,Online
ORD03108,CUST458,PROD007,2024-12-25,2024-12-30,2,0.0,Mobile App
ORD03109,CUST487,PROD004,2024-12-25,2024-12-29,1,0.2,Retail Store
ORD03110,CUST381,PROD006,2024-12-25,2024-12-31,1,0.2,Mobile App
ORD03111,CUST370,PROD015,2024-12-25,2024-12-26,1,0.05,Retail Store
ORD03112,CUST290,PROD007,2024-12-25,2024-12-31,1,0.0,Online
ORD03113,CUST003,PROD014,2024-12-26,2025-01-01,2,0.0,Mobile App
ORD03114,CUST028,PROD018,2024-12-26,2024-12-30,2,0.0,Online
ORD03115,CUST235,PROD011,2024-12-26,2024-12-31,1,0.0,Retail Store
ORD03116,CUST274,PROD019,2024-12-26,2024-12-28,1,0.1,Mobile App
ORD03117,CUST336,PROD005,2024-12-26,2025-01-01,2,0.0,Mobile App
ORD03118,CUST495,PROD020,2024-12-26,2025-01-01,2,0.0,Online
ORD03119,CUST313,PROD006,2024-12-26,2024-12-27,1,0.0,Online
ORD03120,CUST486,PROD011,2024-12-26,2024-12-28,1,0.05,Retail Store
ORD03121,CUST282,PROD014,2024-12-26,2024-12-28,1,0.1,Mobile App
ORD03122,CUST212,PROD014,2024-12-26,2024-12-29,2,0.05,Retail Store
ORD03123,CUST024,PROD018,2024-12-27,2024-12-29,1,0.15,Retail Store
ORD03124,CUST183,PROD003,2024-12-27,2024-12-29,1,0.0,Retail Store
ORD03125,CUST420,PROD013,2024-12-28,2025-01-03,2,0.2,Retail Store
ORD03126,CUST124,PROD019,2024-12-28,2025-01-01,1,0.15,Mobile App
ORD03127,CUST483,PROD017,2024-12-28,2025-01-02,1,0.2,Retail Store
ORD03128,CUST282,PROD002,2024-12-28,2025-01-03,2,0.15,Mobile App
ORD03129,CUST133,PROD017,2024-12-28,2024-12-29,1,0.15,Online
ORD03130,CUST041,PROD012,2024-12-28,2025-01-03,2,0.0,Mobile App
ORD03131,CUST256,PROD011,2024-12-28,2025-01-01,1,0.0,Mobile App
ORD03132,CUST375,PROD004,2024-12-28,2024-12-29,2,0.0,Retail Store
ORD03133,CUST126,PROD009,2024-12-29,2024-12-30,2,0.05,Retail Store
ORD03134,CUST216,PROD015,2024-12-29,2024-12-30,1,0.05,Mobile App
ORD03135,CUST493,PROD004,2024-12-29,2025-01-01,3,0.2,Online
ORD03136,CUST218,PROD005,2024-12-29,2025-01-02,4,0.05,Mobile App
ORD03137,CUST362,PROD016,2024-12-29,2025-01-01,2,0.0,Retail Store
ORD03138,CUST351,PROD012,2024-12-29,2025-01-04,1,0.1,Mobile App
ORD03139,CUST261,PROD009,2024-12-29,2025-01-02,1,0.1,Mobile App
ORD03140,CUST251,PROD014,2024-12-29,2025-01-01,1,0.05,Online
ORD03141,CUST441,PROD011,2024-12-29,2024-12-30,1,0.0,Online
ORD03142,CUST192,PROD002,2024-12-29,2025-01-03,1,0.15,Online
ORD03143,CUST150,PROD003,2024-12-29,2025-01-03,4,0.05,Online
ORD03144,CUST165,PROD008,2024-12-30,2025-01-02,2,0.1,Retail Store
ORD03145,CUST002,PROD011,2024-12-30,2025-01-04,1,0.0,Mobile App
ORD03146,CUST252,PROD008,2024-12-30,2025-01-04,3,0.05,Online
ORD03147,CUST045,PROD014,2024-12-30,2025-01-02,1,0.05,Online
ORD03148,CUST242,PROD008,2024-12-30,2025-01-03,2,0.0,Mobile App
ORD03149,CUST031,PROD002,2024-12-30,2025-01-05,1,0.1,Online
ORD03150,CUST483,PROD013,2024-12-30,2025-01-03,2,0.05,Mobile App
ORD03151,CUST058,PROD001,2024-12-30,2025-01-01,1,0.1,Retail Store
ORD03152,CUST450,PROD005,2024-12-31,2025-01-02,1,0.0,Mobile App
ORD03153,CUST094,PROD011,2024-12-31,2025-01-05,3,0.1,Mobile App
ORD03154,CUST429,PROD009,2024-12-31,2025-01-01,1,0.15,Mobile App
ORD03155,CUST191,PROD013,2024-12-31,2025-01-06,1,0.0,Retail Store
ORD03156,CUST324,PROD019,2024-12-31,2025-01-05,1,0.0,Retail Store
ORD03157,CUST257,PROD012,2024-12-31,2025-01-05,3,0.2,Online
ORD03158,CUST119,PROD020,2024-12-31,2025-01-04,2,0.15,Mobile App
ORD03159,CUST073,PROD002,2025-01-01,2025-01-02,1,0.0,Mobile App
ORD03160,CUST424,PROD020,2025-01-01,2025-01-05,1,0.2,Retail Store
ORD03161,CUST459,PROD008,2025-01-01,2025-01-07,2,0.1,Retail Store
ORD03162,CUST287,PROD019,2025-01-01,2025-01-07,2,0.15,Online
ORD03163,CUST096,PROD003,2025-01-01,2025-01-05,2,0.2,Mobile App
ORD03164,CUST467,PROD005,2025-01-01,2025-01-03,1,0.15,Mobile App
ORD03165,CUST405,PROD006,2025-01-01,2025-01-03,1,0.15,Mobile App
ORD03166,CUST389,PROD008,2025-01-01,2025-01-02,1,0.1,Mobile App
ORD03167,CUST355,PROD007,2025-01-02,2025-01-03,1,0.2,Mobile App
ORD03168,CUST331,PROD003,2025-01-02,2025-01-03,1,0.1,Retail Store
ORD03169,CUST396,PROD001,2025-01-02,2025-01-04,1,0.15,Mobile App
ORD03170,CUST415,PROD015,2025-01-02,2025-01-07,1,0.15,Retail Store
ORD03171,CUST292,PROD004,2025-01-03,2025-01-05,3,0.0,Mobile App
ORD03172,CUST014,PROD020,2025-01-03,2025-01-07,1,0.0,Online
ORD03173,CUST438,PROD003,2025-01-03,2025-01-08,1,0.2,Mobile App
ORD03174,CUST061,PROD003,2025-01-03,2025-01-07,1,0.05,Online
ORD03175,CUST279,PROD004,2025-01-03,2025-01-07,1,0.2,Online
ORD03176,CUST349,PROD020,2025-01-03,2025-01-04,1,0.05,Retail Store
ORD03177,CUST148,PROD003,2025-01-03,2025-01-07,1,0.15,Online
ORD03178,CUST357,PROD003,2025-01-03,2025-01-06,4,0.0,Retail Store
ORD03179,CUST048,PROD015,2025-01-03,2025-01-07,4,0.2,Mobile App
ORD03180,CUST432,PROD012,2025-01-03,2025-01-09,2,0.15,Online
ORD03181,CUST026,PROD013,2025-01-03,2025-01-09,1,0.1,Mobile App
ORD03182,CUST223,PROD013,2025-01-03,2025-01-09,2,0.0,Retail Store
ORD03183,CUST136,PROD005,2025-01-03,2025-01-07,1,0.2,Online
ORD03184,CUST049,PROD017,2025-01-04,2025-01-07,1,0.0,Online
ORD03185,CUST454,PROD007,2025-01-04,2025-01-08,1,0.1,Online
ORD03186,CUST419,PROD019,2025-01-04,2025-01-09,1,0.2,Mobile App
ORD03187,CUST240,PROD002,2025-01-04,2025-01-09,2,0.05,Mobile App
ORD03188,CUST387,PROD014,2025-01-04,2025-01-10,2,0.0,Retail Store
ORD03189,CUST271,PROD001,2025-01-04,2025-01-07,1,0.2,Retail Store
ORD03190,CUST180,PROD006,2025-01-04,2025-01-08,1,0.1,Retail Store
ORD03191,CUST145,PROD001,2025-01-04,2025-01-06,1,0.1,Mobile App
ORD03192,CUST079,PROD002,2025-01-04,2025-01-05,1,0.0,Retail Store
ORD03193,CUST044,PROD017,2025-01-04,2025-01-05,4,0.1,Retail Store
ORD03194,CUST164,PROD002,2025-01-04,2025-01-10,1,0.0,Retail Store
ORD03195,CUST034,PROD009,2025-01-04,2025-01-07,1,0.15,Retail Store
ORD03196,CUST031,PROD012,2025-01-04,2025-01-06,1,0.0,Retail Store
ORD03197,CUST488,PROD005,2025-01-04,2025-01-10,3,0.2,Online
ORD03198,CUST228,PROD014,2025-01-05,2025-01-06,1,0.1,Online
ORD03199,CUST111,PROD017,2025-01-05,2025-01-11,2,0.1,Retail Store
ORD03200,CUST377,PROD001,2025-01-05,2025-01-11,3,0.0,Retail Store
ORD03201,CUST167,PROD009,2025-01-05,2025-01-08,1,0.15,Mobile App
ORD03202,CUST427,PROD016,2025-01-05,2025-01-10,1,0.05,Mobile App
ORD03203,CUST072,PROD002,2025-01-05,2025-01-08,2,0.1,Online
ORD03204,CUST348,PROD011,2025-01-05,2025-01-10,1,0.0,Mobile App
ORD03205,CUST147,PROD014,2025-01-05,2025-01-09,2,0.15,Mobile App
ORD03206,CUST239,PROD016,2025-01-05,2025-01-10,2,0.15,Online
ORD03207,CUST093,PROD004,2025-01-05,2025-01-06,1,0.0,Online
ORD03208,CUST096,PROD006,2025-01-05,2025-01-10,2,0.0,Retail Store
ORD03209,CUST281,PROD006,2025-01-05,2025-01-07,1,0.2,Retail Store
ORD03210,CUST054,PROD012,2025-01-05,2025-01-11,1,0.0,Online
ORD03211,CUST462,PROD002,2025-01-05,2025-01-11,2,0.0,Mobile App
ORD03212,CUST437,PROD002,2025-01-06,2025-01-09,1,0.0,Mobile App
ORD03213,CUST436,PROD001,2025-01-06,2025-01-11,1,0.0,Online
ORD03214,CUST357,PROD010,2025-01-06,2025-01-11,1,0.0,Retail Store
ORD03215,CUST007,PROD003,2025-01-06,2025-01-08,1,0.0,Mobile App
ORD03216,CUST499,PROD012,2025-01-06,2025-01-10,1,0.1,Retail Store
ORD03217,CUST423,PROD001,2025-01-06,2025-01-07,1,0.0,Retail Store
ORD03218,CUST500,PROD017,2025-01-07,2025-01-08,1,0.15,Mobile App
ORD03219,CUST107,PROD012,2025-01-07,2025-01-12,1,0.0,Online
ORD03220,CUST329,PROD006,2025-01-07,2025-01-09,1,0.0,Online
ORD03221,CUST079,PROD011,2025-01-07,2025-01-12,1,0.0,Online
ORD03222,CUST338,PROD020,2025-01-07,2025-01-11,1,0.2,Mobile App
ORD03223,CUST365,PROD005,2025-01-07,2025-01-08,1,0.0,Retail Store
ORD03224,CUST061,PROD005,2025-01-07,2025-01-11,3,0.0,Online
ORD03225,CUST492,PROD015,2025-01-07,2025-01-10,2,0.05,Mobile App
ORD03226,CUST462,PROD014,2025-01-07,2025-01-13,2,0.0,Mobile App
ORD03227,CUST222,PROD015,2025-01-07,2025-01-10,3,0.0,Retail Store
ORD03228,CUST007,PROD009,2025-01-07,2025-01-13,1,0.2,Retail Store
ORD03229,CUST193,PROD001,2025-01-07,2025-01-09,4,0.0,Retail Store
ORD03230,CUST444,PROD019,2025-01-07,2025-01-10,1,0.0,Retail Store
ORD03231,CUST122,PROD001,2025-01-08,2025-01-12,1,0.05,Retail Store
ORD03232,CUST412,PROD017,2025-01-08,2025-01-14,1,0.0,Mobile App
ORD03233,CUST310,PROD014,2025-01-08,2025-01-10,1,0.15,Online
ORD03234,CUST497,PROD005,2025-01-08,2025-01-11,2,0.05,Retail Store
ORD03235,CUST190,PROD008,2025-01-08,2025-01-10,4,0.1,Retail Store
ORD03236,CUST318,PROD016,2025-01-08,2025-01-13,2,0.05,Mobile App
ORD03237,CUST188,PROD017,2025-01-08,2025-01-09,1,0.0,Retail Store
ORD03238,CUST441,PROD001,2025-01-08,2025-01-09,1,0.0,Online
ORD03239,CUST056,PROD013,2025-01-08,2025-01-14,2,0.0,Mobile App
ORD03240,CUST221,PROD012,2025-01-08,2025-01-10,1,0.0,Online
ORD03241,CUST122,PROD001,2025-01-09,2025-01-13,2,0.2,Retail Store
ORD03242,CUST166,PROD018,2025-01-09,2025-01-14,2,0.0,Mobile App
ORD03243,CUST029,PROD003,2025-01-09,2025-01-14,3,0.0,Online
ORD03244,CUST500,PROD012,2025-01-09,2025-01-13,2,0.0,Mobile App
ORD03245,CUST317,PROD002,2025-01-09,2025-01-12,1,0.1,Retail Store
ORD03246,CUST392,PROD013,2025-01-09,2025-01-10,1,0.1,Retail Store
ORD03247,CUST213,PROD014,2025-01-09,2025-01-14,1,0.0,Retail Store
ORD03248,CUST077,PROD013,2025-01-09,2025-01-10,1,0.2,Retail Store
ORD03249,CUST336,PROD014,2025-01-09,2025-01-11,1,0.0,Online
ORD03250,CUST058,PROD017,2025-01-09,2025-01-10,2,0.0,Online
ORD03251,CUST164,PROD013,2025-01-09,2025-01-14,1,0.1,Mobile App
ORD03252,CUST132,PROD002,2025-01-10,2025-01-12,2,0.0,Online
ORD03253,CUST047,PROD007,2025-01-10,2025-01-11,1,0.0,Online
ORD03254,CUST345,PROD018,2025-01-10,2025-01-13,1,0.1,Online
ORD03255,CUST186,PROD013,2025-01-10,2025-01-11,1,0.2,Online
ORD03256,CUST468,PROD007,2025-01-10,2025-01-16,2,0.2,Mobile App
ORD03257,CUST436,PROD016,2025-01-10,2025-01-16,1,0.05,Retail Store
ORD03258,CUST206,PROD010,2025-01-10,2025-01-11,3,0.0,Retail Store
ORD03259,CUST452,PROD006,2025-01-11,2025-01-17,1,0.2,Mobile App
ORD03260,CUST300,PROD010,2025-01-11,2025-01-16,2,0.0,Retail Store
ORD03261,CUST250,PROD008,2025-01-11,2025-01-17,2,0.15,Retail Store
ORD03262,CUST390,PROD004,2025-01-11,2025-01-12,2,0.1,Mobile App
ORD03263,CUST304,PROD006,2025-01-11,2025-01-17,3,0.1,Retail Store
ORD03264,CUST297,PROD002,2025-01-11,2025-01-15,1,0.0,Online
ORD03265,CUST174,PROD001,2025-01-11,2025-01-15,3,0.1,Retail Store
ORD03266,CUST141,PROD015,2025-01-11,2025-01-12,1,0.0,Online
ORD03267,CUST096,PROD008,2025-01-12,2025-01-13,2,0.0,Retail Store
ORD03268,CUST498,PROD007,2025-01-12,2025-01-16,1,0.15,Retail Store
ORD03269,CUST394,PROD008,2025-01-12,2025-01-16,1,0.15,Online
ORD03270,CUST358,PROD007,2025-01-12,2025-01-15,1,0.0,Online
ORD03271,CUST499,PROD006,2025-01-12,2025-01-15,3,0.0,Mobile App
ORD03272,CUST480,PROD003,2025-01-12,2025-01-13,1,0.15,Mobile App
ORD03273,CUST196,PROD002,2025-01-12,2025-01-17,1,0.0,Retail Store
ORD03274,CUST289,PROD015,2025-01-12,2025-01-16,3,0.0,Retail Store
ORD03275,CUST388,PROD005,2025-01-12,2025-01-18,2,0.1,Mobile App
ORD03276,CUST178,PROD020,2025-01-12,2025-01-15,1,0.15,Retail Store
ORD03277,CUST463,PROD003,2025-01-13,2025-01-19,2,0.05,Mobile App
ORD03278,CUST192,PROD005,2025-01-13,2025-01-18,4,0.0,Online
ORD03279,CUST338,PROD015,2025-01-13,2025-01-15,1,0.15,Online
ORD03280,CUST107,PROD017,2025-01-13,2025-01-16,1,0.0,Mobile App
ORD03281,CUST030,PROD001,2025-01-13,2025-01-14,1,0.15,Retail Store
ORD03282,CUST154,PROD015,2025-01-13,2025-01-17,1,0.0,Mobile App
ORD03283,CUST198,PROD010,2025-01-13,2025-01-19,1,0.0,Retail Store
ORD03284,CUST019,PROD015,2025-01-13,2025-01-17,1,0.0,Online
ORD03285,CUST287,PROD013,2025-01-13,2025-01-16,1,0.15,Mobile App
ORD03286,CUST231,PROD008,2025-01-13,2025-01-18,2,0.05,Online
ORD03287,CUST468,PROD018,2025-01-13,2025-01-19,1,0.0,Online
ORD03288,CUST479,PROD010,2025-01-14,2025-01-16,1,0.15,Mobile App
ORD03289,CUST178,PROD018,2025-01-14,2025-01-19,1,0.0,Retail Store
ORD03290,CUST088,PROD006,2025-01-14,2025-01-19,1,0.0,Online
ORD03291,CUST107,PROD016,2025-01-14,2025-01-15,3,0.15,Retail Store
ORD03292,CUST420,PROD010,2025-01-14,2025-01-18,2,0.05,Retail Store
ORD03293,CUST101,PROD008,2025-01-14,2025-01-18,2,0.0,Mobile App
ORD03294,CUST208,PROD020,2025-01-14,2025-01-16,1,0.0,Retail Store
ORD03295,CUST112,PROD020,2025-01-14,2025-01-18,1,0.1,Mobile App
ORD03296,CUST477,PROD019,2025-01-15,2025-01-21,1,0.0,Mobile App
ORD03297,CUST318,PROD006,2025-01-15,2025-01-18,3,0.0,Mobile App
ORD03298,CUST294,PROD011,2025-01-15,2025-01-17,1,0.0,Retail Store
ORD03299,CUST425,PROD017,2025-01-15,2025-01-20,1,0.05,Retail Store
ORD03300,CUST112,PROD005,2025-01-15,2025-01-16,2,0.0,Retail Store
ORD03301,CUST216,PROD005,2025-01-15,2025-01-20,3,0.2,Mobile App
ORD03302,CUST396,PROD003,2025-01-15,2025-01-18,3,0.0,Retail Store
ORD03303,CUST337,PROD003,2025-01-15,2025-01-16,4,0.1,Online
ORD03304,CUST435,PROD016,2025-01-15,2025-01-20,1,0.1,Mobile App
ORD03305,CUST444,PROD010,2025-01-15,2025-01-20,1,0.0,Mobile App
ORD03306,CUST357,PROD014,2025-01-15,2025-01-16,2,0.15,Retail Store
ORD03307,CUST450,PROD003,2025-01-16,2025-01-19,1,0.05,Mobile App
ORD03308,CUST311,PROD007,2025-01-16,2025-01-18,2,0.1,Retail Store
ORD03309,CUST045,PROD017,2025-01-16,2025-01-21,2,0.1,Online
ORD03310,CUST262,PROD005,2025-01-17,2025-01-21,2,0.0,Retail Store
ORD03311,CUST326,PROD013,2025-01-17,2025-01-20,2,0.0,Online
ORD03312,CUST241,PROD011,2025-01-17,2025-01-21,1,0.15,Retail Store
ORD03313,CUST370,PROD015,2025-01-17,2025-01-23,2,0.0,Mobile App
ORD03314,CUST492,PROD003,2025-01-17,2025-01-23,3,0.05,Retail Store
ORD03315,CUST238,PROD005,2025-01-17,2025-01-18,3,0.0,Retail Store
ORD03316,CUST081,PROD017,2025-01-17,2025-01-23,1,0.0,Online
ORD03317,CUST031,PROD017,2025-01-17,2025-01-18,1,0.0,Retail Store
ORD03318,CUST039,PROD006,2025-01-17,2025-01-18,1,0.2,Online
ORD03319,CUST494,PROD014,2025-01-18,2025-01-22,1,0.05,Mobile App
ORD03320,CUST110,PROD006,2025-01-18,2025-01-24,2,0.0,Mobile App
ORD03321,CUST088,PROD006,2025-01-18,2025-01-20,2,0.0,Mobile App
ORD03322,CUST344,PROD004,2025-01-18,2025-01-20,1,0.0,Online
ORD03323,CUST241,PROD013,2025-01-18,2025-01-21,1,0.0,Retail Store
ORD03324,CUST474,PROD011,2025-01-18,2025-01-20,1,0.0,Mobile App
ORD03325,CUST316,PROD017,2025-01-18,2025-01-19,1,0.15,Retail Store
ORD03326,CUST252,PROD018,2025-01-18,2025-01-24,3,0.0,Retail Store
ORD03327,CUST385,PROD017,2025-01-18,2025-01-22,1,0.0,Mobile App
ORD03328,CUST415,PROD016,2025-01-18,2025-01-20,1,0.15,Mobile App
ORD03329,CUST114,PROD015,2025-01-18,2025-01-22,1,0.15,Retail Store
ORD03330,CUST280,PROD007,2025-01-19,2025-01-24,3,0.0,Mobile App
ORD03331,CUST218,PROD003,2025-01-19,2025-01-21,2,0.0,Retail Store
ORD03332,CUST188,PROD002,2025-01-19,2025-01-25,1,0.1,Retail Store
ORD03333,CUST453,PROD006,2025-01-19,2025-01-24,1,0.15,Online
ORD03334,CUST064,PROD010,2025-01-19,2025-01-23,3,0.15,Retail Store
ORD03335,CUST281,PROD017,2025-01-20,2025-01-22,2,0.15,Retail Store
ORD03336,CUST107,PROD009,2025-01-20,2025-01-22,1,0.0,Online
ORD03337,CUST130,PROD009,2025-01-20,2025-01-25,1,0.0,Mobile App
ORD03338,CUST403,PROD005,2025-01-20,2025-01-24,2,0.0,Online
ORD03339,CUST141,PROD014,2025-01-20,2025-01-23,1,0.0,Mobile App
ORD03340,CUST281,PROD014,2025-01-20,2025-01-22,2,0.2,Retail Store
ORD03341,CUST073,PROD001,2025-01-20,2025-01-25,3,0.1,Online
ORD03342,CUST470,PROD016,2025-01-20,2025-01-24,2,0.0,Retail Store
ORD03343,CUST254,PROD019,2025-01-21,2025-01-26,2,0.2,Mobile App
ORD03344,CUST356,PROD015,2025-01-21,2025-01-26,1,0.0,Mobile App
ORD03345,CUST292,PROD015,2025-01-21,2025-01-22,2,0.0,Online
ORD03346,CUST467,PROD003,2025-01-21,2025-01-25,2,0.2,Retail Store
ORD03347,CUST077,PROD013,2025-01-21,2025-01-26,1,0.05,Online
ORD03348,CUST048,PROD002,2025-01-21,2025-01-27,1,0.0,Retail Store
ORD03349,CUST309,PROD004,2025-01-21,2025-01-25,1,0.2,Online
ORD03350,CUST155,PROD002,2025-01-21,2025-01-23,2,0.0,Online
ORD03351,CUST279,PROD009,2025-01-21,2025-01-24,1,0.0,Mobile App
ORD03352,CUST406,PROD006,2025-01-21,2025-01-25,1,0.2,Online
ORD03353,CUST496,PROD015,2025-01-21,2025-01-27,1,0.2,Retail Store
ORD03354,CUST267,PROD003,2025-01-21,2025-01-24,1,0.2,Retail Store
ORD03355,CUST190,PROD008,2025-01-22,2025-01-24,1,0.1,Online
ORD03356,CUST485,PROD019,2025-01-22,2025-01-26,1,0.0,Online
ORD03357,CUST449,PROD018,2025-01-22,2025-01-28,2,0.2,Retail Store
ORD03358,CUST394,PROD010,2025-01-22,2025-01-24,1,0.0,Online
ORD03359,CUST416,PROD013,2025-01-22,2025-01-23,1,0.1,Mobile App
ORD03360,CUST314,PROD006,2025-01-22,2025-01-27,1,0.2,Online
ORD03361,CUST302,PROD006,2025-01-22,2025-01-25,2,0.0,Online
ORD03362,CUST430,PROD013,2025-01-22,2025-01-25,4,0.2,Retail Store
ORD03363,CUST093,PROD020,2025-01-23,2025-01-26,2,0.2,Retail Store
ORD03364,CUST398,PROD017,2025-01-23,2025-01-29,1,0.0,Retail Store
ORD03365,CUST307,PROD002,2025-01-23,2025-01-27,1,0.0,Retail Store
ORD03366,CUST071,PROD001,2025-01-23,2025-01-24,1,0.0,Retail Store
ORD03367,CUST484,PROD014,2025-01-23,2025-01-28,1,0.05,Mobile App
ORD03368,CUST251,PROD005,2025-01-23,2025-01-25,1,0.1,Mobile App
ORD03369,CUST255,PROD007,2025-01-23,2025-01-27,1,0.05,Online
ORD03370,CUST174,PROD009,2025-01-23,2025-01-26,3,0.0,Retail Store
ORD03371,CUST469,PROD019,2025-01-23,2025-01-26,1,0.1,Retail Store
ORD03372,CUST169,PROD008,2025-01-23,2025-01-28,2,0.05,Retail Store
ORD03373,CUST429,PROD016,2025-01-24,2025-01-27,1,0.2,Online
ORD03374,CUST432,PROD007,2025-01-24,2025-01-29,1,0.1,Mobile App
ORD03375,CUST162,PROD014,2025-01-24,2025-01-25,1,0.2,Mobile App
ORD03376,CUST241,PROD019,2025-01-24,2025-01-27,4,0.05,Mobile App
ORD03377,CUST170,PROD007,2025-01-24,2025-01-26,1,0.15,Retail Store
ORD03378,CUST435,PROD010,2025-01-25,2025-01-26,1,0.1,Online
ORD03379,CUST252,PROD018,2025-01-25,2025-01-28,3,0.0,Mobile App
ORD03380,CUST213,PROD018,2025-01-25,2025-01-26,1,0.05,Online
ORD03381,CUST177,PROD012,2025-01-25,2025-01-26,1,0.15,Mobile App
ORD03382,CUST445,PROD014,2025-01-25,2025-01-30,1,0.0,Online
ORD03383,CUST134,PROD006,2025-01-25,2025-01-29,2,0.0,Online
ORD03384,CUST056,PROD010,2025-01-25,2025-01-31,1,0.15,Online
ORD03385,CUST456,PROD003,2025-01-25,2025-01-30,1,0.15,Online
ORD03386,CUST099,PROD010,2025-01-26,2025-01-31,1,0.15,Mobile App
ORD03387,CUST106,PROD018,2025-01-26,2025-01-27,1,0.2,Mobile App
ORD03388,CUST407,PROD001,2025-01-26,2025-02-01,1,0.1,Mobile App
ORD03389,CUST148,PROD016,2025-01-26,2025-01-28,1,0.0,Retail Store
ORD03390,CUST041,PROD002,2025-01-26,2025-02-01,4,0.05,Retail Store
ORD03391,CUST380,PROD015,2025-01-26,2025-02-01,1,0.15,Online
ORD03392,CUST163,PROD009,2025-01-26,2025-01-27,1,0.0,Mobile App
ORD03393,CUST037,PROD014,2025-01-26,2025-01-29,1,0.0,Online
ORD03394,CUST417,PROD014,2025-01-26,2025-01-31,1,0.0,Online
ORD03395,CUST168,PROD019,2025-01-27,2025-01-29,1,0.0,Online
ORD03396,CUST353,PROD006,2025-01-27,2025-01-31,1,0.0,Retail Store
ORD03397,CUST288,PROD006,2025-01-27,2025-02-01,3,0.1,Mobile App
ORD03398,CUST255,PROD018,2025-01-27,2025-02-01,1,0.0,Online
ORD03399,CUST016,PROD014,2025-01-27,2025-01-28,1,0.0,Retail Store
ORD03400,CUST063,PROD016,2025-01-28,2025-01-29,2,0.15,Retail Store
ORD03401,CUST147,PROD006,2025-01-28,2025-01-30,1,0.0,Mobile App
ORD03402,CUST299,PROD006,2025-01-28,2025-02-03,1,0.0,Online
ORD03403,CUST003,PROD011,2025-01-28,2025-01-31,1,0.1,Retail Store
ORD03404,CUST457,PROD008,2025-01-28,2025-02-01,2,0.0,Online
ORD03405,CUST499,PROD016,2025-01-28,2025-01-29,1,0.2,Retail Store
ORD03406,CUST288,PROD001,2025-01-28,2025-01-30,3,0.0,Mobile App
ORD03407,CUST385,PROD017,2025-01-28,2025-02-02,2,0.05,Retail Store
ORD03408,CUST352,PROD004,2025-01-28,2025-02-01,2,0.0,Retail Store
ORD03409,CUST301,PROD020,2025-01-28,2025-02-02,2,0.0,Mobile App
ORD03410,CUST010,PROD013,2025-01-28,2025-02-01,1,0.0,Mobile App
ORD03411,CUST359,PROD001,2025-01-28,2025-02-01,1,0.1,Online
ORD03412,CUST233,PROD018,2025-01-29,2025-01-30,1,0.0,Mobile App
ORD03413,CUST487,PROD019,2025-01-29,2025-01-31,1,0.0,Retail Store
ORD03414,CUST369,PROD014,2025-01-29,2025-02-02,3,0.05,Mobile App
ORD03415,CUST168,PROD019,2025-01-29,2025-02-04,2,0.0,Retail Store
ORD03416,CUST113,PROD012,2025-01-29,2025-02-02,3,0.1,Online
ORD03417,CUST447,PROD017,2025-01-29,2025-01-30,4,0.0,Online
ORD03418,CUST288,PROD003,2025-01-29,2025-02-01,2,0.1,Online
ORD03419,CUST466,PROD006,2025-01-29,2025-01-30,2,0.2,Online
ORD03420,CUST021,PROD017,2025-01-29,2025-01-31,3,0.15,Retail Store
ORD03421,CUST386,PROD017,2025-01-29,2025-01-30,1,0.0,Mobile App
ORD03422,CUST033,PROD017,2025-01-30,2025-02-03,1,0.0,Online
ORD03423,CUST004,PROD002,2025-01-30,2025-02-04,1,0.1,Mobile App
ORD03424,CUST469,PROD004,2025-01-30,2025-02-02,1,0.0,Online
ORD03425,CUST100,PROD002,2025-01-30,2025-02-04,4,0.0,Mobile App
ORD03426,CUST102,PROD003,2025-01-30,2025-02-02,1,0.0,Retail Store
ORD03427,CUST033,PROD018,2025-01-30,2025-02-01,1,0.0,Retail Store
ORD03428,CUST054,PROD019,2025-01-30,2025-01-31,2,0.0,Online
ORD03429,CUST266,PROD009,2025-01-30,2025-02-04,1,0.1,Mobile App
ORD03430,CUST381,PROD015,2025-01-30,2025-02-02,4,0.05,Retail Store
ORD03431,CUST419,PROD001,2025-01-30,2025-02-01,2,0.0,Mobile App
ORD03432,CUST153,PROD015,2025-01-30,2025-01-31,2,0.1,Retail Store
ORD03433,CUST490,PROD002,2025-01-30,2025-02-02,1,0.0,Mobile App
ORD03434,CUST486,PROD019,2025-01-31,2025-02-01,1,0.2,Mobile App
ORD03435,CUST475,PROD013,2025-01-31,2025-02-04,4,0.15,Mobile App
ORD03436,CUST312,PROD001,2025-01-31,2025-02-03,2,0.1,Online
ORD03437,CUST467,PROD012,2025-01-31,2025-02-03,1,0.0,Retail Store
ORD03438,CUST025,PROD007,2025-01-31,2025-02-03,1,0.0,Online
ORD03439,CUST116,PROD006,2025-01-31,2025-02-03,2,0.2,Mobile App
ORD03440,CUST277,PROD012,2025-01-31,2025-02-03,2,0.0,Online
ORD03441,CUST125,PROD004,2025-01-31,2025-02-02,1,0.0,Mobile App
ORD03442,CUST310,PROD017,2025-01-31,2025-02-02,1,0.05,Retail Store
ORD03443,CUST286,PROD015,2025-01-31,2025-02-03,2,0.0,Online
ORD03444,CUST078,PROD006,2025-01-31,2025-02-06,1,0.0,Retail Store
ORD03445,CUST212,PROD005,2025-02-01,2025-02-03,3,0.05,Retail Store
ORD03446,CUST426,PROD006,2025-02-01,2025-02-07,1,0.2,Mobile App
ORD03447,CUST051,PROD006,2025-02-01,2025-02-06,2,0.1,Online
ORD03448,CUST366,PROD004,2025-02-01,2025-02-05,1,0.05,Mobile App
ORD03449,CUST469,PROD013,2025-02-01,2025-02-07,2,0.1,Online
ORD03450,CUST141,PROD019,2025-02-01,2025-02-06,2,0.0,Mobile App
ORD03451,CUST118,PROD002,2025-02-01,2025-02-06,4,0.0,Online
ORD03452,CUST237,PROD017,2025-02-01,2025-02-02,2,0.15,Online
ORD03453,CUST463,PROD005,2025-02-01,2025-02-04,1,0.05,Mobile App
ORD03454,CUST134,PROD007,2025-02-02,2025-02-07,3,0.0,Online
ORD03455,CUST278,PROD007,2025-02-02,2025-02-03,1,0.1,Mobile App
ORD03456,CUST474,PROD006,2025-02-02,2025-02-03,1,0.15,Online
ORD03457,CUST075,PROD007,2025-02-02,2025-02-05,1,0.15,Retail Store
ORD03458,CUST033,PROD001,2025-02-02,2025-02-03,1,0.0,Retail Store
ORD03459,CUST191,PROD002,2025-02-02,2025-02-04,2,0.15,Retail Store
ORD03460,CUST054,PROD003,2025-02-02,2025-02-03,1,0.2,Mobile App
ORD03461,CUST017,PROD004,2025-02-02,2025-02-03,1,0.2,Retail Store
ORD03462,CUST092,PROD011,2025-02-02,2025-02-04,4,0.0,Mobile App
ORD03463,CUST088,PROD004,2025-02-02,2025-02-04,2,0.15,Online
ORD03464,CUST177,PROD011,2025-02-02,2025-02-03,2,0.05,Mobile App
ORD03465,CUST348,PROD003,2025-02-02,2025-02-05,1,0.1,Mobile App
ORD03466,CUST468,PROD019,2025-02-02,2025-02-03,1,0.1,Online
ORD03467,CUST381,PROD019,2025-02-02,2025-02-03,2,0.05,Retail Store
ORD03468,CUST364,PROD009,2025-02-02,2025-02-04,2,0.0,Retail Store
ORD03469,CUST473,PROD009,2025-02-03,2025-02-09,1,0.2,Online
ORD03470,CUST470,PROD020,2025-02-03,2025-02-07,3,0.05,Online
ORD03471,CUST206,PROD015,2025-02-03,2025-02-07,1,0.2,Retail Store
ORD03472,CUST333,PROD013,2025-02-03,2025-02-04,1,0.05,Retail Store
ORD03473,CUST247,PROD017,2025-02-03,2025-02-05,1,0.1,Online
ORD03474,CUST163,PROD004,2025-02-04,2025-02-08,3,0.2,Online
ORD03475,CUST163,PROD014,2025-02-04,2025-02-08,1,0.0,Online
ORD03476,CUST384,PROD015,2025-02-04,2025-02-08,2,0.15,Online
ORD03477,CUST073,PROD019,2025-02-04,2025-02-08,4,0.05,Mobile App
ORD03478,CUST172,PROD008,2025-02-04,2025-02-08,2,0.0,Retail Store
ORD03479,CUST189,PROD009,2025-02-04,2025-02-08,2,0.0,Mobile App
ORD03480,CUST124,PROD018,2025-02-04,2025-02-06,2,0.05,Online
ORD03481,CUST168,PROD014,2025-02-04,2025-02-06,4,0.0,Retail Store
ORD03482,CUST275,PROD009,2025-02-04,2025-02-05,2,0.0,Retail Store
ORD03483,CUST455,PROD011,2025-02-04,2025-02-09,1,0.0,Mobile App
ORD03484,CUST346,PROD007,2025-02-04,2025-02-08,1,0.15,Retail Store
ORD03485,CUST275,PROD011,2025-02-04,2025-02-09,2,0.2,Retail Store
ORD03486,CUST477,PROD012,2025-02-04,2025-02-08,2,0.2,Online
ORD03487,CUST492,PROD017,2025-02-04,2025-02-08,1,0.0,Retail Store
ORD03488,CUST042,PROD019,2025-02-05,2025-02-07,1,0.0,Online
ORD03489,CUST468,PROD012,2025-02-05,2025-02-07,2,0.15,Mobile App
ORD03490,CUST170,PROD014,2025-02-05,2025-02-11,1,0.0,Online
ORD03491,CUST295,PROD006,2025-02-05,2025-02-06,1,0.15,Retail Store
ORD03492,CUST255,PROD004,2025-02-05,2025-02-09,2,0.0,Retail Store
ORD03493,CUST194,PROD004,2025-02-05,2025-02-07,1,0.2,Mobile App
ORD03494,CUST125,PROD003,2025-02-05,2025-02-08,2,0.0,Retail Store
ORD03495,CUST310,PROD014,2025-02-05,2025-02-07,3,0.15,Retail Store
ORD03496,CUST359,PROD013,2025-02-05,2025-02-09,1,0.15,Retail Store
ORD03497,CUST111,PROD014,2025-02-05,2025-02-08,1,0.0,Online
ORD03498,CUST168,PROD004,2025-02-05,2025-02-08,4,0.0,Retail Store
ORD03499,CUST304,PROD007,2025-02-06,2025-02-12,3,0.0,Online
ORD03500,CUST265,PROD017,2025-02-06,2025-02-11,2,0.0,Online
ORD03501,CUST434,PROD009,2025-02-06,2025-02-07,1,0.2,Retail Store
ORD03502,CUST046,PROD013,2025-02-06,2025-02-10,1,0.0,Retail Store
ORD03503,CUST314,PROD002,2025-02-06,2025-02-09,2,0.05,Mobile App
ORD03504,CUST084,PROD014,2025-02-06,2025-02-09,1,0.05,Online
ORD03505,CUST082,PROD003,2025-02-06,2025-02-12,3,0.0,Online
ORD03506,CUST460,PROD009,2025-02-06,2025-02-07,2,0.05,Online
ORD03507,CUST292,PROD004,2025-02-06,2025-02-12,3,0.0,Online
ORD03508,CUST343,PROD006,2025-02-07,2025-02-11,4,0.1,Mobile App
ORD03509,CUST258,PROD012,2025-02-07,2025-02-13,2,0.05,Online
ORD03510,CUST311,PROD014,2025-02-07,2025-02-09,2,0.05,Online
ORD03511,CUST132,PROD012,2025-02-07,2025-02-12,2,0.1,Retail Store
ORD03512,CUST355,PROD019,2025-02-07,2025-02-11,1,0.15,Online
ORD03513,CUST259,PROD002,2025-02-07,2025-02-09,1,0.05,Online
ORD03514,CUST308,PROD007,2025-02-07,2025-02-13,3,0.05,Mobile App
ORD03515,CUST324,PROD019,2025-02-07,2025-02-09,3,0.15,Retail Store
ORD03516,CUST176,PROD013,2025-02-07,2025-02-12,1,0.0,Retail Store
ORD03517,CUST146,PROD004,2025-02-07,2025-02-10,1,0.0,Mobile App
ORD03518,CUST107,PROD004,2025-02-07,2025-02-08,2,0.15,Mobile App
ORD03519,CUST500,PROD004,2025-02-07,2025-02-10,2,0.0,Retail Store
ORD03520,CUST076,PROD009,2025-02-08,2025-02-10,3,0.05,Online
ORD03521,CUST357,PROD018,2025-02-08,2025-02-10,1,0.0,Mobile App
ORD03522,CUST208,PROD014,2025-02-08,2025-02-14,1,0.05,Mobile App
ORD03523,CUST160,PROD006,2025-02-08,2025-02-09,1,0.2,Online
ORD03524,CUST473,PROD001,2025-02-08,2025-02-10,2,0.1,Online
ORD03525,CUST421,PROD016,2025-02-08,2025-02-13,1,0.05,Retail Store
ORD03526,CUST395,PROD019,2025-02-08,2025-02-10,3,0.05,Mobile App
ORD03527,CUST079,PROD007,2025-02-08,2025-02-09,1,0.1,Online
ORD03528,CUST416,PROD011,2025-02-08,2025-02-11,1,0.05,Mobile App
ORD03529,CUST333,PROD010,2025-02-09,2025-02-11,1,0.0,Mobile App
ORD03530,CUST280,PROD005,2025-02-09,2025-02-11,1,0.2,Online
ORD03531,CUST266,PROD018,2025-02-09,2025-02-15,1,0.05,Retail Store
ORD03532,CUST156,PROD001,2025-02-09,2025-02-12,2,0.05,Mobile App
ORD03533,CUST361,PROD005,2025-02-09,2025-02-11,2,0.0,Retail Store
ORD03534,CUST440,PROD001,2025-02-09,2025-02-11,4,0.2,Mobile App
ORD03535,CUST432,PROD016,2025-02-09,2025-02-14,2,0.0,Retail Store
ORD03536,CUST398,PROD005,2025-02-09,2025-02-11,1,0.15,Online
ORD03537,CUST142,PROD017,2025-02-09,2025-02-12,2,0.05,Online
ORD03538,CUST428,PROD004,2025-02-09,2025-02-11,2,0.0,Retail Store
ORD03539,CUST068,PROD006,2025-02-09,2025-02-13,1,0.0,Online
ORD03540,CUST069,PROD012,2025-02-10,2025-02-16,2,0.2,Online
ORD03541,CUST360,PROD006,2025-02-10,2025-02-14,2,0.0,Online
ORD03542,CUST224,PROD006,2025-02-10,2025-02-15,4,0.0,Online
ORD03543,CUST076,PROD016,2025-02-10,2025-02-13,1,0.0,Mobile App
ORD03544,CUST489,PROD020,2025-02-10,2025-02-13,1,0.0,Mobile App
ORD03545,CUST269,PROD007,2025-02-10,2025-02-12,1,0.2,Mobile App
ORD03546,CUST031,PROD010,2025-02-10,2025-02-11,4,0.05,Retail Store
ORD03547,CUST098,PROD003,2025-02-10,2025-02-11,3,0.15,Online
ORD03548,CUST408,PROD018,2025-02-11,2025-02-13,4,0.2,Online
ORD03549,CUST391,PROD011,2025-02-11,2025-02-15,1,0.0,Retail Store
ORD03550,CUST168,PROD020,2025-02-11,2025-02-16,1,0.05,Mobile App
ORD03551,CUST269,PROD020,2025-02-11,2025-02-14,3,0.15,Retail Store
ORD03552,CUST471,PROD015,2025-02-11,2025-02-17,1,0.0,Online
ORD03553,CUST129,PROD004,2025-02-11,2025-02-15,1,0.0,Mobile App
ORD03554,CUST022,PROD012,2025-02-11,2025-02-13,1,0.1,Retail Store
ORD03555,CUST135,PROD011,2025-02-11,2025-02-15,1,0.0,Retail Store
ORD03556,CUST067,PROD020,2025-02-11,2025-02-15,2,0.15,Online
ORD03557,CUST277,PROD013,2025-02-11,2025-02-17,1,0.0,Mobile App
ORD03558,CUST497,PROD018,2025-02-12,2025-02-15,1,0.0,Online
ORD03559,CUST052,PROD015,2025-02-12,2025-02-15,2,0.0,Mobile App
ORD03560,CUST031,PROD014,2025-02-12,2025-02-16,1,0.0,Retail Store
ORD03561,CUST394,PROD018,2025-02-12,2025-02-16,1,0.0,Mobile App
ORD03562,CUST449,PROD018,2025-02-12,2025-02-16,1,0.1,Retail Store
ORD03563,CUST130,PROD016,2025-02-12,2025-02-16,2,0.0,Online
ORD03564,CUST069,PROD014,2025-02-12,2025-02-13,1,0.2,Mobile App
ORD03565,CUST082,PROD019,2025-02-12,2025-02-13,1,0.2,Mobile App
ORD03566,CUST122,PROD019,2025-02-12,2025-02-18,1,0.0,Retail Store
ORD03567,CUST137,PROD018,2025-02-13,2025-02-18,2,0.0,Retail Store
ORD03568,CUST067,PROD002,2025-02-13,2025-02-15,1,0.0,Mobile App
ORD03569,CUST388,PROD016,2025-02-13,2025-02-14,2,0.0,Retail Store
ORD03570,CUST333,PROD006,2025-02-13,2025-02-17,1,0.0,Retail Store
ORD03571,CUST224,PROD017,2025-02-13,2025-02-15,1,0.0,Retail Store
ORD03572,CUST386,PROD012,2025-02-13,2025-02-14,1,0.0,Mobile App
ORD03573,CUST486,PROD017,2025-02-13,2025-02-14,2,0.0,Mobile App
ORD03574,CUST166,PROD003,2025-02-13,2025-02-14,1,0.2,Online
ORD03575,CUST162,PROD017,2025-02-13,2025-02-17,2,0.0,Online
ORD03576,CUST019,PROD016,2025-02-13,2025-02-17,1,0.15,Retail Store
ORD03577,CUST138,PROD019,2025-02-14,2025-02-20,3,0.1,Retail Store
ORD03578,CUST396,PROD020,2025-02-14,2025-02-17,1,0.05,Mobile App
ORD03579,CUST329,PROD012,2025-02-14,2025-02-17,1,0.1,Retail Store
ORD03580,CUST384,PROD003,2025-02-14,2025-02-18,1,0.0,Mobile App
ORD03581,CUST015,PROD004,2025-02-14,2025-02-20,1,0.1,Mobile App
ORD03582,CUST373,PROD018,2025-02-14,2025-02-18,1,0.0,Mobile App
ORD03583,CUST233,PROD006,2025-02-15,2025-02-17,1,0.1,Mobile App
ORD03584,CUST153,PROD019,2025-02-15,2025-02-17,2,0.0,Retail Store
ORD03585,CUST404,PROD014,2025-02-15,2025-02-19,1,0.0,Retail Store
ORD03586,CUST103,PROD014,2025-02-15,2025-02-18,2,0.05,Retail Store
ORD03587,CUST275,PROD005,2025-02-15,2025-02-20,1,0.15,Retail Store
ORD03588,CUST218,PROD015,2025-02-15,2025-02-21,1,0.0,Mobile App
ORD03589,CUST215,PROD016,2025-02-15,2025-02-18,2,0.2,Retail Store
ORD03590,CUST323,PROD014,2025-02-15,2025-02-21,1,0.1,Online
ORD03591,CUST388,PROD019,2025-02-15,2025-02-17,1,0.05,Retail Store
ORD03592,CUST126,PROD002,2025-02-15,2025-02-19,1,0.0,Online
ORD03593,CUST089,PROD001,2025-02-15,2025-02-21,1,0.05,Online
ORD03594,CUST182,PROD005,2025-02-15,2025-02-21,1,0.15,Mobile App
ORD03595,CUST090,PROD019,2025-02-15,2025-02-18,1,0.0,Mobile App
ORD03596,CUST180,PROD006,2025-02-15,2025-02-18,1,0.05,Mobile App
ORD03597,CUST286,PROD006,2025-02-16,2025-02-21,3,0.1,Online
ORD03598,CUST299,PROD006,2025-02-16,2025-02-21,2,0.1,Retail Store
ORD03599,CUST190,PROD017,2025-02-16,2025-02-21,1,0.2,Mobile App
ORD03600,CUST312,PROD009,2025-02-16,2025-02-21,3,0.05,Mobile App
ORD03601,CUST330,PROD013,2025-02-16,2025-02-18,1,0.05,Retail Store
ORD03602,CUST312,PROD019,2025-02-16,2025-02-18,1,0.0,Online
ORD03603,CUST351,PROD017,2025-02-16,2025-02-18,3,0.0,Retail Store
ORD03604,CUST429,PROD018,2025-02-17,2025-02-22,1,0.0,Mobile App
ORD03605,CUST314,PROD017,2025-02-17,2025-02-19,3,0.0,Mobile App
ORD03606,CUST153,PROD004,2025-02-17,2025-02-18,1,0.05,Online
ORD03607,CUST105,PROD010,2025-02-17,2025-02-23,1,0.2,Mobile App
ORD03608,CUST069,PROD012,2025-02-17,2025-02-20,4,0.1,Mobile App
ORD03609,CUST410,PROD004,2025-02-18,2025-02-23,1,0.2,Retail Store
ORD03610,CUST092,PROD009,2025-02-18,2025-02-23,1,0.1,Mobile App
ORD03611,CUST341,PROD004,2025-02-18,2025-02-23,1,0.15,Mobile App
ORD03612,CUST088,PROD016,2025-02-19,2025-02-23,1,0.1,Online
ORD03613,CUST415,PROD012,2025-02-19,2025-02-24,1,0.0,Retail Store
ORD03614,CUST358,PROD004,2025-02-19,2025-02-20,2,0.2,Retail Store
ORD03615,CUST302,PROD007,2025-02-19,2025-02-23,2,0.0,Online
ORD03616,CUST097,PROD019,2025-02-19,2025-02-23,4,0.05,Retail Store
ORD03617,CUST271,PROD016,2025-02-19,2025-02-20,1,0.15,Mobile App
ORD03618,CUST158,PROD006,2025-02-19,2025-02-25,1,0.15,Mobile App
ORD03619,CUST451,PROD006,2025-02-19,2025-02-23,2,0.15,Online
ORD03620,CUST043,PROD010,2025-02-19,2025-02-20,1,0.1,Retail Store
ORD03621,CUST282,PROD005,2025-02-19,2025-02-24,2,0.1,Retail Store
ORD03622,CUST388,PROD004,2025-02-19,2025-02-23,1,0.15,Online
ORD03623,CUST460,PROD008,2025-02-19,2025-02-20,1,0.0,Mobile App
ORD03624,CUST001,PROD004,2025-02-19,2025-02-24,1,0.0,Retail Store
ORD03625,CUST472,PROD010,2025-02-19,2025-02-21,1,0.0,Mobile App
ORD03626,CUST482,PROD001,2025-02-19,2025-02-23,1,0.0,Retail Store
ORD03627,CUST203,PROD007,2025-02-20,2025-02-26,1,0.0,Retail Store
ORD03628,CUST311,PROD002,2025-02-20,2025-02-26,2,0.2,Mobile App
ORD03629,CUST018,PROD001,2025-02-20,2025-02-23,1,0.05,Mobile App
ORD03630,CUST138,PROD020,2025-02-20,2025-02-23,2,0.0,Mobile App
ORD03631,CUST057,PROD018,2025-02-20,2025-02-21,1,0.0,Mobile App
ORD03632,CUST438,PROD014,2025-02-20,2025-02-26,1,0.0,Retail Store
ORD03633,CUST017,PROD001,2025-02-20,2025-02-22,1,0.15,Online
ORD03634,CUST261,PROD011,2025-02-20,2025-02-25,1,0.1,Retail Store
ORD03635,CUST104,PROD017,2025-02-20,2025-02-25,4,0.0,Retail Store
ORD03636,CUST455,PROD013,2025-02-20,2025-02-25,3,0.0,Online
ORD03637,CUST207,PROD015,2025-02-20,2025-02-23,1,0.1,Retail Store
ORD03638,CUST466,PROD013,2025-02-20,2025-02-24,1,0.15,Online
ORD03639,CUST351,PROD017,2025-02-20,2025-02-23,1,0.15,Retail Store
ORD03640,CUST430,PROD002,2025-02-20,2025-02-26,1,0.2,Online
ORD03641,CUST094,PROD009,2025-02-20,2025-02-22,2,0.0,Mobile App
ORD03642,CUST377,PROD005,2025-02-21,2025-02-22,1,0.2,Retail Store
ORD03643,CUST451,PROD005,2025-02-21,2025-02-24,1,0.2,Retail Store
ORD03644,CUST268,PROD004,2025-02-21,2025-02-26,1,0.1,Retail Store
ORD03645,CUST264,PROD008,2025-02-21,2025-02-22,2,0.0,Online
ORD03646,CUST342,PROD010,2025-02-21,2025-02-24,1,0.0,Mobile App
ORD03647,CUST267,PROD018,2025-02-21,2025-02-27,1,0.0,Retail Store
ORD03648,CUST116,PROD018,2025-02-21,2025-02-24,4,0.05,Online
ORD03649,CUST165,PROD001,2025-02-21,2025-02-23,2,0.0,Retail Store
ORD03650,CUST079,PROD010,2025-02-21,2025-02-27,1,0.1,Mobile App
ORD03651,CUST120,PROD016,2025-02-21,2025-02-27,3,0.15,Online
ORD03652,CUST261,PROD008,2025-02-21,2025-02-22,2,0.0,Retail Store
ORD03653,CUST436,PROD007,2025-02-21,2025-02-26,1,0.0,Retail Store
ORD03654,CUST136,PROD005,2025-02-22,2025-02-27,1,0.0,Retail Store
ORD03655,CUST272,PROD012,2025-02-22,2025-02-26,2,0.15,Online
ORD03656,CUST322,PROD020,2025-02-22,2025-02-28,1,0.1,Mobile App
ORD03657,CUST136,PROD014,2025-02-22,2025-02-23,1,0.0,Retail Store
ORD03658,CUST121,PROD007,2025-02-22,2025-02-27,1,0.0,Online
ORD03659,CUST385,PROD013,2025-02-22,2025-02-27,1,0.2,Retail Store
ORD03660,CUST349,PROD011,2025-02-22,2025-02-23,1,0.1,Mobile App
ORD03661,CUST053,PROD015,2025-02-22,2025-02-25,2,0.2,Retail Store
ORD03662,CUST316,PROD014,2025-02-22,2025-02-23,3,0.05,Retail Store
ORD03663,CUST417,PROD014,2025-02-22,2025-02-27,1,0.15,Mobile App
ORD03664,CUST434,PROD003,2025-02-22,2025-02-28,1,0.0,Retail Store
ORD03665,CUST474,PROD011,2025-02-23,2025-02-26,4,0.05,Online
ORD03666,CUST012,PROD008,2025-02-23,2025-02-27,2,0.1,Online
ORD03667,CUST341,PROD020,2025-02-23,2025-02-27,1,0.05,Mobile App
ORD03668,CUST046,PROD020,2025-02-23,2025-02-27,4,0.0,Mobile App
ORD03669,CUST158,PROD015,2025-02-23,2025-02-25,1,0.0,Retail Store
ORD03670,CUST354,PROD012,2025-02-23,2025-02-27,3,0.0,Mobile App
ORD03671,CUST244,PROD015,2025-02-23,2025-02-27,1,0.1,Online
ORD03672,CUST471,PROD010,2025-02-23,2025-02-26,1,0.0,Online
ORD03673,CUST078,PROD001,2025-02-23,2025-02-24,1,0.0,Retail Store
ORD03674,CUST474,PROD015,2025-02-23,2025-02-27,2,0.0,Online
ORD03675,CUST343,PROD006,2025-02-23,2025-02-24,1,0.05,Online
ORD03676,CUST105,PROD009,2025-02-23,2025-03-01,1,0.2,Mobile App
ORD03677,CUST185,PROD007,2025-02-23,2025-02-28,1,0.0,Mobile App
ORD03678,CUST107,PROD008,2025-02-24,2025-03-01,3,0.1,Mobile App
ORD03679,CUST036,PROD004,2025-02-24,2025-03-02,1,0.0,Mobile App
ORD03680,CUST483,PROD006,2025-02-24,2025-03-01,2,0.2,Retail Store
ORD03681,CUST111,PROD013,2025-02-24,2025-03-01,2,0.0,Mobile App
ORD03682,CUST082,PROD019,2025-02-24,2025-03-01,2,0.0,Retail Store
ORD03683,CUST499,PROD014,2025-02-24,2025-02-26,2,0.1,Online
ORD03684,CUST177,PROD001,2025-02-25,2025-02-26,1,0.15,Retail Store
ORD03685,CUST451,PROD014,2025-02-25,2025-02-28,1,0.2,Retail Store
ORD03686,CUST177,PROD012,2025-02-25,2025-02-28,1,0.0,Online
ORD03687,CUST268,PROD015,2025-02-25,2025-02-27,3,0.1,Retail Store
ORD03688,CUST081,PROD004,2025-02-25,2025-03-01,1,0.2,Mobile App
ORD03689,CUST150,PROD009,2025-02-25,2025-03-01,1,0.0,Online
ORD03690,CUST322,PROD005,2025-02-25,2025-03-02,2,0.2,Online
ORD03691,CUST191,PROD016,2025-02-25,2025-02-28,3,0.0,Online
ORD03692,CUST499,PROD019,2025-02-25,2025-03-02,1,0.0,Retail Store
ORD03693,CUST237,PROD019,2025-02-25,2025-03-01,2,0.2,Mobile App
ORD03694,CUST443,PROD005,2025-02-25,2025-03-01,4,0.15,Retail Store
ORD03695,CUST356,PROD008,2025-02-25,2025-02-28,1,0.1,Mobile App
ORD03696,CUST350,PROD011,2025-02-25,2025-03-01,1,0.05,Retail Store
ORD03697,CUST453,PROD009,2025-02-25,2025-03-03,1,0.1,Mobile App
ORD03698,CUST467,PROD010,2025-02-26,2025-02-27,2,0.0,Online
ORD03699,CUST003,PROD011,2025-02-26,2025-03-02,2,0.0,Retail Store
ORD03700,CUST025,PROD001,2025-02-26,2025-02-28,2,0.0,Online
ORD03701,CUST350,PROD009,2025-02-26,2025-03-04,1,0.0,Retail Store
ORD03702,CUST215,PROD005,2025-02-26,2025-03-04,1,0.1,Retail Store
ORD03703,CUST426,PROD015,2025-02-26,2025-02-28,4,0.1,Online
ORD03704,CUST256,PROD009,2025-02-26,2025-03-01,2,0.0,Online
ORD03705,CUST060,PROD020,2025-02-26,2025-03-02,1,0.0,Online
ORD03706,CUST460,PROD017,2025-02-26,2025-03-04,3,0.05,Retail Store
ORD03707,CUST281,PROD010,2025-02-26,2025-03-02,1,0.0,Mobile App
ORD03708,CUST204,PROD007,2025-02-27,2025-03-04,2,0.05,Online
ORD03709,CUST070,PROD013,2025-02-27,2025-03-02,1,0.0,Mobile App
ORD03710,CUST033,PROD017,2025-02-27,2025-03-05,1,0.0,Online
ORD03711,CUST177,PROD018,2025-02-27,2025-03-04,1,0.0,Mobile App
ORD03712,CUST017,PROD009,2025-02-27,2025-02-28,1,0.0,Mobile App
ORD03713,CUST166,PROD019,2025-02-27,2025-02-28,1,0.0,Online
ORD03714,CUST206,PROD019,2025-02-27,2025-03-01,2,0.1,Online
ORD03715,CUST359,PROD014,2025-02-28,2025-03-05,1,0.2,Retail Store
ORD03716,CUST136,PROD007,2025-02-28,2025-03-02,1,0.0,Mobile App
ORD03717,CUST383,PROD017,2025-02-28,2025-03-01,2,0.2,Mobile App
ORD03718,CUST105,PROD003,2025-02-28,2025-03-06,1,0.0,Mobile App
ORD03719,CUST035,PROD006,2025-02-28,2025-03-06,1,0.0,Retail Store
ORD03720,CUST248,PROD015,2025-02-28,2025-03-05,1,0.1,Online
ORD03721,CUST127,PROD006,2025-02-28,2025-03-03,1,0.0,Mobile App
ORD03722,CUST450,PROD020,2025-03-01,2025-03-06,3,0.1,Retail Store
ORD03723,CUST173,PROD002,2025-03-01,2025-03-03,1,0.1,Mobile App
ORD03724,CUST008,PROD001,2025-03-01,2025-03-02,1,0.05,Mobile App
ORD03725,CUST218,PROD003,2025-03-01,2025-03-02,2,0.05,Online
ORD03726,CUST384,PROD018,2025-03-01,2025-03-03,2,0.0,Online
ORD03727,CUST068,PROD018,2025-03-01,2025-03-07,2,0.05,Online
ORD03728,CUST238,PROD005,2025-03-01,2025-03-02,1,0.0,Retail Store
ORD03729,CUST210,PROD020,2025-03-01,2025-03-05,1,0.2,Online
ORD03730,CUST371,PROD013,2025-03-02,2025-03-08,2,0.0,Mobile App
ORD03731,CUST464,PROD013,2025-03-02,2025-03-03,1,0.0,Mobile App
ORD03732,CUST134,PROD009,2025-03-02,2025-03-03,1,0.1,Online
ORD03733,CUST345,PROD004,2025-03-02,2025-03-07,1,0.15,Retail Store
ORD03734,CUST165,PROD008,2025-03-02,2025-03-08,1,0.2,Online
ORD03735,CUST482,PROD013,2025-03-02,2025-03-08,2,0.0,Online
ORD03736,CUST129,PROD005,2025-03-02,2025-03-07,1,0.0,Online
ORD03737,CUST129,PROD014,2025-03-02,2025-03-06,1,0.0,Online
ORD03738,CUST127,PROD008,2025-03-02,2025-03-04,2,0.0,Mobile App
ORD03739,CUST404,PROD019,2025-03-02,2025-03-06,2,0.05,Retail Store
ORD03740,CUST275,PROD018,2025-03-02,2025-03-03,1,0.15,Retail Store
ORD03741,CUST451,PROD014,2025-03-02,2025-03-03,3,0.0,Retail Store
ORD03742,CUST025,PROD004,2025-03-02,2025-03-06,1,0.1,Mobile App
ORD03743,CUST413,PROD015,2025-03-02,2025-03-03,2,0.0,Retail Store
ORD03744,CUST194,PROD017,2025-03-02,2025-03-08,4,0.0,Online
ORD03745,CUST370,PROD006,2025-03-03,2025-03-04,2,0.15,Mobile App
ORD03746,CUST447,PROD008,2025-03-03,2025-03-05,1,0.05,Mobile App
ORD03747,CUST363,PROD011,2025-03-03,2025-03-04,1,0.0,Mobile App
ORD03748,CUST444,PROD005,2025-03-03,2025-03-05,2,0.0,Retail Store
ORD03749,CUST231,PROD012,2025-03-03,2025-03-05,3,0.0,Online
ORD03750,CUST294,PROD005,2025-03-03,2025-03-04,1,0.0,Online
ORD03751,CUST319,PROD019,2025-03-03,2025-03-05,1,0.0,Online
ORD03752,CUST229,PROD012,2025-03-03,2025-03-05,1,0.0,Retail Store
ORD03753,CUST039,PROD009,2025-03-03,2025-03-09,1,0.2,Online
ORD03754,CUST418,PROD013,2025-03-04,2025-03-06,2,0.2,Mobile App
ORD03755,CUST420,PROD017,2025-03-04,2025-03-09,2,0.05,Retail Store
ORD03756,CUST042,PROD017,2025-03-04,2025-03-07,4,0.0,Mobile App
ORD03757,CUST334,PROD003,2025-03-04,2025-03-08,1,0.0,Online
ORD03758,CUST072,PROD018,2025-03-04,2025-03-08,1,0.0,Mobile App
ORD03759,CUST048,PROD008,2025-03-04,2025-03-10,1,0.0,Retail Store
ORD03760,CUST068,PROD014,2025-03-04,2025-03-09,1,0.1,Online
ORD03761,CUST447,PROD012,2025-03-04,2025-03-06,3,0.2,Online
ORD03762,CUST067,PROD019,2025-03-04,2025-03-07,1,0.0,Online
ORD03763,CUST152,PROD009,2025-03-04,2025-03-08,1,0.0,Retail Store
ORD03764,CUST066,PROD007,2025-03-04,2025-03-09,2,0.2,Retail Store
ORD03765,CUST288,PROD005,2025-03-04,2025-03-10,1,0.2,Online
ORD03766,CUST262,PROD013,2025-03-04,2025-03-09,1,0.05,Mobile App
ORD03767,CUST086,PROD004,2025-03-04,2025-03-07,2,0.15,Mobile App
ORD03768,CUST272,PROD013,2025-03-04,2025-03-07,1,0.1,Online
ORD03769,CUST170,PROD010,2025-03-05,2025-03-10,1,0.05,Online
ORD03770,CUST283,PROD010,2025-03-05,2025-03-09,2,0.2,Retail Store
ORD03771,CUST092,PROD002,2025-03-05,2025-03-08,1,0.2,Mobile App
ORD03772,CUST310,PROD006,2025-03-05,2025-03-07,1,0.2,Mobile App
ORD03773,CUST494,PROD010,2025-03-05,2025-03-09,1,0.15,Mobile App
ORD03774,CUST181,PROD019,2025-03-05,2025-03-10,3,0.15,Online
ORD03775,CUST035,PROD016,2025-03-05,2025-03-10,3,0.1,Online
ORD03776,CUST381,PROD013,2025-03-05,2025-03-10,1,0.0,Online
ORD03777,CUST352,PROD018,2025-03-06,2025-03-07,1,0.2,Retail Store
ORD03778,CUST173,PROD005,2025-03-06,2025-03-11,1,0.2,Mobile App
ORD03779,CUST244,PROD018,2025-03-06,2025-03-09,1,0.15,Online
ORD03780,CUST272,PROD012,2025-03-06,2025-03-10,1,0.0,Online
ORD03781,CUST007,PROD017,2025-03-06,2025-03-08,1,0.05,Mobile App
ORD03782,CUST467,PROD016,2025-03-06,2025-03-09,2,0.0,Mobile App
ORD03783,CUST458,PROD019,2025-03-06,2025-03-07,4,0.0,Retail Store
ORD03784,CUST055,PROD019,2025-03-06,2025-03-08,1,0.2,Online
ORD03785,CUST133,PROD012,2025-03-06,2025-03-11,1,0.1,Mobile App
ORD03786,CUST001,PROD005,2025-03-06,2025-03-11,1,0.0,Mobile App
ORD03787,CUST025,PROD009,2025-03-06,2025-03-11,1,0.0,Mobile App
ORD03788,CUST115,PROD010,2025-03-06,2025-03-09,1,0.1,Mobile App
ORD03789,CUST252,PROD011,2025-03-07,2025-03-12,4,0.0,Online
ORD03790,CUST376,PROD011,2025-03-07,2025-03-10,4,0.2,Mobile App
ORD03791,CUST294,PROD001,2025-03-07,2025-03-13,2,0.05,Online
ORD03792,CUST030,PROD006,2025-03-07,2025-03-09,2,0.0,Mobile App
ORD03793,CUST024,PROD009,2025-03-07,2025-03-08,1,0.0,Retail Store
ORD03794,CUST018,PROD009,2025-03-07,2025-03-09,1,0.15,Retail Store
ORD03795,CUST296,PROD009,2025-03-07,2025-03-11,2,0.05,Online
ORD03796,CUST344,PROD008,2025-03-07,2025-03-08,2,0.0,Mobile App
ORD03797,CUST254,PROD014,2025-03-07,2025-03-08,2,0.2,Mobile App
ORD03798,CUST137,PROD004,2025-03-07,2025-03-11,1,0.2,Retail Store
ORD03799,CUST200,PROD017,2025-03-07,2025-03-11,1,0.0,Retail Store
ORD03800,CUST250,PROD019,2025-03-08,2025-03-10,1,0.0,Retail Store
ORD03801,CUST302,PROD012,2025-03-08,2025-03-11,1,0.0,Retail Store
ORD03802,CUST310,PROD008,2025-03-08,2025-03-14,2,0.0,Mobile App
ORD03803,CUST243,PROD003,2025-03-08,2025-03-14,2,0.0,Retail Store
ORD03804,CUST422,PROD006,2025-03-08,2025-03-11,3,0.1,Retail Store
ORD03805,CUST321,PROD004,2025-03-08,2025-03-14,2,0.0,Online
ORD03806,CUST353,PROD001,2025-03-08,2025-03-14,1,0.15,Mobile App
ORD03807,CUST237,PROD006,2025-03-08,2025-03-11,2,0.0,Retail Store
ORD03808,CUST484,PROD009,2025-03-08,2025-03-12,1,0.05,Mobile App
ORD03809,CUST066,PROD020,2025-03-08,2025-03-09,1,0.0,Mobile App
ORD03810,CUST453,PROD015,2025-03-09,2025-03-14,2,0.2,Mobile App
ORD03811,CUST172,PROD019,2025-03-09,2025-03-13,1,0.0,Online
ORD03812,CUST200,PROD008,2025-03-09,2025-03-11,1,0.0,Online
ORD03813,CUST348,PROD008,2025-03-09,2025-03-13,1,0.15,Mobile App
ORD03814,CUST427,PROD006,2025-03-09,2025-03-13,3,0.2,Mobile App
ORD03815,CUST476,PROD004,2025-03-09,2025-03-13,1,0.1,Mobile App
ORD03816,CUST134,PROD018,2025-03-09,2025-03-14,1,0.0,Retail Store
ORD03817,CUST072,PROD014,2025-03-09,2025-03-12,1,0.1,Online
ORD03818,CUST157,PROD008,2025-03-09,2025-03-11,1,0.0,Retail Store
ORD03819,CUST269,PROD011,2025-03-09,2025-03-12,1,0.2,Mobile App
ORD03820,CUST480,PROD008,2025-03-09,2025-03-13,3,0.2,Mobile App
ORD03821,CUST497,PROD013,2025-03-10,2025-03-15,1,0.0,Retail Store
ORD03822,CUST164,PROD016,2025-03-10,2025-03-14,2,0.05,Retail Store
ORD03823,CUST039,PROD017,2025-03-10,2025-03-11,1,0.15,Retail Store
ORD03824,CUST030,PROD013,2025-03-10,2025-03-16,1,0.05,Online
ORD03825,CUST265,PROD013,2025-03-10,2025-03-15,4,0.0,Online
ORD03826,CUST487,PROD004,2025-03-10,2025-03-16,1,0.0,Mobile App
ORD03827,CUST327,PROD013,2025-03-10,2025-03-14,1,0.05,Retail Store
ORD03828,CUST262,PROD015,2025-03-11,2025-03-17,1,0.0,Retail Store
ORD03829,CUST317,PROD013,2025-03-11,2025-03-17,1,0.1,Mobile App
ORD03830,CUST295,PROD004,2025-03-11,2025-03-13,1,0.2,Online
ORD03831,CUST404,PROD018,2025-03-11,2025-03-12,1,0.2,Mobile App
ORD03832,CUST402,PROD011,2025-03-11,2025-03-16,2,0.0,Mobile App
ORD03833,CUST483,PROD018,2025-03-11,2025-03-15,4,0.05,Online
ORD03834,CUST190,PROD009,2025-03-11,2025-03-14,2,0.2,Online
ORD03835,CUST082,PROD015,2025-03-11,2025-03-14,1,0.0,Online
ORD03836,CUST112,PROD010,2025-03-11,2025-03-15,1,0.2,Mobile App
ORD03837,CUST456,PROD012,2025-03-12,2025-03-18,4,0.0,Mobile App
ORD03838,CUST337,PROD003,2025-03-12,2025-03-13,1,0.0,Mobile App
ORD03839,CUST212,PROD007,2025-03-12,2025-03-15,1,0.0,Mobile App
ORD03840,CUST274,PROD001,2025-03-12,2025-03-13,2,0.2,Mobile App
ORD03841,CUST484,PROD010,2025-03-12,2025-03-13,4,0.0,Retail Store
ORD03842,CUST321,PROD015,2025-03-12,2025-03-17,1,0.15,Retail Store
ORD03843,CUST036,PROD012,2025-03-12,2025-03-15,1,0.2,Online
ORD03844,CUST061,PROD017,2025-03-12,2025-03-18,1,0.0,Mobile App
ORD03845,CUST292,PROD016,2025-03-12,2025-03-16,2,0.2,Online
ORD03846,CUST099,PROD005,2025-03-12,2025-03-13,2,0.0,Online
ORD03847,CUST056,PROD014,2025-03-12,2025-03-15,4,0.05,Retail Store
ORD03848,CUST139,PROD019,2025-03-12,2025-03-16,1,0.15,Mobile App
ORD03849,CUST112,PROD004,2025-03-13,2025-03-15,1,0.1,Online
ORD03850,CUST457,PROD015,2025-03-13,2025-03-18,1,0.0,Mobile App
ORD03851,CUST162,PROD006,2025-03-13,2025-03-14,2,0.0,Retail Store
ORD03852,CUST455,PROD008,2025-03-13,2025-03-17,2,0.1,Retail Store
ORD03853,CUST128,PROD019,2025-03-13,2025-03-18,3,0.05,Mobile App
ORD03854,CUST143,PROD001,2025-03-13,2025-03-19,1,0.0,Mobile App
ORD03855,CUST134,PROD009,2025-03-13,2025-03-14,2,0.0,Retail Store
ORD03856,CUST268,PROD004,2025-03-14,2025-03-20,2,0.0,Mobile App
ORD03857,CUST499,PROD016,2025-03-14,2025-03-18,2,0.0,Online
ORD03858,CUST102,PROD020,2025-03-14,2025-03-19,1,0.1,Online
ORD03859,CUST077,PROD018,2025-03-14,2025-03-18,3,0.2,Retail Store
ORD03860,CUST126,PROD003,2025-03-14,2025-03-18,2,0.0,Retail Store
ORD03861,CUST271,PROD012,2025-03-14,2025-03-17,2,0.0,Online
ORD03862,CUST157,PROD008,2025-03-15,2025-03-21,1,0.0,Online
ORD03863,CUST106,PROD004,2025-03-15,2025-03-18,2,0.0,Retail Store
ORD03864,CUST401,PROD019,2025-03-15,2025-03-18,1,0.0,Mobile App
ORD03865,CUST438,PROD015,2025-03-15,2025-03-18,2,0.0,Online
ORD03866,CUST496,PROD017,2025-03-15,2025-03-20,1,0.2,Online
ORD03867,CUST206,PROD020,2025-03-15,2025-03-20,1,0.0,Mobile App
ORD03868,CUST336,PROD018,2025-03-15,2025-03-21,1,0.05,Mobile App
ORD03869,CUST411,PROD019,2025-03-15,2025-03-17,3,0.05,Retail Store
ORD03870,CUST193,PROD010,2025-03-15,2025-03-16,1,0.05,Retail Store
ORD03871,CUST329,PROD005,2025-03-15,2025-03-18,3,0.1,Mobile App
ORD03872,CUST132,PROD020,2025-03-15,2025-03-19,1,0.1,Retail Store
ORD03873,CUST412,PROD019,2025-03-15,2025-03-17,1,0.2,Online
ORD03874,CUST220,PROD013,2025-03-15,2025-03-19,1,0.0,Retail Store
ORD03875,CUST226,PROD011,2025-03-16,2025-03-22,4,0.0,Mobile App
ORD03876,CUST304,PROD012,2025-03-16,2025-03-17,4,0.0,Mobile App
ORD03877,CUST452,PROD007,2025-03-16,2025-03-21,1,0.1,Mobile App
ORD03878,CUST042,PROD009,2025-03-16,2025-03-17,1,0.05,Mobile App
ORD03879,CUST204,PROD001,2025-03-16,2025-03-17,4,0.2,Mobile App
ORD03880,CUST357,PROD005,2025-03-16,2025-03-22,1,0.0,Online
ORD03881,CUST142,PROD010,2025-03-16,2025-03-18,1,0.1,Retail Store
ORD03882,CUST214,PROD020,2025-03-16,2025-03-18,1,0.0,Mobile App
ORD03883,CUST218,PROD003,2025-03-16,2025-03-21,4,0.0,Retail Store
ORD03884,CUST398,PROD015,2025-03-17,2025-03-21,1,0.15,Online
ORD03885,CUST045,PROD006,2025-03-17,2025-03-21,1,0.1,Mobile App
ORD03886,CUST148,PROD007,2025-03-17,2025-03-20,1,0.05,Mobile App
ORD03887,CUST066,PROD010,2025-03-17,2025-03-22,1,0.05,Online
ORD03888,CUST127,PROD011,2025-03-17,2025-03-18,1,0.15,Online
ORD03889,CUST047,PROD016,2025-03-17,2025-03-18,2,0.1,Retail Store
ORD03890,CUST005,PROD004,2025-03-17,2025-03-19,3,0.15,Mobile App
ORD03891,CUST181,PROD019,2025-03-17,2025-03-21,4,0.0,Mobile App
ORD03892,CUST411,PROD004,2025-03-18,2025-03-21,1,0.05,Mobile App
ORD03893,CUST232,PROD019,2025-03-18,2025-03-20,1,0.0,Mobile App
ORD03894,CUST015,PROD016,2025-03-18,2025-03-19,1,0.2,Mobile App
ORD03895,CUST438,PROD011,2025-03-18,2025-03-22,1,0.15,Retail Store
ORD03896,CUST361,PROD002,2025-03-18,2025-03-21,2,0.05,Online
ORD03897,CUST163,PROD017,2025-03-19,2025-03-21,1,0.0,Online
ORD03898,CUST231,PROD013,2025-03-19,2025-03-22,1,0.15,Online
ORD03899,CUST375,PROD011,2025-03-19,2025-03-23,1,0.15,Mobile App
ORD03900,CUST402,PROD009,2025-03-19,2025-03-22,1,0.0,Online
ORD03901,CUST237,PROD007,2025-03-19,2025-03-22,2,0.15,Retail Store
ORD03902,CUST144,PROD006,2025-03-19,2025-03-24,2,0.0,Mobile App
ORD03903,CUST376,PROD008,2025-03-20,2025-03-23,1,0.0,Online
ORD03904,CUST398,PROD002,2025-03-20,2025-03-21,1,0.1,Retail Store
ORD03905,CUST203,PROD008,2025-03-20,2025-03-21,1,0.0,Retail Store
ORD03906,CUST116,PROD001,2025-03-20,2025-03-24,1,0.1,Mobile App
ORD03907,CUST235,PROD007,2025-03-20,2025-03-24,1,0.2,Retail Store
ORD03908,CUST315,PROD006,2025-03-20,2025-03-26,1,0.0,Retail Store
ORD03909,CUST269,PROD011,2025-03-20,2025-03-26,4,0.0,Mobile App
ORD03910,CUST378,PROD001,2025-03-20,2025-03-24,1,0.05,Online
ORD03911,CUST126,PROD018,2025-03-21,2025-03-25,1,0.0,Mobile App
ORD03912,CUST470,PROD010,2025-03-21,2025-03-26,1,0.1,Mobile App
ORD03913,CUST109,PROD010,2025-03-21,2025-03-22,1,0.15,Online
ORD03914,CUST455,PROD012,2025-03-21,2025-03-23,4,0.05,Retail Store
ORD03915,CUST373,PROD015,2025-03-21,2025-03-22,1,0.0,Online
ORD03916,CUST245,PROD014,2025-03-21,2025-03-23,1,0.0,Online
ORD03917,CUST273,PROD013,2025-03-21,2025-03-27,3,0.2,Retail Store
ORD03918,CUST046,PROD004,2025-03-21,2025-03-27,1,0.0,Mobile App
ORD03919,CUST204,PROD016,2025-03-21,2025-03-25,3,0.15,Online
ORD03920,CUST249,PROD018,2025-03-22,2025-03-26,2,0.0,Online
ORD03921,CUST454,PROD008,2025-03-22,2025-03-23,1,0.0,Retail Store
ORD03922,CUST259,PROD009,2025-03-22,2025-03-26,2,0.0,Retail Store
ORD03923,CUST006,PROD013,2025-03-22,2025-03-26,3,0.15,Retail Store
ORD03924,CUST321,PROD012,2025-03-22,2025-03-23,2,0.2,Mobile App
ORD03925,CUST456,PROD013,2025-03-23,2025-03-25,1,0.1,Online
ORD03926,CUST496,PROD008,2025-03-23,2025-03-26,1,0.2,Mobile App
ORD03927,CUST027,PROD001,2025-03-23,2025-03-27,1,0.0,Retail Store
ORD03928,CUST391,PROD011,2025-03-23,2025-03-25,1,0.15,Retail Store
ORD03929,CUST112,PROD015,2025-03-23,2025-03-25,1,0.05,Mobile App
ORD03930,CUST170,PROD013,2025-03-23,2025-03-26,3,0.0,Retail Store
ORD03931,CUST332,PROD016,2025-03-24,2025-03-27,1,0.0,Online
ORD03932,CUST260,PROD019,2025-03-24,2025-03-27,2,0.15,Retail Store
ORD03933,CUST236,PROD020,2025-03-24,2025-03-28,1,0.0,Online
ORD03934,CUST180,PROD004,2025-03-24,2025-03-26,1,0.1,Mobile App
ORD03935,CUST070,PROD006,2025-03-24,2025-03-27,2,0.1,Mobile App
ORD03936,CUST132,PROD004,2025-03-24,2025-03-25,1,0.0,Mobile App
ORD03937,CUST352,PROD020,2025-03-24,2025-03-26,2,0.2,Online
ORD03938,CUST446,PROD008,2025-03-25,2025-03-31,1,0.2,Retail Store
ORD03939,CUST034,PROD006,2025-03-25,2025-03-30,1,0.0,Mobile App
ORD03940,CUST328,PROD016,2025-03-25,2025-03-26,1,0.15,Retail Store
ORD03941,CUST411,PROD003,2025-03-25,2025-03-29,2,0.2,Online
ORD03942,CUST222,PROD013,2025-03-25,2025-03-29,1,0.0,Mobile App
ORD03943,CUST349,PROD005,2025-03-25,2025-03-31,1,0.0,Online
ORD03944,CUST195,PROD011,2025-03-25,2025-03-27,1,0.1,Mobile App
ORD03945,CUST096,PROD001,2025-03-25,2025-03-30,1,0.1,Retail Store
ORD03946,CUST008,PROD013,2025-03-26,2025-03-29,2,0.0,Retail Store
ORD03947,CUST439,PROD018,2025-03-26,2025-03-28,3,0.2,Retail Store
ORD03948,CUST497,PROD009,2025-03-26,2025-03-30,1,0.1,Online
ORD03949,CUST338,PROD010,2025-03-26,2025-03-27,1,0.0,Mobile App
ORD03950,CUST156,PROD018,2025-03-26,2025-03-30,3,0.0,Retail Store
ORD03951,CUST091,PROD005,2025-03-26,2025-03-30,4,0.2,Retail Store
ORD03952,CUST188,PROD015,2025-03-26,2025-03-30,1,0.15,Mobile App
ORD03953,CUST349,PROD011,2025-03-26,2025-04-01,3,0.0,Online
ORD03954,CUST135,PROD018,2025-03-26,2025-03-27,2,0.15,Retail Store
ORD03955,CUST265,PROD003,2025-03-27,2025-03-28,3,0.2,Retail Store
ORD03956,CUST105,PROD020,2025-03-27,2025-04-02,1,0.0,Retail Store
ORD03957,CUST154,PROD002,2025-03-27,2025-03-31,1,0.0,Retail Store
ORD03958,CUST419,PROD012,2025-03-27,2025-04-01,1,0.05,Online
ORD03959,CUST074,PROD003,2025-03-27,2025-04-02,1,0.15,Retail Store
ORD03960,CUST470,PROD005,2025-03-27,2025-03-30,1,0.1,Mobile App
ORD03961,CUST469,PROD014,2025-03-27,2025-03-29,2,0.0,Online
ORD03962,CUST274,PROD018,2025-03-27,2025-03-28,2,0.2,Mobile App
ORD03963,CUST489,PROD003,2025-03-27,2025-03-29,1,0.2,Mobile App
ORD03964,CUST053,PROD018,2025-03-27,2025-04-02,1,0.15,Online
ORD03965,CUST089,PROD009,2025-03-27,2025-04-02,1,0.0,Retail Store
ORD03966,CUST171,PROD002,2025-03-27,2025-03-30,1,0.0,Retail Store
ORD03967,CUST056,PROD005,2025-03-27,2025-03-31,1,0.05,Mobile App
ORD03968,CUST003,PROD003,2025-03-27,2025-03-29,2,0.15,Online
ORD03969,CUST462,PROD014,2025-03-27,2025-04-02,3,0.0,Retail Store
ORD03970,CUST193,PROD010,2025-03-27,2025-04-02,1,0.0,Mobile App
ORD03971,CUST250,PROD001,2025-03-28,2025-04-03,1,0.2,Retail Store
ORD03972,CUST498,PROD005,2025-03-28,2025-03-31,1,0.2,Retail Store
ORD03973,CUST168,PROD017,2025-03-28,2025-03-29,2,0.15,Retail Store
ORD03974,CUST076,PROD020,2025-03-28,2025-03-29,1,0.15,Retail Store
ORD03975,CUST255,PROD006,2025-03-28,2025-03-30,1,0.1,Mobile App
ORD03976,CUST393,PROD012,2025-03-28,2025-04-01,1,0.1,Retail Store
ORD03977,CUST477,PROD003,2025-03-28,2025-03-29,1,0.2,Mobile App
ORD03978,CUST041,PROD012,2025-03-28,2025-04-03,1,0.05,Online
ORD03979,CUST485,PROD001,2025-03-29,2025-03-31,1,0.05,Retail Store
ORD03980,CUST088,PROD012,2025-03-29,2025-03-31,1,0.1,Retail Store
ORD03981,CUST496,PROD014,2025-03-29,2025-03-31,1,0.05,Mobile App
ORD03982,CUST034,PROD012,2025-03-29,2025-04-03,2,0.0,Mobile App
ORD03983,CUST154,PROD015,2025-03-29,2025-04-01,2,0.05,Online
ORD03984,CUST308,PROD003,2025-03-29,2025-03-31,1,0.0,Online
ORD03985,CUST045,PROD016,2025-03-29,2025-04-04,1,0.0,Retail Store
ORD03986,CUST354,PROD010,2025-03-30,2025-03-31,1,0.0,Mobile App
ORD03987,CUST460,PROD008,2025-03-30,2025-04-05,1,0.0,Retail Store
ORD03988,CUST225,PROD005,2025-03-30,2025-04-02,1,0.0,Mobile App
ORD03989,CUST380,PROD010,2025-03-30,2025-03-31,1,0.05,Online
ORD03990,CUST434,PROD006,2025-03-30,2025-04-03,1,0.0,Mobile App
ORD03991,CUST389,PROD019,2025-03-30,2025-04-01,1,0.05,Online
ORD03992,CUST287,PROD008,2025-03-31,2025-04-03,1,0.0,Online
ORD03993,CUST003,PROD010,2025-03-31,2025-04-03,2,0.0,Online
ORD03994,CUST340,PROD005,2025-03-31,2025-04-01,2,0.0,Mobile App
ORD03995,CUST140,PROD015,2025-03-31,2025-04-04,1,0.2,Mobile App
ORD03996,CUST153,PROD002,2025-04-01,2025-04-02,1,0.1,Retail Store
ORD03997,CUST477,PROD009,2025-04-01,2025-04-03,4,0.05,Mobile App
ORD03998,CUST251,PROD020,2025-04-01,2025-04-03,4,0.05,Retail Store
ORD03999,CUST428,PROD008,2025-04-01,2025-04-02,3,0.1,Online
ORD04000,CUST111,PROD002,2025-04-01,2025-04-02,1,0.05,Retail Store
ORD04001,CUST305,PROD002,2025-04-02,2025-04-07,2,0.2,Online
ORD04002,CUST362,PROD017,2025-04-02,2025-04-03,2,0.0,Online
ORD04003,CUST383,PROD008,2025-04-02,2025-04-08,3,0.0,Online
ORD04004,CUST317,PROD002,2025-04-02,2025-04-04,2,0.15,Retail Store
ORD04005,CUST442,PROD020,2025-04-02,2025-04-04,2,0.05,Retail Store
ORD04006,CUST395,PROD008,2025-04-02,2025-04-05,1,0.0,Retail Store
ORD04007,CUST341,PROD005,2025-04-02,2025-04-04,1,0.2,Mobile App
ORD04008,CUST005,PROD010,2025-04-02,2025-04-07,2,0.1,Mobile App
ORD04009,CUST344,PROD011,2025-04-02,2025-04-03,1,0.0,Retail Store
ORD04010,CUST065,PROD015,2025-04-02,2025-04-08,1,0.0,Mobile App
ORD04011,CUST093,PROD017,2025-04-02,2025-04-07,2,0.05,Mobile App
ORD04012,CUST008,PROD005,2025-04-02,2025-04-05,3,0.0,Online
ORD04013,CUST111,PROD011,2025-04-02,2025-04-08,1,0.15,Mobile App
ORD04014,CUST114,PROD017,2025-04-02,2025-04-07,3,0.0,Online
ORD04015,CUST107,PROD008,2025-04-03,2025-04-07,1,0.0,Retail Store
ORD04016,CUST493,PROD015,2025-04-03,2025-04-07,1,0.0,Mobile App
ORD04017,CUST416,PROD012,2025-04-03,2025-04-04,1,0.0,Retail Store
ORD04018,CUST098,PROD007,2025-04-03,2025-04-04,3,0.1,Mobile App
ORD04019,CUST136,PROD009,2025-04-03,2025-04-04,3,0.0,Online
ORD04020,CUST407,PROD017,2025-04-03,2025-04-05,1,0.0,Mobile App
ORD04021,CUST349,PROD019,2025-04-03,2025-04-06,1,0.2,Online
ORD04022,CUST366,PROD002,2025-04-04,2025-04-06,2,0.05,Mobile App
ORD04023,CUST012,PROD018,2025-04-04,2025-04-09,2,0.0,Mobile App
ORD04024,CUST402,PROD013,2025-04-04,2025-04-07,4,0.05,Retail Store
ORD04025,CUST298,PROD020,2025-04-04,2025-04-09,2,0.0,Online
ORD04026,CUST108,PROD004,2025-04-04,2025-04-08,3,0.05,Online
ORD04027,CUST417,PROD007,2025-04-04,2025-04-06,1,0.2,Mobile App
ORD04028,CUST249,PROD018,2025-04-04,2025-04-05,1,0.05,Retail Store
ORD04029,CUST202,PROD012,2025-04-04,2025-04-09,1,0.0,Mobile App
ORD04030,CUST179,PROD017,2025-04-05,2025-04-11,2,0.0,Online
ORD04031,CUST176,PROD001,2025-04-05,2025-04-08,1,0.2,Online
ORD04032,CUST152,PROD001,2025-04-05,2025-04-09,1,0.15,Retail Store
ORD04033,CUST483,PROD006,2025-04-05,2025-04-06,1,0.2,Online
ORD04034,CUST425,PROD011,2025-04-05,2025-04-08,1,0.05,Mobile App
ORD04035,CUST348,PROD018,2025-04-05,2025-04-10,1,0.15,Mobile App
ORD04036,CUST192,PROD003,2025-04-05,2025-04-07,3,0.1,Mobile App
ORD04037,CUST385,PROD005,2025-04-05,2025-04-10,2,0.15,Online
ORD04038,CUST313,PROD014,2025-04-05,2025-04-06,4,0.1,Online
ORD04039,CUST442,PROD011,2025-04-05,2025-04-07,2,0.15,Retail Store
ORD04040,CUST470,PROD014,2025-04-05,2025-04-06,3,0.05,Mobile App
ORD04041,CUST390,PROD016,2025-04-05,2025-04-06,2,0.0,Online
ORD04042,CUST295,PROD016,2025-04-06,2025-04-08,2,0.0,Online
ORD04043,CUST493,PROD020,2025-04-06,2025-04-12,1,0.1,Online
ORD04044,CUST173,PROD014,2025-04-06,2025-04-10,1,0.0,Mobile App
ORD04045,CUST395,PROD017,2025-04-07,2025-04-12,2,0.05,Mobile App
ORD04046,CUST389,PROD004,2025-04-07,2025-04-10,1,0.15,Online
ORD04047,CUST413,PROD019,2025-04-07,2025-04-10,1,0.2,Retail Store
ORD04048,CUST213,PROD013,2025-04-07,2025-04-08,2,0.2,Online
ORD04049,CUST267,PROD004,2025-04-07,2025-04-11,2,0.0,Online
ORD04050,CUST415,PROD003,2025-04-07,2025-04-09,3,0.1,Online
ORD04051,CUST163,PROD003,2025-04-08,2025-04-13,3,0.0,Retail Store
ORD04052,CUST022,PROD014,2025-04-08,2025-04-09,1,0.05,Retail Store
ORD04053,CUST412,PROD011,2025-04-08,2025-04-12,2,0.1,Mobile App
ORD04054,CUST192,PROD001,2025-04-08,2025-04-14,1,0.2,Retail Store
ORD04055,CUST339,PROD017,2025-04-08,2025-04-11,1,0.1,Online
ORD04056,CUST384,PROD011,2025-04-08,2025-04-14,1,0.0,Retail Store
ORD04057,CUST463,PROD012,2025-04-08,2025-04-09,1,0.2,Retail Store
ORD04058,CUST421,PROD004,2025-04-08,2025-04-12,1,0.1,Online
ORD04059,CUST366,PROD004,2025-04-08,2025-04-10,1,0.0,Mobile App
ORD04060,CUST374,PROD003,2025-04-08,2025-04-09,4,0.05,Online
ORD04061,CUST191,PROD012,2025-04-08,2025-04-12,1,0.2,Online
ORD04062,CUST110,PROD002,2025-04-08,2025-04-13,1,0.15,Mobile App
ORD04063,CUST238,PROD015,2025-04-08,2025-04-10,1,0.2,Mobile App
ORD04064,CUST358,PROD003,2025-04-08,2025-04-14,2,0.05,Retail Store
ORD04065,CUST352,PROD011,2025-04-09,2025-04-14,1,0.0,Mobile App
ORD04066,CUST174,PROD020,2025-04-09,2025-04-10,1,0.05,Online
ORD04067,CUST257,PROD020,2025-04-09,2025-04-11,1,0.0,Mobile App
ORD04068,CUST404,PROD011,2025-04-09,2025-04-13,1,0.05,Online
ORD04069,CUST339,PROD005,2025-04-09,2025-04-15,3,0.1,Mobile App
ORD04070,CUST320,PROD001,2025-04-09,2025-04-13,1,0.05,Retail Store
ORD04071,CUST238,PROD010,2025-04-09,2025-04-12,1,0.1,Mobile App
ORD04072,CUST102,PROD007,2025-04-09,2025-04-11,1,0.0,Mobile App
ORD04073,CUST422,PROD006,2025-04-09,2025-04-11,1,0.0,Mobile App
ORD04074,CUST237,PROD008,2025-04-10,2025-04-12,2,0.15,Online
ORD04075,CUST269,PROD003,2025-04-10,2025-04-11,1,0.0,Online
ORD04076,CUST026,PROD003,2025-04-10,2025-04-11,3,0.05,Mobile App
ORD04077,CUST274,PROD010,2025-04-10,2025-04-14,2,0.1,Online
ORD04078,CUST308,PROD009,2025-04-10,2025-04-15,1,0.05,Retail Store
ORD04079,CUST365,PROD020,2025-04-10,2025-04-15,1,0.2,Online
ORD04080,CUST425,PROD003,2025-04-10,2025-04-12,1,0.0,Mobile App
ORD04081,CUST476,PROD020,2025-04-10,2025-04-12,1,0.0,Mobile App
ORD04082,CUST017,PROD010,2025-04-10,2025-04-16,2,0.0,Online
ORD04083,CUST278,PROD020,2025-04-10,2025-04-12,1,0.2,Retail Store
ORD04084,CUST151,PROD008,2025-04-11,2025-04-16,4,0.1,Mobile App
ORD04085,CUST384,PROD005,2025-04-11,2025-04-17,1,0.0,Retail Store
ORD04086,CUST304,PROD014,2025-04-11,2025-04-15,2,0.1,Retail Store
ORD04087,CUST056,PROD009,2025-04-11,2025-04-14,1,0.1,Mobile App
ORD04088,CUST372,PROD008,2025-04-11,2025-04-16,2,0.0,Mobile App
ORD04089,CUST251,PROD010,2025-04-11,2025-04-14,1,0.05,Online
ORD04090,CUST240,PROD004,2025-04-11,2025-04-14,2,0.15,Mobile App
ORD04091,CUST230,PROD003,2025-04-11,2025-04-13,1,0.0,Retail Store
ORD04092,CUST141,PROD017,2025-04-11,2025-04-15,1,0.2,Online
ORD04093,CUST407,PROD017,2025-04-12,2025-04-18,1,0.0,Retail Store
ORD04094,CUST263,PROD014,2025-04-12,2025-04-17,1,0.05,Retail Store
ORD04095,CUST048,PROD019,2025-04-12,2025-04-17,1,0.05,Retail Store
ORD04096,CUST128,PROD008,2025-04-12,2025-04-13,4,0.0,Mobile App
ORD04097,CUST198,PROD010,2025-04-12,2025-04-17,2,0.15,Mobile App
ORD04098,CUST341,PROD002,2025-04-12,2025-04-18,2,0.2,Mobile App
ORD04099,CUST396,PROD018,2025-04-12,2025-04-18,1,0.2,Mobile App
ORD04100,CUST142,PROD007,2025-04-13,2025-04-14,1,0.05,Online
ORD04101,CUST233,PROD013,2025-04-13,2025-04-17,3,0.05,Online
ORD04102,CUST376,PROD014,2025-04-13,2025-04-17,3,0.0,Retail Store
ORD04103,CUST204,PROD004,2025-04-13,2025-04-17,4,0.0,Retail Store
ORD04104,CUST081,PROD019,2025-04-13,2025-04-19,2,0.1,Online
ORD04105,CUST448,PROD001,2025-04-14,2025-04-18,3,0.0,Online
ORD04106,CUST062,PROD003,2025-04-14,2025-04-18,1,0.1,Retail Store
ORD04107,CUST174,PROD011,2025-04-14,2025-04-17,2,0.1,Online
ORD04108,CUST361,PROD001,2025-04-14,2025-04-15,1,0.0,Mobile App
ORD04109,CUST205,PROD005,2025-04-14,2025-04-15,1,0.0,Retail Store
ORD04110,CUST202,PROD016,2025-04-14,2025-04-18,2,0.2,Online
ORD04111,CUST437,PROD015,2025-04-14,2025-04-18,1,0.0,Online
ORD04112,CUST336,PROD002,2025-04-14,2025-04-15,1,0.15,Retail Store
ORD04113,CUST346,PROD016,2025-04-14,2025-04-15,1,0.1,Retail Store
ORD04114,CUST380,PROD011,2025-04-14,2025-04-18,2,0.05,Mobile App
ORD04115,CUST415,PROD005,2025-04-14,2025-04-18,2,0.0,Online
ORD04116,CUST329,PROD003,2025-04-14,2025-04-20,1,0.0,Mobile App
ORD04117,CUST074,PROD002,2025-04-15,2025-04-19,2,0.1,Online
ORD04118,CUST060,PROD007,2025-04-15,2025-04-17,1,0.15,Mobile App
ORD04119,CUST360,PROD019,2025-04-15,2025-04-17,1,0.2,Retail Store
ORD04120,CUST039,PROD011,2025-04-15,2025-04-19,1,0.05,Mobile App
ORD04121,CUST114,PROD008,2025-04-15,2025-04-20,1,0.0,Online
ORD04122,CUST078,PROD003,2025-04-15,2025-04-16,2,0.0,Mobile App
ORD04123,CUST226,PROD009,2025-04-15,2025-04-19,2,0.1,Online
ORD04124,CUST076,PROD016,2025-04-15,2025-04-18,1,0.2,Mobile App
ORD04125,CUST478,PROD019,2025-04-15,2025-04-20,1,0.0,Retail Store
ORD04126,CUST183,PROD016,2025-04-15,2025-04-20,3,0.0,Retail Store
ORD04127,CUST042,PROD011,2025-04-16,2025-04-18,2,0.2,Mobile App
ORD04128,CUST498,PROD004,2025-04-16,2025-04-20,1,0.15,Online
ORD04129,CUST001,PROD010,2025-04-16,2025-04-21,2,0.15,Mobile App
ORD04130,CUST360,PROD004,2025-04-16,2025-04-20,2,0.0,Mobile App
ORD04131,CUST165,PROD004,2025-04-16,2025-04-17,1,0.2,Online
ORD04132,CUST322,PROD018,2025-04-16,2025-04-20,1,0.0,Mobile App
ORD04133,CUST453,PROD014,2025-04-16,2025-04-22,1,0.05,Mobile App
ORD04134,CUST049,PROD002,2025-04-16,2025-04-19,1,0.0,Mobile App
ORD04135,CUST027,PROD017,2025-04-16,2025-04-21,2,0.0,Online
ORD04136,CUST431,PROD013,2025-04-16,2025-04-17,1,0.15,Mobile App
ORD04137,CUST004,PROD020,2025-04-16,2025-04-19,1,0.0,Online
ORD04138,CUST088,PROD016,2025-04-16,2025-04-22,1,0.15,Retail Store
ORD04139,CUST019,PROD013,2025-04-16,2025-04-21,2,0.0,Retail Store
ORD04140,CUST358,PROD017,2025-04-16,2025-04-19,2,0.0,Retail Store
ORD04141,CUST445,PROD016,2025-04-16,2025-04-19,1,0.1,Retail Store
ORD04142,CUST144,PROD012,2025-04-17,2025-04-21,3,0.0,Retail Store
ORD04143,CUST207,PROD003,2025-04-17,2025-04-18,1,0.0,Retail Store
ORD04144,CUST436,PROD018,2025-04-17,2025-04-23,1,0.0,Retail Store
ORD04145,CUST180,PROD016,2025-04-17,2025-04-19,1,0.0,Retail Store
ORD04146,CUST063,PROD002,2025-04-17,2025-04-18,1,0.1,Mobile App
ORD04147,CUST389,PROD002,2025-04-17,2025-04-20,2,0.0,Retail Store
ORD04148,CUST111,PROD020,2025-04-17,2025-04-18,1,0.2,Online
ORD04149,CUST200,PROD004,2025-04-17,2025-04-22,3,0.2,Retail Store
ORD04150,CUST450,PROD016,2025-04-18,2025-04-22,1,0.0,Mobile App
ORD04151,CUST005,PROD004,2025-04-18,2025-04-21,3,0.05,Online
ORD04152,CUST423,PROD011,2025-04-18,2025-04-23,1,0.15,Online
ORD04153,CUST137,PROD006,2025-04-18,2025-04-24,1,0.0,Online
ORD04154,CUST090,PROD018,2025-04-18,2025-04-24,1,0.0,Online
ORD04155,CUST337,PROD010,2025-04-18,2025-04-24,1,0.0,Mobile App
ORD04156,CUST074,PROD017,2025-04-18,2025-04-24,1,0.0,Retail Store
ORD04157,CUST080,PROD018,2025-04-18,2025-04-23,3,0.0,Mobile App
ORD04158,CUST265,PROD005,2025-04-19,2025-04-25,1,0.15,Retail Store
ORD04159,CUST243,PROD014,2025-04-19,2025-04-24,1,0.0,Retail Store
ORD04160,CUST311,PROD002,2025-04-19,2025-04-21,1,0.15,Mobile App
ORD04161,CUST232,PROD010,2025-04-19,2025-04-22,3,0.0,Online
ORD04162,CUST298,PROD003,2025-04-19,2025-04-23,3,0.2,Online
ORD04163,CUST396,PROD008,2025-04-19,2025-04-20,1,0.0,Retail Store
ORD04164,CUST423,PROD002,2025-04-19,2025-04-24,2,0.0,Mobile App
ORD04165,CUST440,PROD018,2025-04-19,2025-04-23,1,0.1,Retail Store
ORD04166,CUST138,PROD013,2025-04-19,2025-04-21,2,0.0,Online
ORD04167,CUST406,PROD008,2025-04-19,2025-04-24,2,0.05,Mobile App
ORD04168,CUST027,PROD006,2025-04-20,2025-04-24,1,0.05,Retail Store
ORD04169,CUST260,PROD008,2025-04-20,2025-04-26,2,0.0,Online
ORD04170,CUST344,PROD019,2025-04-20,2025-04-22,2,0.1,Online
ORD04171,CUST070,PROD010,2025-04-20,2025-04-26,3,0.0,Retail Store
ORD04172,CUST212,PROD004,2025-04-20,2025-04-26,2,0.2,Mobile App
ORD04173,CUST060,PROD006,2025-04-20,2025-04-23,2,0.0,Retail Store
ORD04174,CUST322,PROD015,2025-04-21,2025-04-26,2,0.0,Mobile App
ORD04175,CUST372,PROD005,2025-04-21,2025-04-26,2,0.0,Retail Store
ORD04176,CUST481,PROD003,2025-04-21,2025-04-24,1,0.2,Retail Store
ORD04177,CUST428,PROD004,2025-04-21,2025-04-22,1,0.15,Online
ORD04178,CUST440,PROD009,2025-04-21,2025-04-26,1,0.1,Online
ORD04179,CUST232,PROD018,2025-04-21,2025-04-27,1,0.05,Retail Store
ORD04180,CUST135,PROD015,2025-04-21,2025-04-24,1,0.0,Retail Store
ORD04181,CUST139,PROD002,2025-04-21,2025-04-27,3,0.0,Mobile App
ORD04182,CUST228,PROD001,2025-04-21,2025-04-26,4,0.0,Online
ORD04183,CUST355,PROD008,2025-04-22,2025-04-27,1,0.05,Retail Store
ORD04184,CUST072,PROD017,2025-04-22,2025-04-24,4,0.2,Online
ORD04185,CUST145,PROD001,2025-04-22,2025-04-27,1,0.15,Retail Store
ORD04186,CUST223,PROD003,2025-04-22,2025-04-27,2,0.0,Retail Store
ORD04187,CUST391,PROD003,2025-04-22,2025-04-26,2,0.0,Online
ORD04188,CUST258,PROD015,2025-04-22,2025-04-23,1,0.0,Mobile App
ORD04189,CUST003,PROD011,2025-04-22,2025-04-28,3,0.0,Online
ORD04190,CUST171,PROD005,2025-04-22,2025-04-24,1,0.15,Online
ORD04191,CUST083,PROD010,2025-04-23,2025-04-24,1,0.1,Online
ORD04192,CUST104,PROD012,2025-04-23,2025-04-24,2,0.2,Mobile App
ORD04193,CUST394,PROD016,2025-04-23,2025-04-24,1,0.15,Mobile App
ORD04194,CUST040,PROD004,2025-04-23,2025-04-26,1,0.1,Mobile App
ORD04195,CUST305,PROD018,2025-04-23,2025-04-29,1,0.1,Mobile App
ORD04196,CUST365,PROD012,2025-04-24,2025-04-27,1,0.05,Mobile App
ORD04197,CUST073,PROD004,2025-04-24,2025-04-30,1,0.1,Online
ORD04198,CUST073,PROD009,2025-04-24,2025-04-25,1,0.0,Mobile App
ORD04199,CUST430,PROD014,2025-04-24,2025-04-29,2,0.05,Mobile App
ORD04200,CUST462,PROD020,2025-04-24,2025-04-29,3,0.15,Online
ORD04201,CUST230,PROD014,2025-04-24,2025-04-28,3,0.0,Retail Store
ORD04202,CUST367,PROD008,2025-04-24,2025-04-25,3,0.0,Mobile App
ORD04203,CUST112,PROD006,2025-04-25,2025-04-27,1,0.2,Online
ORD04204,CUST161,PROD013,2025-04-25,2025-04-26,1,0.05,Online
ORD04205,CUST439,PROD020,2025-04-25,2025-04-27,1,0.1,Mobile App
ORD04206,CUST177,PROD009,2025-04-25,2025-04-30,2,0.2,Retail Store
ORD04207,CUST340,PROD015,2025-04-25,2025-04-26,2,0.2,Retail Store
ORD04208,CUST022,PROD004,2025-04-25,2025-04-27,2,0.0,Retail Store
ORD04209,CUST280,PROD015,2025-04-25,2025-05-01,1,0.1,Mobile App
ORD04210,CUST362,PROD006,2025-04-25,2025-04-28,2,0.1,Online
ORD04211,CUST274,PROD001,2025-04-25,2025-04-29,1,0.05,Retail Store
ORD04212,CUST350,PROD003,2025-04-25,2025-04-28,1,0.1,Online
ORD04213,CUST098,PROD009,2025-04-25,2025-04-29,1,0.2,Online
ORD04214,CUST343,PROD006,2025-04-25,2025-04-27,4,0.2,Mobile App
ORD04215,CUST177,PROD010,2025-04-25,2025-04-30,1,0.05,Mobile App
ORD04216,CUST258,PROD019,2025-04-26,2025-04-30,1,0.0,Online
ORD04217,CUST296,PROD014,2025-04-26,2025-04-27,1,0.1,Mobile App
ORD04218,CUST218,PROD018,2025-04-26,2025-05-01,1,0.2,Retail Store
ORD04219,CUST183,PROD019,2025-04-26,2025-04-28,1,0.0,Mobile App
ORD04220,CUST102,PROD003,2025-04-26,2025-04-27,1,0.0,Online
ORD04221,CUST238,PROD004,2025-04-26,2025-04-27,3,0.1,Retail Store
ORD04222,CUST374,PROD010,2025-04-26,2025-04-30,1,0.0,Retail Store
ORD04223,CUST111,PROD020,2025-04-26,2025-04-28,3,0.05,Online
ORD04224,CUST486,PROD010,2025-04-26,2025-04-30,2,0.05,Retail Store
ORD04225,CUST292,PROD019,2025-04-26,2025-04-30,1,0.1,Retail Store
ORD04226,CUST251,PROD019,2025-04-26,2025-04-27,1,0.0,Mobile App
ORD04227,CUST077,PROD006,2025-04-26,2025-05-02,1,0.1,Retail Store
ORD04228,CUST269,PROD015,2025-04-26,2025-04-29,1,0.0,Retail Store
ORD04229,CUST281,PROD014,2025-04-26,2025-04-27,1,0.0,Online
ORD04230,CUST419,PROD013,2025-04-27,2025-05-03,2,0.0,Retail Store
ORD04231,CUST422,PROD005,2025-04-27,2025-05-02,1,0.0,Mobile App
ORD04232,CUST410,PROD019,2025-04-27,2025-04-30,2,0.15,Online
ORD04233,CUST268,PROD001,2025-04-27,2025-04-29,2,0.1,Online
ORD04234,CUST362,PROD019,2025-04-27,2025-04-28,2,0.05,Online
ORD04235,CUST151,PROD004,2025-04-27,2025-04-29,2,0.15,Retail Store
ORD04236,CUST226,PROD015,2025-04-27,2025-04-30,1,0.05,Mobile App
ORD04237,CUST213,PROD018,2025-04-27,2025-05-02,2,0.2,Online
ORD04238,CUST002,PROD004,2025-04-27,2025-04-28,2,0.2,Retail Store
ORD04239,CUST009,PROD013,2025-04-28,2025-04-30,1,0.0,Online
ORD04240,CUST096,PROD017,2025-04-28,2025-04-30,1,0.0,Mobile App
ORD04241,CUST126,PROD002,2025-04-28,2025-05-01,1,0.0,Online
ORD04242,CUST185,PROD019,2025-04-28,2025-04-30,2,0.0,Retail Store
ORD04243,CUST312,PROD002,2025-04-28,2025-04-30,1,0.1,Retail Store
ORD04244,CUST389,PROD020,2025-04-28,2025-05-04,3,0.05,Mobile App
ORD04245,CUST189,PROD003,2025-04-28,2025-05-02,1,0.0,Mobile App
ORD04246,CUST202,PROD007,2025-04-28,2025-05-04,1,0.05,Retail Store
ORD04247,CUST302,PROD020,2025-04-28,2025-05-01,1,0.2,Online
ORD04248,CUST223,PROD013,2025-04-29,2025-05-01,1,0.0,Retail Store
ORD04249,CUST148,PROD019,2025-04-29,2025-05-01,2,0.15,Online
ORD04250,CUST171,PROD005,2025-04-29,2025-04-30,2,0.0,Retail Store
ORD04251,CUST111,PROD015,2025-04-29,2025-04-30,1,0.0,Mobile App
ORD04252,CUST016,PROD015,2025-04-29,2025-05-02,1,0.0,Retail Store
ORD04253,CUST111,PROD005,2025-04-29,2025-05-03,2,0.0,Mobile App
ORD04254,CUST311,PROD006,2025-04-29,2025-04-30,2,0.0,Mobile App
ORD04255,CUST386,PROD003,2025-04-29,2025-05-03,2,0.0,Mobile App
ORD04256,CUST461,PROD015,2025-04-29,2025-05-04,1,0.1,Mobile App
ORD04257,CUST010,PROD014,2025-04-29,2025-05-02,1,0.05,Mobile App
ORD04258,CUST478,PROD016,2025-04-29,2025-05-02,2,0.0,Mobile App
ORD04259,CUST243,PROD011,2025-04-29,2025-05-05,1,0.2,Online
ORD04260,CUST350,PROD003,2025-04-30,2025-05-06,1,0.1,Retail Store
ORD04261,CUST176,PROD020,2025-04-30,2025-05-02,3,0.1,Mobile App
ORD04262,CUST305,PROD012,2025-04-30,2025-05-05,1,0.2,Online
ORD04263,CUST203,PROD001,2025-04-30,2025-05-02,1,0.0,Retail Store
ORD04264,CUST473,PROD016,2025-04-30,2025-05-01,2,0.05,Online
ORD04265,CUST417,PROD015,2025-04-30,2025-05-04,1,0.2,Online
ORD04266,CUST284,PROD017,2025-04-30,2025-05-06,2,0.2,Mobile App
ORD04267,CUST419,PROD004,2025-04-30,2025-05-06,1,0.0,Mobile App
ORD04268,CUST164,PROD001,2025-04-30,2025-05-05,2,0.15,Online
ORD04269,CUST290,PROD017,2025-04-30,2025-05-02,1,0.05,Mobile App
ORD04270,CUST050,PROD012,2025-04-30,2025-05-02,3,0.0,Retail Store
ORD04271,CUST232,PROD016,2025-04-30,2025-05-03,2,0.0,Mobile App
ORD04272,CUST355,PROD018,2025-04-30,2025-05-04,2,0.0,Mobile App
ORD04273,CUST168,PROD019,2025-05-01,2025-05-07,2,0.0,Mobile App
ORD04274,CUST271,PROD005,2025-05-01,2025-05-05,1,0.15,Retail Store
ORD04275,CUST111,PROD002,2025-05-01,2025-05-02,1,0.05,Mobile App
ORD04276,CUST458,PROD017,2025-05-01,2025-05-05,1,0.2,Retail Store
ORD04277,CUST078,PROD014,2025-05-01,2025-05-03,1,0.0,Retail Store
ORD04278,CUST339,PROD005,2025-05-01,2025-05-07,2,0.0,Retail Store
ORD04279,CUST265,PROD006,2025-05-01,2025-05-03,1,0.0,Mobile App
ORD04280,CUST092,PROD015,2025-05-01,2025-05-03,2,0.0,Mobile App
ORD04281,CUST411,PROD017,2025-05-01,2025-05-05,1,0.2,Online
ORD04282,CUST109,PROD006,2025-05-01,2025-05-03,1,0.05,Mobile App
ORD04283,CUST109,PROD019,2025-05-01,2025-05-04,1,0.0,Retail Store
ORD04284,CUST186,PROD002,2025-05-02,2025-05-07,1,0.0,Mobile App
ORD04285,CUST452,PROD015,2025-05-02,2025-05-07,2,0.0,Retail Store
ORD04286,CUST493,PROD008,2025-05-02,2025-05-06,1,0.1,Mobile App
ORD04287,CUST001,PROD010,2025-05-02,2025-05-06,3,0.0,Online
ORD04288,CUST272,PROD007,2025-05-02,2025-05-04,2,0.05,Retail Store
ORD04289,CUST227,PROD003,2025-05-02,2025-05-04,1,0.1,Online
ORD04290,CUST452,PROD008,2025-05-02,2025-05-05,1,0.2,Retail Store
ORD04291,CUST050,PROD007,2025-05-02,2025-05-08,1,0.0,Retail Store
ORD04292,CUST162,PROD014,2025-05-02,2025-05-04,2,0.1,Mobile App
ORD04293,CUST267,PROD016,2025-05-02,2025-05-06,1,0.0,Mobile App
ORD04294,CUST238,PROD011,2025-05-03,2025-05-09,1,0.05,Mobile App
ORD04295,CUST465,PROD020,2025-05-03,2025-05-09,1,0.15,Online
ORD04296,CUST296,PROD018,2025-05-03,2025-05-06,1,0.2,Online
ORD04297,CUST389,PROD002,2025-05-03,2025-05-09,1,0.15,Online
ORD04298,CUST332,PROD011,2025-05-03,2025-05-08,1,0.15,Online
ORD04299,CUST431,PROD014,2025-05-03,2025-05-06,2,0.0,Retail Store
ORD04300,CUST073,PROD020,2025-05-03,2025-05-06,1,0.0,Mobile App
ORD04301,CUST419,PROD015,2025-05-03,2025-05-06,2,0.05,Mobile App
ORD04302,CUST335,PROD016,2025-05-03,2025-05-09,1,0.0,Mobile App
ORD04303,CUST243,PROD013,2025-05-03,2025-05-05,2,0.1,Retail Store
ORD04304,CUST037,PROD013,2025-05-03,2025-05-08,1,0.2,Online
ORD04305,CUST268,PROD012,2025-05-03,2025-05-07,3,0.2,Online
ORD04306,CUST400,PROD008,2025-05-03,2025-05-08,1,0.15,Mobile App
ORD04307,CUST124,PROD019,2025-05-04,2025-05-10,1,0.0,Mobile App
ORD04308,CUST286,PROD009,2025-05-04,2025-05-05,4,0.15,Online
ORD04309,CUST437,PROD013,2025-05-04,2025-05-06,1,0.0,Online
ORD04310,CUST180,PROD014,2025-05-04,2025-05-07,2,0.0,Online
ORD04311,CUST356,PROD005,2025-05-04,2025-05-05,1,0.0,Retail Store
ORD04312,CUST059,PROD013,2025-05-04,2025-05-10,1,0.05,Online
ORD04313,CUST126,PROD018,2025-05-04,2025-05-09,1,0.0,Retail Store
ORD04314,CUST048,PROD005,2025-05-04,2025-05-10,2,0.2,Online
ORD04315,CUST491,PROD005,2025-05-04,2025-05-06,1,0.1,Mobile App
ORD04316,CUST141,PROD019,2025-05-04,2025-05-10,2,0.05,Mobile App
ORD04317,CUST173,PROD014,2025-05-05,2025-05-06,1,0.15,Online
ORD04318,CUST189,PROD005,2025-05-05,2025-05-06,1,0.05,Online
ORD04319,CUST322,PROD016,2025-05-05,2025-05-11,3,0.15,Mobile App
ORD04320,CUST390,PROD002,2025-05-05,2025-05-08,1,0.2,Retail Store
ORD04321,CUST274,PROD007,2025-05-05,2025-05-11,1,0.0,Mobile App
ORD04322,CUST452,PROD018,2025-05-05,2025-05-06,1,0.05,Online
ORD04323,CUST261,PROD016,2025-05-05,2025-05-09,3,0.0,Retail Store
ORD04324,CUST470,PROD008,2025-05-05,2025-05-10,2,0.15,Retail Store
ORD04325,CUST188,PROD009,2025-05-05,2025-05-07,1,0.2,Retail Store
ORD04326,CUST384,PROD005,2025-05-05,2025-05-10,3,0.1,Mobile App
ORD04327,CUST402,PROD013,2025-05-05,2025-05-06,1,0.05,Mobile App
ORD04328,CUST330,PROD008,2025-05-05,2025-05-06,1,0.2,Online
ORD04329,CUST018,PROD001,2025-05-05,2025-05-07,2,0.0,Online
ORD04330,CUST093,PROD011,2025-05-05,2025-05-08,1,0.05,Mobile App
ORD04331,CUST173,PROD013,2025-05-06,2025-05-09,1,0.15,Mobile App
ORD04332,CUST012,PROD019,2025-05-06,2025-05-07,2,0.0,Online
ORD04333,CUST363,PROD015,2025-05-06,2025-05-08,3,0.0,Mobile App
ORD04334,CUST319,PROD016,2025-05-06,2025-05-10,1,0.0,Retail Store
ORD04335,CUST321,PROD020,2025-05-06,2025-05-08,1,0.0,Online
ORD04336,CUST227,PROD017,2025-05-06,2025-05-08,2,0.1,Mobile App
ORD04337,CUST261,PROD005,2025-05-06,2025-05-10,1,0.15,Retail Store
ORD04338,CUST479,PROD018,2025-05-06,2025-05-09,1,0.0,Mobile App
ORD04339,CUST019,PROD012,2025-05-06,2025-05-12,2,0.0,Mobile App
ORD04340,CUST261,PROD019,2025-05-06,2025-05-08,2,0.0,Mobile App
ORD04341,CUST047,PROD001,2025-05-06,2025-05-12,1,0.15,Mobile App
ORD04342,CUST174,PROD012,2025-05-06,2025-05-11,2,0.2,Retail Store
ORD04343,CUST059,PROD020,2025-05-06,2025-05-12,1,0.05,Mobile App
ORD04344,CUST284,PROD011,2025-05-06,2025-05-08,1,0.1,Online
ORD04345,CUST145,PROD018,2025-05-07,2025-05-13,1,0.2,Online
ORD04346,CUST388,PROD015,2025-05-07,2025-05-13,1,0.0,Mobile App
ORD04347,CUST351,PROD009,2025-05-07,2025-05-11,3,0.15,Retail Store
ORD04348,CUST084,PROD020,2025-05-07,2025-05-13,1,0.0,Online
ORD04349,CUST299,PROD002,2025-05-07,2025-05-08,1,0.0,Retail Store
ORD04350,CUST211,PROD005,2025-05-07,2025-05-09,2,0.0,Retail Store
ORD04351,CUST351,PROD004,2025-05-08,2025-05-09,1,0.0,Retail Store
ORD04352,CUST008,PROD018,2025-05-08,2025-05-12,1,0.2,Retail Store
ORD04353,CUST373,PROD008,2025-05-08,2025-05-11,2,0.15,Mobile App
ORD04354,CUST220,PROD016,2025-05-08,2025-05-09,1,0.05,Online
ORD04355,CUST025,PROD008,2025-05-08,2025-05-14,1,0.0,Online
ORD04356,CUST014,PROD005,2025-05-08,2025-05-09,1,0.0,Retail Store
ORD04357,CUST149,PROD010,2025-05-09,2025-05-12,1,0.0,Retail Store
ORD04358,CUST451,PROD005,2025-05-09,2025-05-13,1,0.05,Mobile App
ORD04359,CUST192,PROD001,2025-05-09,2025-05-13,2,0.15,Online
ORD04360,CUST224,PROD002,2025-05-09,2025-05-14,1,0.2,Retail Store
ORD04361,CUST317,PROD020,2025-05-09,2025-05-15,1,0.0,Retail Store
ORD04362,CUST253,PROD016,2025-05-09,2025-05-12,1,0.0,Retail Store
ORD04363,CUST104,PROD007,2025-05-09,2025-05-11,2,0.2,Mobile App
ORD04364,CUST155,PROD018,2025-05-09,2025-05-13,1,0.05,Retail Store
ORD04365,CUST339,PROD006,2025-05-09,2025-05-10,1,0.1,Online
ORD04366,CUST301,PROD008,2025-05-09,2025-05-14,1,0.0,Online
ORD04367,CUST358,PROD012,2025-05-09,2025-05-11,1,0.0,Mobile App
ORD04368,CUST305,PROD014,2025-05-09,2025-05-15,1,0.05,Mobile App
ORD04369,CUST305,PROD020,2025-05-09,2025-05-15,1,0.15,Online
ORD04370,CUST430,PROD019,2025-05-09,2025-05-14,2,0.0,Retail Store
ORD04371,CUST014,PROD013,2025-05-09,2025-05-15,1,0.0,Online
ORD04372,CUST013,PROD005,2025-05-10,2025-05-16,1,0.0,Online
ORD04373,CUST081,PROD006,2025-05-10,2025-05-16,3,0.0,Retail Store
ORD04374,CUST135,PROD018,2025-05-10,2025-05-12,1,0.0,Mobile App
ORD04375,CUST341,PROD019,2025-05-10,2025-05-14,1,0.15,Online
ORD04376,CUST322,PROD009,2025-05-10,2025-05-12,1,0.2,Retail Store
ORD04377,CUST226,PROD014,2025-05-10,2025-05-14,1,0.1,Online
ORD04378,CUST448,PROD004,2025-05-10,2025-05-14,1,0.0,Online
ORD04379,CUST443,PROD006,2025-05-10,2025-05-14,1,0.15,Online
ORD04380,CUST463,PROD011,2025-05-11,2025-05-16,1,0.0,Online
ORD04381,CUST403,PROD001,2025-05-11,2025-05-16,1,0.0,Retail Store
ORD04382,CUST360,PROD015,2025-05-11,2025-05-15,1,0.05,Retail Store
ORD04383,CUST408,PROD016,2025-05-11,2025-05-16,1,0.0,Mobile App
ORD04384,CUST385,PROD010,2025-05-11,2025-05-17,1,0.05,Mobile App
ORD04385,CUST296,PROD008,2025-05-11,2025-05-14,1,0.0,Retail Store
ORD04386,CUST244,PROD020,2025-05-11,2025-05-16,3,0.0,Mobile App
ORD04387,CUST242,PROD019,2025-05-11,2025-05-12,3,0.0,Online
ORD04388,CUST349,PROD014,2025-05-11,2025-05-15,2,0.1,Online
ORD04389,CUST490,PROD011,2025-05-11,2025-05-14,2,0.1,Online
ORD04390,CUST293,PROD004,2025-05-12,2025-05-18,2,0.05,Retail Store
ORD04391,CUST005,PROD007,2025-05-12,2025-05-17,2,0.0,Online
ORD04392,CUST498,PROD004,2025-05-12,2025-05-14,1,0.0,Mobile App
ORD04393,CUST074,PROD015,2025-05-12,2025-05-18,1,0.05,Mobile App
ORD04394,CUST235,PROD008,2025-05-12,2025-05-15,1,0.15,Retail Store
ORD04395,CUST328,PROD006,2025-05-12,2025-05-18,1,0.2,Mobile App
ORD04396,CUST176,PROD011,2025-05-12,2025-05-17,2,0.1,Retail Store
ORD04397,CUST397,PROD012,2025-05-12,2025-05-16,1,0.0,Retail Store
ORD04398,CUST351,PROD013,2025-05-12,2025-05-13,1,0.0,Mobile App
ORD04399,CUST051,PROD015,2025-05-12,2025-05-18,1,0.1,Retail Store
ORD04400,CUST381,PROD011,2025-05-12,2025-05-14,1,0.1,Online
ORD04401,CUST138,PROD016,2025-05-13,2025-05-14,1,0.2,Retail Store
ORD04402,CUST380,PROD006,2025-05-13,2025-05-16,2,0.2,Online
ORD04403,CUST403,PROD011,2025-05-13,2025-05-18,4,0.0,Online
ORD04404,CUST285,PROD014,2025-05-13,2025-05-18,1,0.0,Mobile App
ORD04405,CUST323,PROD012,2025-05-13,2025-05-14,3,0.05,Retail Store
ORD04406,CUST212,PROD003,2025-05-13,2025-05-19,1,0.15,Mobile App
ORD04407,CUST286,PROD017,2025-05-14,2025-05-16,1,0.0,Retail Store
ORD04408,CUST150,PROD004,2025-05-14,2025-05-17,1,0.05,Retail Store
ORD04409,CUST123,PROD019,2025-05-14,2025-05-19,1,0.0,Online
ORD04410,CUST223,PROD006,2025-05-14,2025-05-20,1,0.0,Online
ORD04411,CUST473,PROD013,2025-05-14,2025-05-18,2,0.05,Online
ORD04412,CUST344,PROD005,2025-05-14,2025-05-17,1,0.0,Online
ORD04413,CUST024,PROD008,2025-05-14,2025-05-19,2,0.1,Retail Store
ORD04414,CUST377,PROD005,2025-05-15,2025-05-21,1,0.1,Online
ORD04415,CUST375,PROD017,2025-05-15,2025-05-17,2,0.0,Online
ORD04416,CUST106,PROD019,2025-05-15,2025-05-18,2,0.15,Retail Store
ORD04417,CUST439,PROD017,2025-05-15,2025-05-17,1,0.2,Mobile App
ORD04418,CUST157,PROD002,2025-05-15,2025-05-21,1,0.05,Retail Store
ORD04419,CUST369,PROD018,2025-05-15,2025-05-17,3,0.1,Retail Store
ORD04420,CUST452,PROD013,2025-05-15,2025-05-16,4,0.15,Retail Store
ORD04421,CUST067,PROD003,2025-05-15,2025-05-19,2,0.0,Retail Store
ORD04422,CUST026,PROD010,2025-05-15,2025-05-21,2,0.15,Online
ORD04423,CUST365,PROD018,2025-05-15,2025-05-20,2,0.2,Mobile App
ORD04424,CUST125,PROD016,2025-05-15,2025-05-18,1,0.0,Online
ORD04425,CUST329,PROD006,2025-05-16,2025-05-18,1,0.2,Retail Store
ORD04426,CUST390,PROD013,2025-05-16,2025-05-18,1,0.0,Retail Store
ORD04427,CUST296,PROD006,2025-05-16,2025-05-17,1,0.05,Retail Store
ORD04428,CUST157,PROD011,2025-05-16,2025-05-20,2,0.0,Mobile App
ORD04429,CUST285,PROD006,2025-05-16,2025-05-19,1,0.0,Mobile App
ORD04430,CUST399,PROD001,2025-05-16,2025-05-21,1,0.0,Retail Store
ORD04431,CUST375,PROD004,2025-05-16,2025-05-22,1,0.1,Mobile App
ORD04432,CUST224,PROD006,2025-05-16,2025-05-21,2,0.2,Online
ORD04433,CUST317,PROD008,2025-05-16,2025-05-21,1,0.1,Online
ORD04434,CUST336,PROD015,2025-05-17,2025-05-19,1,0.05,Online
ORD04435,CUST449,PROD011,2025-05-17,2025-05-22,1,0.15,Retail Store
ORD04436,CUST452,PROD009,2025-05-17,2025-05-21,1,0.1,Mobile App
ORD04437,CUST324,PROD015,2025-05-17,2025-05-19,1,0.2,Retail Store
ORD04438,CUST432,PROD010,2025-05-17,2025-05-22,1,0.0,Retail Store
ORD04439,CUST339,PROD016,2025-05-17,2025-05-22,1,0.0,Retail Store
ORD04440,CUST378,PROD012,2025-05-17,2025-05-21,1,0.1,Retail Store
ORD04441,CUST220,PROD011,2025-05-17,2025-05-23,1,0.0,Online
ORD04442,CUST126,PROD020,2025-05-18,2025-05-23,1,0.0,Retail Store
ORD04443,CUST427,PROD012,2025-05-18,2025-05-21,2,0.0,Online
ORD04444,CUST386,PROD006,2025-05-18,2025-05-22,1,0.0,Retail Store
ORD04445,CUST311,PROD004,2025-05-18,2025-05-19,1,0.0,Mobile App
ORD04446,CUST351,PROD018,2025-05-18,2025-05-22,2,0.15,Retail Store
ORD04447,CUST105,PROD010,2025-05-18,2025-05-20,1,0.0,Retail Store
ORD04448,CUST264,PROD014,2025-05-18,2025-05-21,2,0.1,Mobile App
ORD04449,CUST087,PROD017,2025-05-19,2025-05-22,3,0.0,Online
ORD04450,CUST348,PROD007,2025-05-19,2025-05-21,1,0.15,Mobile App
ORD04451,CUST407,PROD007,2025-05-19,2025-05-24,1,0.05,Online
ORD04452,CUST222,PROD003,2025-05-19,2025-05-21,2,0.15,Retail Store
ORD04453,CUST166,PROD012,2025-05-19,2025-05-22,1,0.0,Retail Store
ORD04454,CUST273,PROD011,2025-05-19,2025-05-21,1,0.1,Online
ORD04455,CUST249,PROD015,2025-05-19,2025-05-20,2,0.2,Online
ORD04456,CUST052,PROD020,2025-05-19,2025-05-21,1,0.0,Retail Store
ORD04457,CUST473,PROD012,2025-05-19,2025-05-21,2,0.1,Retail Store
ORD04458,CUST012,PROD001,2025-05-19,2025-05-22,2,0.0,Mobile App
ORD04459,CUST313,PROD018,2025-05-19,2025-05-23,1,0.2,Retail Store
ORD04460,CUST492,PROD001,2025-05-19,2025-05-25,1,0.15,Retail Store
ORD04461,CUST460,PROD006,2025-05-19,2025-05-21,2,0.15,Retail Store
ORD04462,CUST228,PROD014,2025-05-20,2025-05-23,1,0.0,Mobile App
ORD04463,CUST189,PROD019,2025-05-20,2025-05-22,2,0.1,Online
ORD04464,CUST040,PROD014,2025-05-20,2025-05-23,1,0.15,Retail Store
ORD04465,CUST385,PROD018,2025-05-20,2025-05-26,2,0.05,Retail Store
ORD04466,CUST114,PROD008,2025-05-20,2025-05-23,1,0.05,Retail Store
ORD04467,CUST208,PROD015,2025-05-20,2025-05-21,1,0.15,Retail Store
ORD04468,CUST052,PROD014,2025-05-20,2025-05-23,1,0.1,Online
ORD04469,CUST387,PROD013,2025-05-20,2025-05-25,1,0.0,Mobile App
ORD04470,CUST331,PROD007,2025-05-20,2025-05-24,2,0.2,Online
ORD04471,CUST280,PROD014,2025-05-20,2025-05-26,1,0.15,Mobile App
ORD04472,CUST370,PROD007,2025-05-20,2025-05-24,4,0.1,Online
ORD04473,CUST125,PROD019,2025-05-21,2025-05-23,1,0.15,Mobile App
ORD04474,CUST356,PROD003,2025-05-21,2025-05-23,3,0.0,Online
ORD04475,CUST125,PROD018,2025-05-21,2025-05-26,2,0.0,Retail Store
ORD04476,CUST287,PROD017,2025-05-21,2025-05-26,1,0.05,Online
ORD04477,CUST336,PROD013,2025-05-22,2025-05-24,1,0.0,Mobile App
ORD04478,CUST192,PROD003,2025-05-22,2025-05-25,2,0.0,Mobile App
ORD04479,CUST481,PROD010,2025-05-22,2025-05-24,1,0.15,Mobile App
ORD04480,CUST233,PROD002,2025-05-22,2025-05-24,3,0.15,Online
ORD04481,CUST313,PROD005,2025-05-22,2025-05-23,1,0.0,Mobile App
ORD04482,CUST137,PROD002,2025-05-22,2025-05-23,4,0.1,Online
ORD04483,CUST480,PROD016,2025-05-22,2025-05-25,1,0.0,Mobile App
ORD04484,CUST454,PROD014,2025-05-22,2025-05-24,2,0.1,Mobile App
ORD04485,CUST375,PROD004,2025-05-22,2025-05-27,2,0.0,Online
ORD04486,CUST269,PROD012,2025-05-22,2025-05-24,1,0.1,Retail Store
ORD04487,CUST219,PROD018,2025-05-22,2025-05-23,4,0.15,Retail Store
ORD04488,CUST030,PROD010,2025-05-23,2025-05-27,1,0.0,Retail Store
ORD04489,CUST361,PROD006,2025-05-23,2025-05-27,3,0.2,Online
ORD04490,CUST421,PROD013,2025-05-23,2025-05-24,1,0.05,Online
ORD04491,CUST279,PROD014,2025-05-23,2025-05-27,1,0.05,Retail Store
ORD04492,CUST003,PROD008,2025-05-23,2025-05-25,1,0.15,Retail Store
ORD04493,CUST007,PROD002,2025-05-23,2025-05-27,1,0.15,Online
ORD04494,CUST013,PROD015,2025-05-23,2025-05-26,2,0.05,Online
ORD04495,CUST491,PROD017,2025-05-23,2025-05-25,2,0.1,Mobile App
ORD04496,CUST173,PROD019,2025-05-23,2025-05-25,1,0.05,Mobile App
ORD04497,CUST451,PROD018,2025-05-24,2025-05-25,3,0.1,Retail Store
ORD04498,CUST469,PROD010,2025-05-24,2025-05-27,1,0.15,Online
ORD04499,CUST256,PROD010,2025-05-24,2025-05-25,1,0.05,Retail Store
ORD04500,CUST306,PROD014,2025-05-24,2025-05-27,1,0.15,Online
ORD04501,CUST017,PROD005,2025-05-24,2025-05-25,1,0.15,Retail Store
ORD04502,CUST441,PROD015,2025-05-24,2025-05-25,2,0.0,Mobile App
ORD04503,CUST337,PROD019,2025-05-25,2025-05-30,2,0.0,Online
ORD04504,CUST249,PROD014,2025-05-25,2025-05-29,2,0.05,Online
ORD04505,CUST477,PROD007,2025-05-25,2025-05-31,1,0.15,Online
ORD04506,CUST310,PROD013,2025-05-25,2025-05-31,2,0.0,Retail Store
ORD04507,CUST182,PROD019,2025-05-25,2025-05-28,1,0.0,Retail Store
ORD04508,CUST200,PROD016,2025-05-25,2025-05-27,1,0.2,Retail Store
ORD04509,CUST185,PROD017,2025-05-25,2025-05-27,4,0.0,Retail Store
ORD04510,CUST426,PROD003,2025-05-25,2025-05-31,1,0.0,Mobile App
ORD04511,CUST188,PROD006,2025-05-25,2025-05-29,1,0.15,Mobile App
ORD04512,CUST102,PROD004,2025-05-26,2025-05-27,1,0.1,Mobile App
ORD04513,CUST305,PROD015,2025-05-26,2025-06-01,1,0.0,Online
ORD04514,CUST165,PROD018,2025-05-26,2025-05-30,1,0.0,Mobile App
ORD04515,CUST338,PROD018,2025-05-26,2025-05-27,1,0.2,Online
ORD04516,CUST128,PROD006,2025-05-26,2025-05-27,2,0.0,Retail Store
ORD04517,CUST377,PROD006,2025-05-26,2025-05-31,1,0.1,Online
ORD04518,CUST039,PROD020,2025-05-26,2025-05-27,1,0.2,Retail Store
ORD04519,CUST346,PROD009,2025-05-26,2025-05-29,2,0.05,Retail Store
ORD04520,CUST221,PROD009,2025-05-26,2025-05-27,1,0.05,Online
ORD04521,CUST484,PROD010,2025-05-26,2025-05-30,2,0.0,Retail Store
ORD04522,CUST256,PROD014,2025-05-27,2025-05-31,1,0.15,Retail Store
ORD04523,CUST353,PROD017,2025-05-27,2025-05-31,2,0.2,Mobile App
ORD04524,CUST371,PROD003,2025-05-27,2025-06-02,4,0.0,Online
ORD04525,CUST211,PROD004,2025-05-27,2025-06-02,1,0.2,Retail Store
ORD04526,CUST478,PROD020,2025-05-27,2025-05-30,1,0.0,Retail Store
ORD04527,CUST240,PROD018,2025-05-27,2025-05-29,1,0.0,Mobile App
ORD04528,CUST310,PROD017,2025-05-27,2025-05-31,1,0.0,Retail Store
ORD04529,CUST174,PROD008,2025-05-27,2025-05-30,2,0.0,Mobile App
ORD04530,CUST499,PROD015,2025-05-27,2025-06-02,1,0.1,Mobile App
ORD04531,CUST013,PROD016,2025-05-27,2025-05-29,1,0.05,Retail Store
ORD04532,CUST392,PROD020,2025-05-28,2025-06-02,1,0.05,Mobile App
ORD04533,CUST154,PROD004,2025-05-28,2025-06-01,2,0.0,Online
ORD04534,CUST186,PROD011,2025-05-28,2025-05-29,2,0.2,Mobile App
ORD04535,CUST182,PROD009,2025-05-28,2025-06-02,1,0.1,Mobile App
ORD04536,CUST133,PROD011,2025-05-28,2025-05-30,2,0.2,Mobile App
ORD04537,CUST408,PROD007,2025-05-28,2025-06-01,1,0.05,Retail Store
ORD04538,CUST110,PROD010,2025-05-28,2025-05-31,1,0.1,Mobile App
ORD04539,CUST147,PROD001,2025-05-29,2025-06-04,2,0.2,Online
ORD04540,CUST391,PROD011,2025-05-29,2025-06-03,1,0.0,Mobile App
ORD04541,CUST221,PROD006,2025-05-29,2025-05-30,2,0.0,Mobile App
ORD04542,CUST460,PROD010,2025-05-29,2025-05-30,2,0.15,Mobile App
ORD04543,CUST423,PROD015,2025-05-29,2025-06-02,1,0.0,Online
ORD04544,CUST177,PROD019,2025-05-29,2025-06-01,1,0.0,Online
ORD04545,CUST065,PROD001,2025-05-29,2025-06-03,4,0.2,Online
ORD04546,CUST231,PROD020,2025-05-29,2025-06-03,1,0.0,Online
ORD04547,CUST097,PROD016,2025-05-29,2025-05-30,1,0.1,Online
ORD04548,CUST369,PROD018,2025-05-30,2025-06-01,1,0.0,Mobile App
ORD04549,CUST475,PROD003,2025-05-30,2025-05-31,3,0.15,Mobile App
ORD04550,CUST104,PROD014,2025-05-30,2025-05-31,1,0.05,Online
ORD04551,CUST152,PROD009,2025-05-30,2025-06-01,4,0.05,Mobile App
ORD04552,CUST431,PROD010,2025-05-30,2025-06-02,2,0.15,Online
ORD04553,CUST176,PROD016,2025-05-30,2025-06-02,2,0.2,Mobile App
ORD04554,CUST112,PROD005,2025-05-30,2025-06-01,2,0.2,Retail Store
ORD04555,CUST125,PROD019,2025-05-30,2025-06-03,2,0.0,Retail Store
ORD04556,CUST018,PROD012,2025-05-30,2025-06-04,2,0.0,Online
ORD04557,CUST427,PROD013,2025-05-30,2025-06-01,1,0.15,Online
ORD04558,CUST230,PROD020,2025-05-30,2025-06-02,4,0.0,Retail Store
ORD04559,CUST310,PROD006,2025-05-30,2025-06-01,1,0.2,Mobile App
ORD04560,CUST308,PROD006,2025-05-30,2025-06-05,2,0.0,Retail Store
ORD04561,CUST022,PROD005,2025-05-30,2025-05-31,1,0.0,Mobile App
ORD04562,CUST460,PROD009,2025-05-30,2025-06-05,1,0.0,Online
ORD04563,CUST334,PROD010,2025-05-31,2025-06-03,1,0.1,Mobile App
ORD04564,CUST311,PROD011,2025-05-31,2025-06-04,1,0.1,Retail Store
ORD04565,CUST204,PROD004,2025-05-31,2025-06-06,1,0.0,Retail Store
ORD04566,CUST040,PROD003,2025-05-31,2025-06-06,2,0.15,Mobile App
ORD04567,CUST484,PROD002,2025-05-31,2025-06-02,1,0.1,Retail Store
ORD04568,CUST157,PROD018,2025-05-31,2025-06-01,2,0.0,Online
ORD04569,CUST364,PROD005,2025-05-31,2025-06-01,2,0.2,Mobile App
ORD04570,CUST461,PROD003,2025-06-01,2025-06-04,2,0.15,Retail Store
ORD04571,CUST295,PROD014,2025-06-01,2025-06-05,2,0.0,Online
ORD04572,CUST032,PROD018,2025-06-01,2025-06-03,1,0.0,Online
ORD04573,CUST314,PROD008,2025-06-01,2025-06-06,1,0.2,Retail Store
ORD04574,CUST226,PROD014,2025-06-01,2025-06-06,2,0.2,Online
ORD04575,CUST175,PROD010,2025-06-01,2025-06-03,1,0.0,Retail Store
ORD04576,CUST372,PROD014,2025-06-01,2025-06-02,2,0.2,Mobile App
ORD04577,CUST108,PROD017,2025-06-02,2025-06-05,1,0.05,Retail Store
ORD04578,CUST400,PROD001,2025-06-02,2025-06-06,1,0.0,Mobile App
ORD04579,CUST226,PROD010,2025-06-02,2025-06-06,1,0.15,Online
ORD04580,CUST486,PROD013,2025-06-02,2025-06-05,2,0.1,Mobile App
ORD04581,CUST231,PROD010,2025-06-02,2025-06-08,1,0.15,Mobile App
ORD04582,CUST022,PROD009,2025-06-02,2025-06-06,1,0.0,Mobile App
ORD04583,CUST121,PROD003,2025-06-02,2025-06-07,1,0.0,Mobile App
ORD04584,CUST293,PROD015,2025-06-03,2025-06-06,1,0.0,Retail Store
ORD04585,CUST118,PROD012,2025-06-03,2025-06-08,1,0.05,Online
ORD04586,CUST303,PROD002,2025-06-03,2025-06-09,2,0.15,Retail Store
ORD04587,CUST227,PROD006,2025-06-03,2025-06-04,1,0.0,Mobile App
ORD04588,CUST232,PROD018,2025-06-03,2025-06-07,4,0.2,Online
ORD04589,CUST303,PROD009,2025-06-04,2025-06-07,1,0.05,Online
ORD04590,CUST466,PROD001,2025-06-04,2025-06-10,1,0.2,Retail Store
ORD04591,CUST295,PROD005,2025-06-04,2025-06-05,1,0.15,Online
ORD04592,CUST124,PROD002,2025-06-04,2025-06-09,1,0.0,Online
ORD04593,CUST161,PROD002,2025-06-05,2025-06-10,3,0.1,Retail Store
ORD04594,CUST093,PROD015,2025-06-05,2025-06-09,1,0.05,Mobile App
ORD04595,CUST040,PROD016,2025-06-05,2025-06-09,1,0.05,Mobile App
ORD04596,CUST112,PROD012,2025-06-05,2025-06-11,1,0.1,Online
ORD04597,CUST160,PROD012,2025-06-05,2025-06-10,1,0.0,Mobile App
ORD04598,CUST298,PROD012,2025-06-05,2025-06-07,1,0.0,Retail Store
ORD04599,CUST413,PROD011,2025-06-06,2025-06-09,2,0.1,Online
ORD04600,CUST251,PROD003,2025-06-06,2025-06-10,2,0.05,Online
ORD04601,CUST362,PROD011,2025-06-06,2025-06-09,4,0.15,Mobile App
ORD04602,CUST238,PROD017,2025-06-06,2025-06-07,1,0.1,Online
ORD04603,CUST468,PROD014,2025-06-06,2025-06-09,1,0.0,Online
ORD04604,CUST378,PROD001,2025-06-06,2025-06-11,1,0.0,Mobile App
ORD04605,CUST291,PROD014,2025-06-06,2025-06-11,1,0.0,Retail Store
ORD04606,CUST271,PROD015,2025-06-07,2025-06-10,1,0.0,Online
ORD04607,CUST172,PROD007,2025-06-07,2025-06-13,2,0.2,Retail Store
ORD04608,CUST299,PROD009,2025-06-07,2025-06-12,1,0.0,Online
ORD04609,CUST255,PROD015,2025-06-07,2025-06-10,1,0.2,Retail Store
ORD04610,CUST409,PROD009,2025-06-07,2025-06-09,4,0.0,Retail Store
ORD04611,CUST211,PROD014,2025-06-07,2025-06-12,1,0.15,Mobile App
ORD04612,CUST330,PROD014,2025-06-07,2025-06-11,2,0.0,Retail Store
ORD04613,CUST228,PROD004,2025-06-07,2025-06-08,1,0.0,Retail Store
ORD04614,CUST427,PROD012,2025-06-08,2025-06-10,1,0.05,Mobile App
ORD04615,CUST274,PROD001,2025-06-08,2025-06-09,1,0.0,Retail Store
ORD04616,CUST026,PROD004,2025-06-08,2025-06-13,3,0.0,Mobile App
ORD04617,CUST288,PROD014,2025-06-08,2025-06-09,2,0.0,Retail Store
ORD04618,CUST197,PROD015,2025-06-08,2025-06-10,4,0.0,Retail Store
ORD04619,CUST263,PROD013,2025-06-08,2025-06-14,1,0.2,Mobile App
ORD04620,CUST234,PROD017,2025-06-08,2025-06-14,1,0.1,Retail Store
ORD04621,CUST015,PROD006,2025-06-08,2025-06-10,3,0.1,Retail Store
ORD04622,CUST135,PROD018,2025-06-08,2025-06-12,1,0.1,Online
ORD04623,CUST134,PROD012,2025-06-09,2025-06-12,1,0.0,Online
ORD04624,CUST409,PROD008,2025-06-09,2025-06-10,2,0.05,Retail Store
ORD04625,CUST423,PROD001,2025-06-09,2025-06-11,4,0.0,Online
ORD04626,CUST219,PROD002,2025-06-09,2025-06-13,1,0.0,Retail Store
ORD04627,CUST181,PROD005,2025-06-09,2025-06-12,2,0.1,Retail Store
ORD04628,CUST138,PROD014,2025-06-09,2025-06-10,3,0.2,Retail Store
ORD04629,CUST065,PROD007,2025-06-10,2025-06-14,1,0.0,Retail Store
ORD04630,CUST073,PROD012,2025-06-10,2025-06-13,1,0.05,Mobile App
ORD04631,CUST133,PROD020,2025-06-10,2025-06-11,2,0.1,Mobile App
ORD04632,CUST460,PROD017,2025-06-10,2025-06-13,1,0.15,Mobile App
ORD04633,CUST334,PROD006,2025-06-10,2025-06-16,1,0.15,Retail Store
ORD04634,CUST102,PROD016,2025-06-10,2025-06-13,2,0.15,Mobile App
ORD04635,CUST493,PROD011,2025-06-11,2025-06-15,2,0.0,Mobile App
ORD04636,CUST097,PROD004,2025-06-11,2025-06-14,1,0.05,Online
ORD04637,CUST052,PROD008,2025-06-11,2025-06-14,1,0.0,Online
ORD04638,CUST346,PROD016,2025-06-11,2025-06-16,1,0.1,Retail Store
ORD04639,CUST065,PROD019,2025-06-11,2025-06-14,1,0.1,Mobile App
ORD04640,CUST324,PROD012,2025-06-11,2025-06-17,1,0.0,Mobile App
ORD04641,CUST089,PROD003,2025-06-11,2025-06-14,1,0.0,Mobile App
ORD04642,CUST404,PROD004,2025-06-11,2025-06-12,2,0.05,Mobile App
ORD04643,CUST204,PROD018,2025-06-11,2025-06-12,2,0.0,Retail Store
ORD04644,CUST312,PROD002,2025-06-11,2025-06-14,2,0.15,Mobile App
ORD04645,CUST421,PROD002,2025-06-11,2025-06-13,1,0.15,Retail Store
ORD04646,CUST081,PROD008,2025-06-12,2025-06-18,4,0.2,Retail Store
ORD04647,CUST378,PROD009,2025-06-12,2025-06-15,2,0.0,Online
ORD04648,CUST333,PROD002,2025-06-12,2025-06-13,2,0.2,Retail Store
ORD04649,CUST083,PROD014,2025-06-12,2025-06-13,1,0.1,Online
ORD04650,CUST342,PROD013,2025-06-12,2025-06-16,1,0.1,Retail Store
ORD04651,CUST472,PROD020,2025-06-12,2025-06-15,4,0.15,Retail Store
ORD04652,CUST449,PROD003,2025-06-12,2025-06-18,2,0.0,Mobile App
ORD04653,CUST473,PROD006,2025-06-13,2025-06-17,1,0.1,Retail Store
ORD04654,CUST334,PROD008,2025-06-13,2025-06-16,1,0.0,Retail Store
ORD04655,CUST147,PROD012,2025-06-13,2025-06-15,1,0.0,Online
ORD04656,CUST342,PROD002,2025-06-13,2025-06-17,1,0.1,Mobile App
ORD04657,CUST389,PROD008,2025-06-13,2025-06-19,1,0.1,Mobile App
ORD04658,CUST097,PROD005,2025-06-13,2025-06-15,3,0.2,Retail Store
ORD04659,CUST235,PROD017,2025-06-13,2025-06-17,1,0.0,Online
ORD04660,CUST155,PROD011,2025-06-14,2025-06-20,3,0.2,Retail Store
ORD04661,CUST426,PROD004,2025-06-14,2025-06-16,1,0.0,Mobile App
ORD04662,CUST343,PROD007,2025-06-14,2025-06-17,1,0.05,Online
ORD04663,CUST256,PROD008,2025-06-14,2025-06-17,1,0.15,Mobile App
ORD04664,CUST377,PROD011,2025-06-14,2025-06-18,2,0.05,Mobile App
ORD04665,CUST277,PROD002,2025-06-14,2025-06-20,3,0.2,Online
ORD04666,CUST306,PROD001,2025-06-14,2025-06-16,4,0.0,Online
ORD04667,CUST088,PROD017,2025-06-14,2025-06-15,1,0.2,Mobile App
ORD04668,CUST318,PROD017,2025-06-14,2025-06-20,2,0.1,Retail Store
ORD04669,CUST495,PROD002,2025-06-15,2025-06-21,1,0.15,Online
ORD04670,CUST089,PROD006,2025-06-15,2025-06-17,2,0.2,Retail Store
ORD04671,CUST363,PROD007,2025-06-15,2025-06-18,3,0.05,Online
ORD04672,CUST148,PROD015,2025-06-15,2025-06-21,1,0.05,Retail Store
ORD04673,CUST285,PROD017,2025-06-15,2025-06-17,2,0.0,Mobile App
ORD04674,CUST319,PROD015,2025-06-15,2025-06-19,1,0.2,Mobile App
ORD04675,CUST488,PROD012,2025-06-15,2025-06-20,1,0.05,Online
ORD04676,CUST263,PROD009,2025-06-16,2025-06-17,1,0.0,Online
ORD04677,CUST451,PROD005,2025-06-16,2025-06-21,1,0.0,Retail Store
ORD04678,CUST333,PROD008,2025-06-16,2025-06-18,2,0.1,Online
ORD04679,CUST233,PROD005,2025-06-16,2025-06-18,1,0.0,Online
ORD04680,CUST326,PROD014,2025-06-16,2025-06-17,1,0.2,Retail Store
ORD04681,CUST146,PROD015,2025-06-16,2025-06-17,2,0.05,Mobile App
ORD04682,CUST239,PROD004,2025-06-16,2025-06-18,1,0.0,Retail Store
ORD04683,CUST410,PROD012,2025-06-17,2025-06-20,2,0.05,Retail Store
ORD04684,CUST217,PROD013,2025-06-17,2025-06-22,1,0.0,Retail Store
ORD04685,CUST236,PROD004,2025-06-17,2025-06-23,4,0.05,Mobile App
ORD04686,CUST283,PROD010,2025-06-17,2025-06-20,2,0.0,Online
ORD04687,CUST063,PROD011,2025-06-17,2025-06-22,1,0.0,Mobile App
ORD04688,CUST480,PROD018,2025-06-17,2025-06-18,1,0.15,Mobile App
ORD04689,CUST472,PROD015,2025-06-17,2025-06-20,2,0.05,Mobile App
ORD04690,CUST315,PROD009,2025-06-17,2025-06-22,3,0.0,Mobile App
ORD04691,CUST190,PROD012,2025-06-17,2025-06-19,1,0.05,Mobile App
ORD04692,CUST327,PROD004,2025-06-17,2025-06-20,1,0.2,Retail Store
ORD04693,CUST225,PROD006,2025-06-17,2025-06-22,2,0.15,Mobile App
ORD04694,CUST403,PROD004,2025-06-18,2025-06-23,3,0.15,Online
ORD04695,CUST003,PROD006,2025-06-18,2025-06-24,1,0.0,Online
ORD04696,CUST050,PROD007,2025-06-18,2025-06-19,1,0.1,Mobile App
ORD04697,CUST325,PROD003,2025-06-18,2025-06-21,1,0.1,Online
ORD04698,CUST373,PROD002,2025-06-18,2025-06-20,1,0.0,Online
ORD04699,CUST347,PROD020,2025-06-18,2025-06-20,3,0.0,Online
ORD04700,CUST105,PROD018,2025-06-19,2025-06-22,1,0.1,Retail Store
ORD04701,CUST349,PROD005,2025-06-19,2025-06-22,2,0.15,Online
ORD04702,CUST480,PROD013,2025-06-19,2025-06-25,2,0.0,Retail Store
ORD04703,CUST255,PROD006,2025-06-19,2025-06-23,4,0.0,Online
ORD04704,CUST151,PROD009,2025-06-19,2025-06-22,2,0.0,Retail Store
ORD04705,CUST089,PROD002,2025-06-19,2025-06-22,3,0.2,Online
ORD04706,CUST403,PROD008,2025-06-20,2025-06-23,3,0.2,Mobile App
ORD04707,CUST379,PROD017,2025-06-20,2025-06-22,1,0.15,Retail Store
ORD04708,CUST349,PROD013,2025-06-20,2025-06-22,1,0.2,Mobile App
ORD04709,CUST012,PROD013,2025-06-20,2025-06-26,1,0.0,Online
ORD04710,CUST092,PROD005,2025-06-20,2025-06-23,1,0.0,Mobile App
ORD04711,CUST377,PROD007,2025-06-20,2025-06-25,1,0.2,Mobile App
ORD04712,CUST055,PROD004,2025-06-20,2025-06-22,1,0.1,Retail Store
ORD04713,CUST208,PROD009,2025-06-20,2025-06-24,1,0.2,Mobile App
ORD04714,CUST384,PROD015,2025-06-20,2025-06-23,1,0.0,Mobile App
ORD04715,CUST491,PROD002,2025-06-20,2025-06-21,2,0.0,Retail Store
ORD04716,CUST075,PROD005,2025-06-20,2025-06-23,2,0.2,Retail Store
ORD04717,CUST129,PROD006,2025-06-20,2025-06-24,1,0.05,Online
ORD04718,CUST446,PROD005,2025-06-21,2025-06-26,1,0.0,Mobile App
ORD04719,CUST330,PROD003,2025-06-21,2025-06-25,2,0.15,Retail Store
ORD04720,CUST315,PROD010,2025-06-21,2025-06-26,2,0.2,Retail Store
ORD04721,CUST195,PROD014,2025-06-21,2025-06-24,2,0.0,Online
ORD04722,CUST305,PROD018,2025-06-21,2025-06-27,3,0.2,Online
ORD04723,CUST036,PROD014,2025-06-21,2025-06-25,2,0.15,Mobile App
ORD04724,CUST096,PROD006,2025-06-22,2025-06-24,2,0.0,Online
ORD04725,CUST101,PROD002,2025-06-22,2025-06-28,4,0.0,Mobile App
ORD04726,CUST264,PROD009,2025-06-22,2025-06-23,1,0.2,Retail Store
ORD04727,CUST365,PROD012,2025-06-22,2025-06-28,1,0.05,Mobile App
ORD04728,CUST108,PROD003,2025-06-22,2025-06-24,2,0.0,Retail Store
ORD04729,CUST284,PROD010,2025-06-22,2025-06-26,1,0.2,Retail Store
ORD04730,CUST110,PROD003,2025-06-22,2025-06-28,4,0.2,Mobile App
ORD04731,CUST475,PROD019,2025-06-22,2025-06-23,1,0.1,Mobile App
ORD04732,CUST102,PROD012,2025-06-22,2025-06-27,2,0.1,Retail Store
ORD04733,CUST135,PROD005,2025-06-22,2025-06-27,1,0.2,Retail Store
ORD04734,CUST066,PROD002,2025-06-22,2025-06-26,1,0.1,Online
ORD04735,CUST136,PROD001,2025-06-22,2025-06-28,2,0.15,Retail Store
ORD04736,CUST168,PROD005,2025-06-22,2025-06-24,1,0.1,Retail Store
ORD04737,CUST063,PROD011,2025-06-23,2025-06-27,3,0.1,Retail Store
ORD04738,CUST313,PROD009,2025-06-23,2025-06-24,1,0.0,Mobile App
ORD04739,CUST121,PROD017,2025-06-23,2025-06-28,3,0.0,Mobile App
ORD04740,CUST279,PROD015,2025-06-23,2025-06-28,1,0.0,Retail Store
ORD04741,CUST477,PROD016,2025-06-23,2025-06-29,2,0.0,Mobile App
ORD04742,CUST095,PROD014,2025-06-23,2025-06-24,1,0.2,Online
ORD04743,CUST150,PROD008,2025-06-23,2025-06-26,1,0.1,Retail Store
ORD04744,CUST326,PROD010,2025-06-23,2025-06-27,2,0.0,Mobile App
ORD04745,CUST050,PROD005,2025-06-23,2025-06-27,2,0.1,Retail Store
ORD04746,CUST170,PROD011,2025-06-23,2025-06-25,2,0.2,Retail Store
ORD04747,CUST395,PROD002,2025-06-24,2025-06-25,1,0.0,Mobile App
ORD04748,CUST181,PROD003,2025-06-24,2025-06-30,1,0.05,Retail Store
ORD04749,CUST377,PROD017,2025-06-24,2025-06-28,1,0.0,Mobile App
ORD04750,CUST402,PROD001,2025-06-24,2025-06-26,1,0.1,Retail Store
ORD04751,CUST424,PROD009,2025-06-24,2025-06-29,3,0.15,Mobile App
ORD04752,CUST019,PROD018,2025-06-24,2025-06-25,1,0.0,Online
ORD04753,CUST192,PROD013,2025-06-25,2025-06-26,1,0.1,Mobile App
ORD04754,CUST102,PROD003,2025-06-25,2025-06-30,3,0.05,Online
ORD04755,CUST439,PROD003,2025-06-25,2025-06-29,1,0.2,Retail Store
ORD04756,CUST456,PROD018,2025-06-25,2025-07-01,1,0.15,Retail Store
ORD04757,CUST187,PROD015,2025-06-25,2025-06-26,1,0.05,Online
ORD04758,CUST276,PROD013,2025-06-25,2025-06-27,2,0.0,Online
ORD04759,CUST391,PROD001,2025-06-25,2025-06-27,2,0.0,Online
ORD04760,CUST235,PROD001,2025-06-25,2025-06-28,1,0.0,Retail Store
ORD04761,CUST184,PROD009,2025-06-25,2025-06-29,1,0.0,Online
ORD04762,CUST109,PROD016,2025-06-26,2025-06-27,2,0.0,Online
ORD04763,CUST030,PROD016,2025-06-26,2025-06-29,2,0.0,Online
ORD04764,CUST007,PROD011,2025-06-26,2025-06-27,1,0.1,Retail Store
ORD04765,CUST323,PROD012,2025-06-26,2025-06-28,1,0.2,Mobile App
ORD04766,CUST196,PROD011,2025-06-26,2025-07-02,4,0.0,Retail Store
ORD04767,CUST445,PROD013,2025-06-26,2025-06-29,1,0.2,Online
ORD04768,CUST025,PROD004,2025-06-27,2025-07-01,4,0.0,Online
ORD04769,CUST198,PROD011,2025-06-27,2025-06-28,1,0.2,Mobile App
ORD04770,CUST133,PROD020,2025-06-27,2025-06-29,4,0.0,Online
ORD04771,CUST392,PROD007,2025-06-27,2025-06-30,2,0.05,Retail Store
ORD04772,CUST014,PROD005,2025-06-27,2025-06-30,2,0.15,Mobile App
ORD04773,CUST179,PROD016,2025-06-27,2025-07-03,4,0.0,Online
ORD04774,CUST135,PROD005,2025-06-27,2025-07-01,1,0.2,Mobile App
ORD04775,CUST258,PROD003,2025-06-27,2025-06-30,1,0.0,Mobile App
ORD04776,CUST031,PROD005,2025-06-27,2025-07-01,1,0.05,Mobile App
ORD04777,CUST487,PROD020,2025-06-27,2025-07-01,4,0.2,Retail Store
ORD04778,CUST335,PROD004,2025-06-27,2025-07-01,1,0.15,Online
ORD04779,CUST308,PROD013,2025-06-28,2025-07-04,1,0.05,Mobile App
ORD04780,CUST173,PROD010,2025-06-28,2025-07-02,2,0.0,Online
ORD04781,CUST446,PROD005,2025-06-28,2025-07-04,2,0.0,Mobile App
ORD04782,CUST207,PROD015,2025-06-28,2025-07-03,2,0.05,Online
ORD04783,CUST372,PROD008,2025-06-28,2025-07-02,1,0.1,Retail Store
ORD04784,CUST111,PROD003,2025-06-28,2025-07-02,1,0.0,Mobile App
ORD04785,CUST416,PROD017,2025-06-28,2025-06-30,4,0.0,Online
ORD04786,CUST094,PROD012,2025-06-28,2025-07-03,2,0.05,Mobile App
ORD04787,CUST324,PROD018,2025-06-28,2025-07-04,1,0.2,Retail Store
ORD04788,CUST014,PROD017,2025-06-29,2025-07-05,2,0.0,Mobile App
ORD04789,CUST095,PROD014,2025-06-29,2025-06-30,2,0.0,Retail Store
ORD04790,CUST113,PROD010,2025-06-29,2025-07-04,1,0.15,Online
ORD04791,CUST248,PROD005,2025-06-29,2025-07-01,3,0.2,Mobile App
ORD04792,CUST427,PROD012,2025-06-29,2025-07-02,1,0.1,Online
ORD04793,CUST292,PROD012,2025-06-29,2025-07-02,1,0.0,Mobile App
ORD04794,CUST213,PROD004,2025-06-29,2025-07-04,1,0.1,Retail Store
ORD04795,CUST400,PROD001,2025-06-30,2025-07-02,1,0.05,Retail Store
ORD04796,CUST011,PROD015,2025-06-30,2025-07-05,1,0.05,Mobile App
ORD04797,CUST458,PROD017,2025-06-30,2025-07-06,1,0.05,Mobile App
ORD04798,CUST398,PROD019,2025-06-30,2025-07-01,1,0.0,Online
ORD04799,CUST189,PROD002,2025-06-30,2025-07-01,1,0.1,Retail Store
ORD04800,CUST138,PROD006,2025-06-30,2025-07-01,2,0.1,Mobile App
ORD04801,CUST023,PROD009,2025-06-30,2025-07-02,1,0.05,Mobile App
ORD04802,CUST418,PROD009,2025-06-30,2025-07-05,2,0.0,Online
ORD04803,CUST055,PROD014,2025-07-01,2025-07-02,1,0.0,Online
ORD04804,CUST379,PROD002,2025-07-01,2025-07-02,1,0.0,Mobile App
ORD04805,CUST186,PROD004,2025-07-01,2025-07-03,3,0.05,Online
ORD04806,CUST381,PROD016,2025-07-01,2025-07-07,2,0.05,Online
ORD04807,CUST435,PROD008,2025-07-01,2025-07-03,1,0.05,Online
ORD04808,CUST023,PROD014,2025-07-01,2025-07-02,3,0.0,Mobile App
ORD04809,CUST064,PROD005,2025-07-01,2025-07-07,2,0.0,Retail Store
ORD04810,CUST299,PROD013,2025-07-01,2025-07-06,3,0.2,Retail Store
ORD04811,CUST252,PROD017,2025-07-01,2025-07-03,1,0.0,Online
ORD04812,CUST108,PROD012,2025-07-02,2025-07-04,4,0.2,Retail Store
ORD04813,CUST102,PROD013,2025-07-02,2025-07-06,1,0.15,Mobile App
ORD04814,CUST303,PROD005,2025-07-02,2025-07-06,1,0.15,Online
ORD04815,CUST218,PROD005,2025-07-02,2025-07-04,1,0.15,Mobile App
ORD04816,CUST279,PROD014,2025-07-02,2025-07-06,4,0.0,Online
ORD04817,CUST311,PROD001,2025-07-02,2025-07-03,1,0.2,Online
ORD04818,CUST063,PROD019,2025-07-02,2025-07-05,1,0.0,Mobile App
ORD04819,CUST162,PROD018,2025-07-02,2025-07-03,1,0.15,Mobile App
ORD04820,CUST207,PROD007,2025-07-02,2025-07-07,1,0.15,Online
ORD04821,CUST190,PROD001,2025-07-02,2025-07-08,3,0.1,Mobile App
ORD04822,CUST114,PROD014,2025-07-03,2025-07-07,2,0.0,Mobile App
ORD04823,CUST158,PROD007,2025-07-03,2025-07-05,1,0.1,Retail Store
ORD04824,CUST089,PROD017,2025-07-03,2025-07-06,3,0.1,Mobile App
ORD04825,CUST315,PROD010,2025-07-03,2025-07-05,2,0.2,Online
ORD04826,CUST035,PROD006,2025-07-03,2025-07-06,1,0.15,Mobile App
ORD04827,CUST173,PROD007,2025-07-03,2025-07-04,2,0.05,Retail Store
ORD04828,CUST205,PROD018,2025-07-03,2025-07-05,1,0.0,Retail Store
ORD04829,CUST321,PROD003,2025-07-03,2025-07-09,2,0.0,Mobile App
ORD04830,CUST441,PROD005,2025-07-03,2025-07-06,4,0.0,Retail Store
ORD04831,CUST097,PROD012,2025-07-04,2025-07-05,2,0.15,Mobile App
ORD04832,CUST294,PROD020,2025-07-04,2025-07-09,1,0.0,Retail Store
ORD04833,CUST044,PROD002,2025-07-04,2025-07-07,1,0.15,Retail Store
ORD04834,CUST132,PROD001,2025-07-04,2025-07-10,4,0.2,Retail Store
ORD04835,CUST092,PROD007,2025-07-04,2025-07-06,3,0.0,Retail Store
ORD04836,CUST282,PROD016,2025-07-05,2025-07-10,1,0.1,Online
ORD04837,CUST346,PROD017,2025-07-05,2025-07-10,1,0.0,Mobile App
ORD04838,CUST440,PROD008,2025-07-05,2025-07-08,3,0.05,Mobile App
ORD04839,CUST010,PROD017,2025-07-05,2025-07-06,2,0.2,Online
ORD04840,CUST391,PROD007,2025-07-05,2025-07-10,1,0.0,Mobile App
ORD04841,CUST159,PROD013,2025-07-05,2025-07-08,1,0.1,Online
ORD04842,CUST281,PROD014,2025-07-05,2025-07-11,1,0.1,Online
ORD04843,CUST440,PROD005,2025-07-05,2025-07-07,1,0.15,Online
ORD04844,CUST161,PROD017,2025-07-05,2025-07-06,2,0.05,Retail Store
ORD04845,CUST398,PROD011,2025-07-06,2025-07-10,3,0.15,Mobile App
ORD04846,CUST035,PROD011,2025-07-06,2025-07-09,3,0.05,Retail Store
ORD04847,CUST008,PROD018,2025-07-06,2025-07-07,1,0.05,Retail Store
ORD04848,CUST383,PROD006,2025-07-06,2025-07-09,1,0.05,Online
ORD04849,CUST353,PROD008,2025-07-06,2025-07-10,2,0.0,Retail Store
ORD04850,CUST134,PROD018,2025-07-06,2025-07-10,2,0.0,Mobile App
ORD04851,CUST025,PROD018,2025-07-07,2025-07-09,2,0.0,Online
ORD04852,CUST375,PROD002,2025-07-07,2025-07-12,2,0.0,Online
ORD04853,CUST400,PROD003,2025-07-07,2025-07-09,1,0.15,Mobile App
ORD04854,CUST418,PROD020,2025-07-07,2025-07-12,3,0.05,Online
ORD04855,CUST273,PROD005,2025-07-07,2025-07-12,4,0.0,Mobile App
ORD04856,CUST184,PROD019,2025-07-07,2025-07-10,1,0.0,Online
ORD04857,CUST118,PROD009,2025-07-07,2025-07-10,1,0.0,Mobile App
ORD04858,CUST305,PROD002,2025-07-07,2025-07-10,3,0.0,Online
ORD04859,CUST293,PROD013,2025-07-07,2025-07-08,3,0.15,Retail Store
ORD04860,CUST199,PROD001,2025-07-08,2025-07-14,1,0.1,Online
ORD04861,CUST156,PROD007,2025-07-08,2025-07-14,1,0.2,Online
ORD04862,CUST490,PROD020,2025-07-08,2025-07-13,2,0.1,Retail Store
ORD04863,CUST166,PROD017,2025-07-08,2025-07-13,2,0.0,Mobile App
ORD04864,CUST286,PROD020,2025-07-08,2025-07-12,2,0.2,Retail Store
ORD04865,CUST106,PROD013,2025-07-08,2025-07-14,1,0.0,Retail Store
ORD04866,CUST071,PROD019,2025-07-08,2025-07-14,2,0.2,Online
ORD04867,CUST099,PROD015,2025-07-08,2025-07-14,2,0.0,Mobile App
ORD04868,CUST038,PROD008,2025-07-09,2025-07-14,1,0.0,Mobile App
ORD04869,CUST098,PROD015,2025-07-09,2025-07-12,2,0.05,Online
ORD04870,CUST042,PROD008,2025-07-09,2025-07-15,1,0.1,Online
ORD04871,CUST247,PROD007,2025-07-09,2025-07-14,2,0.1,Mobile App
ORD04872,CUST040,PROD008,2025-07-09,2025-07-14,2,0.0,Retail Store
ORD04873,CUST358,PROD020,2025-07-09,2025-07-14,2,0.2,Retail Store
ORD04874,CUST286,PROD004,2025-07-10,2025-07-11,1,0.1,Retail Store
ORD04875,CUST164,PROD002,2025-07-10,2025-07-11,2,0.0,Online
ORD04876,CUST040,PROD009,2025-07-10,2025-07-12,1,0.15,Mobile App
ORD04877,CUST379,PROD001,2025-07-10,2025-07-12,1,0.15,Online
ORD04878,CUST018,PROD016,2025-07-10,2025-07-14,2,0.0,Retail Store
ORD04879,CUST082,PROD014,2025-07-10,2025-07-15,1,0.0,Online
ORD04880,CUST291,PROD006,2025-07-10,2025-07-13,1,0.05,Mobile App
ORD04881,CUST456,PROD008,2025-07-10,2025-07-15,2,0.1,Online
ORD04882,CUST125,PROD002,2025-07-10,2025-07-16,1,0.1,Online
ORD04883,CUST474,PROD009,2025-07-10,2025-07-15,2,0.0,Mobile App
ORD04884,CUST386,PROD006,2025-07-10,2025-07-13,3,0.2,Retail Store
ORD04885,CUST307,PROD012,2025-07-10,2025-07-14,1,0.0,Online
ORD04886,CUST421,PROD016,2025-07-11,2025-07-13,1,0.0,Retail Store
ORD04887,CUST315,PROD019,2025-07-11,2025-07-12,1,0.0,Retail Store
ORD04888,CUST279,PROD008,2025-07-11,2025-07-12,1,0.1,Retail Store
ORD04889,CUST005,PROD020,2025-07-11,2025-07-13,1,0.0,Online
ORD04890,CUST084,PROD010,2025-07-11,2025-07-16,1,0.1,Mobile App
ORD04891,CUST153,PROD012,2025-07-11,2025-07-13,1,0.15,Online
ORD04892,CUST181,PROD010,2025-07-11,2025-07-14,1,0.0,Mobile App
ORD04893,CUST152,PROD005,2025-07-11,2025-07-15,1,0.15,Online
ORD04894,CUST394,PROD001,2025-07-11,2025-07-14,1,0.15,Online
ORD04895,CUST255,PROD020,2025-07-11,2025-07-12,2,0.1,Retail Store
ORD04896,CUST038,PROD009,2025-07-11,2025-07-12,1,0.0,Mobile App
ORD04897,CUST144,PROD011,2025-07-11,2025-07-13,1,0.0,Online
ORD04898,CUST024,PROD019,2025-07-12,2025-07-18,1,0.15,Online
ORD04899,CUST500,PROD019,2025-07-12,2025-07-14,1,0.2,Online
ORD04900,CUST457,PROD006,2025-07-12,2025-07-15,1,0.2,Online
ORD04901,CUST459,PROD020,2025-07-12,2025-07-15,3,0.0,Mobile App
ORD04902,CUST217,PROD003,2025-07-12,2025-07-16,2,0.05,Online
ORD04903,CUST200,PROD016,2025-07-12,2025-07-17,1,0.05,Online
ORD04904,CUST193,PROD009,2025-07-13,2025-07-17,2,0.1,Retail Store
ORD04905,CUST109,PROD017,2025-07-13,2025-07-19,2,0.15,Online
ORD04906,CUST216,PROD012,2025-07-13,2025-07-19,1,0.05,Online
ORD04907,CUST480,PROD015,2025-07-13,2025-07-14,1,0.0,Mobile App
ORD04908,CUST240,PROD016,2025-07-13,2025-07-18,4,0.05,Online
ORD04909,CUST088,PROD019,2025-07-13,2025-07-16,2,0.05,Retail Store
ORD04910,CUST083,PROD012,2025-07-13,2025-07-15,1,0.1,Retail Store
ORD04911,CUST425,PROD010,2025-07-14,2025-07-19,1,0.0,Online
ORD04912,CUST074,PROD010,2025-07-14,2025-07-15,1,0.05,Mobile App
ORD04913,CUST072,PROD007,2025-07-14,2025-07-20,1,0.2,Retail Store
ORD04914,CUST292,PROD006,2025-07-14,2025-07-15,1,0.0,Mobile App
ORD04915,CUST447,PROD013,2025-07-14,2025-07-15,1,0.2,Online
ORD04916,CUST405,PROD006,2025-07-14,2025-07-16,1,0.0,Online
ORD04917,CUST133,PROD006,2025-07-14,2025-07-18,1,0.0,Retail Store
ORD04918,CUST466,PROD007,2025-07-14,2025-07-20,1,0.05,Retail Store
ORD04919,CUST042,PROD003,2025-07-14,2025-07-15,2,0.0,Retail Store
ORD04920,CUST233,PROD019,2025-07-14,2025-07-17,1,0.2,Mobile App
ORD04921,CUST037,PROD017,2025-07-14,2025-07-16,3,0.0,Mobile App
ORD04922,CUST108,PROD017,2025-07-14,2025-07-20,1,0.15,Mobile App
ORD04923,CUST382,PROD002,2025-07-15,2025-07-19,1,0.05,Retail Store
ORD04924,CUST125,PROD005,2025-07-15,2025-07-17,1,0.0,Retail Store
ORD04925,CUST091,PROD010,2025-07-15,2025-07-19,3,0.0,Online
ORD04926,CUST035,PROD003,2025-07-15,2025-07-21,1,0.05,Online
ORD04927,CUST006,PROD010,2025-07-15,2025-07-20,1,0.15,Retail Store
ORD04928,CUST479,PROD009,2025-07-15,2025-07-19,1,0.15,Retail Store
ORD04929,CUST480,PROD016,2025-07-15,2025-07-16,1,0.05,Retail Store
ORD04930,CUST408,PROD001,2025-07-15,2025-07-18,1,0.1,Mobile App
ORD04931,CUST134,PROD011,2025-07-16,2025-07-18,2,0.0,Mobile App
ORD04932,CUST056,PROD006,2025-07-16,2025-07-17,1,0.0,Mobile App
ORD04933,CUST036,PROD003,2025-07-16,2025-07-19,2,0.1,Retail Store
ORD04934,CUST398,PROD015,2025-07-16,2025-07-22,1,0.0,Mobile App
ORD04935,CUST201,PROD002,2025-07-16,2025-07-18,2,0.0,Retail Store
ORD04936,CUST195,PROD014,2025-07-16,2025-07-21,2,0.05,Mobile App
ORD04937,CUST142,PROD019,2025-07-17,2025-07-23,2,0.0,Retail Store
ORD04938,CUST425,PROD001,2025-07-17,2025-07-19,2,0.05,Mobile App
ORD04939,CUST475,PROD007,2025-07-17,2025-07-22,1,0.0,Online
ORD04940,CUST178,PROD003,2025-07-17,2025-07-22,1,0.0,Online
ORD04941,CUST441,PROD014,2025-07-17,2025-07-22,2,0.05,Retail Store
ORD04942,CUST051,PROD019,2025-07-17,2025-07-19,1,0.0,Mobile App
ORD04943,CUST343,PROD014,2025-07-17,2025-07-18,1,0.1,Online
ORD04944,CUST314,PROD016,2025-07-17,2025-07-19,1,0.0,Mobile App
ORD04945,CUST148,PROD005,2025-07-17,2025-07-18,1,0.15,Retail Store
ORD04946,CUST476,PROD001,2025-07-17,2025-07-23,1,0.0,Mobile App
ORD04947,CUST161,PROD012,2025-07-18,2025-07-22,2,0.15,Retail Store
ORD04948,CUST398,PROD015,2025-07-18,2025-07-22,1,0.2,Mobile App
ORD04949,CUST324,PROD020,2025-07-18,2025-07-19,1,0.15,Online
ORD04950,CUST004,PROD018,2025-07-18,2025-07-21,1,0.15,Retail Store
ORD04951,CUST157,PROD018,2025-07-18,2025-07-20,2,0.15,Mobile App
ORD04952,CUST359,PROD017,2025-07-18,2025-07-24,2,0.0,Retail Store
ORD04953,CUST207,PROD012,2025-07-18,2025-07-22,1,0.0,Retail Store
ORD04954,CUST152,PROD001,2025-07-18,2025-07-20,1,0.0,Retail Store
ORD04955,CUST287,PROD003,2025-07-18,2025-07-21,1,0.0,Online
ORD04956,CUST356,PROD017,2025-07-19,2025-07-21,2,0.15,Online
ORD04957,CUST265,PROD006,2025-07-19,2025-07-21,1,0.05,Mobile App
ORD04958,CUST389,PROD011,2025-07-19,2025-07-20,1,0.1,Online
ORD04959,CUST293,PROD009,2025-07-19,2025-07-22,2,0.0,Online
ORD04960,CUST308,PROD013,2025-07-19,2025-07-24,3,0.2,Online
ORD04961,CUST313,PROD009,2025-07-19,2025-07-22,2,0.0,Retail Store
ORD04962,CUST242,PROD008,2025-07-19,2025-07-22,1,0.2,Online
ORD04963,CUST350,PROD001,2025-07-19,2025-07-23,1,0.2,Mobile App
ORD04964,CUST312,PROD009,2025-07-19,2025-07-22,1,0.0,Retail Store
ORD04965,CUST469,PROD008,2025-07-19,2025-07-22,2,0.05,Mobile App
ORD04966,CUST027,PROD011,2025-07-19,2025-07-23,1,0.0,Retail Store
ORD04967,CUST364,PROD015,2025-07-20,2025-07-22,3,0.0,Online
ORD04968,CUST378,PROD004,2025-07-20,2025-07-25,1,0.0,Online
ORD04969,CUST135,PROD004,2025-07-20,2025-07-23,1,0.2,Online
ORD04970,CUST422,PROD009,2025-07-20,2025-07-25,1,0.1,Online
ORD04971,CUST032,PROD008,2025-07-20,2025-07-23,3,0.15,Online
ORD04972,CUST414,PROD004,2025-07-20,2025-07-24,4,0.15,Mobile App
ORD04973,CUST232,PROD014,2025-07-20,2025-07-21,4,0.1,Online
ORD04974,CUST001,PROD012,2025-07-20,2025-07-26,1,0.05,Retail Store
ORD04975,CUST121,PROD003,2025-07-20,2025-07-24,1,0.15,Online
ORD04976,CUST477,PROD002,2025-07-20,2025-07-26,2,0.05,Online
ORD04977,CUST100,PROD012,2025-07-20,2025-07-23,1,0.1,Mobile App
ORD04978,CUST416,PROD013,2025-07-20,2025-07-24,2,0.0,Retail Store
ORD04979,CUST296,PROD011,2025-07-20,2025-07-21,1,0.15,Mobile App
ORD04980,CUST309,PROD003,2025-07-20,2025-07-26,1,0.15,Mobile App
ORD04981,CUST365,PROD011,2025-07-21,2025-07-24,1,0.1,Retail Store
ORD04982,CUST186,PROD001,2025-07-21,2025-07-22,1,0.15,Online
ORD04983,CUST349,PROD015,2025-07-21,2025-07-27,2,0.1,Retail Store
ORD04984,CUST403,PROD017,2025-07-21,2025-07-22,1,0.05,Online
ORD04985,CUST225,PROD014,2025-07-21,2025-07-23,3,0.05,Mobile App
ORD04986,CUST190,PROD018,2025-07-22,2025-07-26,1,0.0,Retail Store
ORD04987,CUST173,PROD005,2025-07-22,2025-07-25,1,0.0,Mobile App
ORD04988,CUST055,PROD005,2025-07-22,2025-07-24,2,0.0,Online
ORD04989,CUST494,PROD001,2025-07-22,2025-07-26,4,0.0,Retail Store
ORD04990,CUST276,PROD014,2025-07-22,2025-07-26,1,0.2,Mobile App
ORD04991,CUST257,PROD015,2025-07-22,2025-07-23,1,0.0,Online
ORD04992,CUST325,PROD014,2025-07-22,2025-07-28,1,0.0,Mobile App
ORD04993,CUST367,PROD013,2025-07-22,2025-07-25,2,0.0,Mobile App
ORD04994,CUST321,PROD013,2025-07-22,2025-07-24,1,0.2,Mobile App
ORD04995,CUST248,PROD017,2025-07-22,2025-07-28,4,0.0,Online
ORD04996,CUST089,PROD014,2025-07-23,2025-07-29,2,0.2,Mobile App
ORD04997,CUST327,PROD019,2025-07-23,2025-07-25,1,0.05,Mobile App
ORD04998,CUST387,PROD019,2025-07-23,2025-07-28,1,0.2,Retail Store
ORD04999,CUST051,PROD007,2025-07-23,2025-07-27,1,0.0,Mobile App
ORD05000,CUST004,PROD007,2025-07-23,2025-07-28,1,0.2,Retail Store
ORD05001,CUST045,PROD013,2025-07-23,2025-07-27,1,0.2,Mobile App
ORD05002,CUST100,PROD003,2025-07-23,2025-07-27,1,0.15,Retail Store
ORD05003,CUST434,PROD006,2025-07-24,2025-07-28,1,0.2,Online
ORD05004,CUST165,PROD010,2025-07-24,2025-07-25,1,0.0,Online
ORD05005,CUST489,PROD002,2025-07-24,2025-07-29,1,0.15,Mobile App
ORD05006,CUST280,PROD009,2025-07-24,2025-07-29,2,0.15,Online
ORD05007,CUST474,PROD008,2025-07-24,2025-07-28,2,0.1,Online
ORD05008,CUST496,PROD014,2025-07-24,2025-07-29,1,0.0,Mobile App
ORD05009,CUST365,PROD019,2025-07-24,2025-07-26,1,0.0,Online
ORD05010,CUST043,PROD012,2025-07-25,2025-07-27,2,0.15,Online
ORD05011,CUST242,PROD006,2025-07-25,2025-07-30,2,0.2,Mobile App
ORD05012,CUST002,PROD007,2025-07-25,2025-07-28,1,0.05,Online
ORD05013,CUST302,PROD019,2025-07-25,2025-07-29,1,0.0,Retail Store
ORD05014,CUST011,PROD001,2025-07-25,2025-07-31,2,0.0,Online
ORD05015,CUST309,PROD002,2025-07-25,2025-07-30,1,0.1,Retail Store
ORD05016,CUST495,PROD020,2025-07-25,2025-07-29,4,0.0,Retail Store
ORD05017,CUST035,PROD016,2025-07-25,2025-07-30,1,0.0,Online
ORD05018,CUST433,PROD010,2025-07-25,2025-07-31,3,0.1,Mobile App
ORD05019,CUST109,PROD009,2025-07-26,2025-08-01,1,0.1,Mobile App
ORD05020,CUST053,PROD002,2025-07-26,2025-07-27,1,0.05,Mobile App
ORD05021,CUST194,PROD018,2025-07-26,2025-07-28,1,0.0,Retail Store
ORD05022,CUST383,PROD006,2025-07-26,2025-07-29,3,0.0,Retail Store
ORD05023,CUST188,PROD012,2025-07-26,2025-08-01,1,0.2,Online
ORD05024,CUST255,PROD009,2025-07-26,2025-07-29,2,0.2,Retail Store
ORD05025,CUST113,PROD017,2025-07-26,2025-07-30,1,0.1,Mobile App
ORD05026,CUST428,PROD014,2025-07-26,2025-08-01,1,0.0,Retail Store
ORD05027,CUST489,PROD014,2025-07-26,2025-07-30,2,0.0,Online
ORD05028,CUST237,PROD001,2025-07-26,2025-07-27,4,0.05,Online
ORD05029,CUST071,PROD011,2025-07-26,2025-07-29,1,0.0,Retail Store
ORD05030,CUST362,PROD015,2025-07-26,2025-07-29,1,0.05,Online
ORD05031,CUST378,PROD012,2025-07-26,2025-07-31,1,0.05,Retail Store
ORD05032,CUST247,PROD016,2025-07-26,2025-07-28,1,0.0,Online
ORD05033,CUST308,PROD001,2025-07-26,2025-08-01,1,0.2,Retail Store
ORD05034,CUST319,PROD009,2025-07-26,2025-07-31,1,0.1,Retail Store
ORD05035,CUST167,PROD018,2025-07-27,2025-08-02,1,0.0,Retail Store
ORD05036,CUST491,PROD020,2025-07-27,2025-08-01,1,0.1,Mobile App
ORD05037,CUST269,PROD016,2025-07-27,2025-07-31,2,0.0,Retail Store
ORD05038,CUST171,PROD012,2025-07-27,2025-08-02,1,0.15,Online
ORD05039,CUST079,PROD012,2025-07-27,2025-08-02,3,0.1,Online
ORD05040,CUST484,PROD003,2025-07-27,2025-08-01,2,0.1,Mobile App
ORD05041,CUST374,PROD008,2025-07-27,2025-07-29,4,0.1,Mobile App
ORD05042,CUST284,PROD011,2025-07-28,2025-07-29,1,0.2,Mobile App
ORD05043,CUST266,PROD007,2025-07-28,2025-07-31,4,0.05,Retail Store
ORD05044,CUST054,PROD016,2025-07-28,2025-08-02,2,0.05,Retail Store
ORD05045,CUST404,PROD008,2025-07-28,2025-07-30,1,0.0,Mobile App
ORD05046,CUST395,PROD020,2025-07-28,2025-07-30,2,0.15,Mobile App
ORD05047,CUST474,PROD013,2025-07-28,2025-08-03,1,0.1,Retail Store
ORD05048,CUST257,PROD015,2025-07-28,2025-08-03,1,0.0,Retail Store
ORD05049,CUST305,PROD017,2025-07-28,2025-07-29,1,0.05,Mobile App
ORD05050,CUST226,PROD005,2025-07-28,2025-07-30,1,0.0,Retail Store
ORD05051,CUST262,PROD012,2025-07-28,2025-08-03,1,0.0,Mobile App
ORD05052,CUST089,PROD011,2025-07-28,2025-08-01,1,0.2,Mobile App
ORD05053,CUST456,PROD017,2025-07-29,2025-07-31,2,0.05,Mobile App
ORD05054,CUST294,PROD007,2025-07-29,2025-07-30,1,0.0,Retail Store
ORD05055,CUST100,PROD013,2025-07-29,2025-08-03,2,0.05,Retail Store
ORD05056,CUST117,PROD004,2025-07-29,2025-07-31,1,0.0,Mobile App
ORD05057,CUST102,PROD010,2025-07-29,2025-08-04,3,0.15,Mobile App
ORD05058,CUST143,PROD002,2025-07-29,2025-08-04,2,0.2,Online
ORD05059,CUST054,PROD001,2025-07-30,2025-08-04,2,0.2,Retail Store
ORD05060,CUST212,PROD002,2025-07-30,2025-08-01,2,0.0,Mobile App
ORD05061,CUST319,PROD009,2025-07-30,2025-08-05,2,0.05,Mobile App
ORD05062,CUST063,PROD011,2025-07-30,2025-07-31,1,0.15,Online
ORD05063,CUST467,PROD017,2025-07-30,2025-08-04,2,0.1,Mobile App
ORD05064,CUST077,PROD002,2025-07-31,2025-08-04,1,0.0,Retail Store
ORD05065,CUST187,PROD004,2025-07-31,2025-08-02,1,0.1,Online
ORD05066,CUST014,PROD012,2025-07-31,2025-08-06,2,0.15,Online
ORD05067,CUST448,PROD019,2025-07-31,2025-08-05,1,0.0,Online
ORD05068,CUST391,PROD002,2025-07-31,2025-08-05,1,0.15,Mobile App
ORD05069,CUST480,PROD012,2025-07-31,2025-08-03,2,0.2,Mobile App
ORD05070,CUST103,PROD010,2025-07-31,2025-08-03,2,0.0,Mobile App
ORD05071,CUST224,PROD015,2025-07-31,2025-08-03,2,0.0,Retail Store
ORD05072,CUST098,PROD002,2025-07-31,2025-08-04,1,0.1,Retail Store
ORD05073,CUST292,PROD018,2025-08-01,2025-08-07,1,0.0,Retail Store
ORD05074,CUST286,PROD003,2025-08-01,2025-08-02,1,0.05,Mobile App
ORD05075,CUST434,PROD018,2025-08-01,2025-08-05,1,0.1,Mobile App
ORD05076,CUST341,PROD004,2025-08-01,2025-08-03,1,0.0,Online
ORD05077,CUST404,PROD007,2025-08-01,2025-08-07,1,0.0,Online
ORD05078,CUST260,PROD012,2025-08-01,2025-08-06,2,0.2,Mobile App
ORD05079,CUST352,PROD012,2025-08-02,2025-08-03,1,0.2,Online
ORD05080,CUST414,PROD011,2025-08-02,2025-08-07,1,0.0,Mobile App
ORD05081,CUST260,PROD019,2025-08-02,2025-08-04,1,0.0,Retail Store
ORD05082,CUST468,PROD011,2025-08-02,2025-08-08,3,0.0,Online
ORD05083,CUST417,PROD013,2025-08-02,2025-08-03,2,0.05,Online
ORD05084,CUST413,PROD019,2025-08-02,2025-08-08,3,0.15,Retail Store
ORD05085,CUST396,PROD017,2025-08-02,2025-08-07,3,0.15,Mobile App
ORD05086,CUST370,PROD004,2025-08-02,2025-08-06,1,0.2,Mobile App
ORD05087,CUST037,PROD003,2025-08-02,2025-08-08,1,0.05,Mobile App
ORD05088,CUST277,PROD016,2025-08-02,2025-08-07,2,0.0,Retail Store
ORD05089,CUST331,PROD011,2025-08-02,2025-08-03,3,0.0,Online
ORD05090,CUST087,PROD015,2025-08-02,2025-08-08,2,0.05,Retail Store
ORD05091,CUST236,PROD004,2025-08-03,2025-08-04,1,0.2,Mobile App
ORD05092,CUST491,PROD005,2025-08-03,2025-08-09,4,0.0,Online
ORD05093,CUST321,PROD008,2025-08-03,2025-08-06,1,0.0,Mobile App
ORD05094,CUST389,PROD007,2025-08-03,2025-08-04,2,0.05,Online
ORD05095,CUST441,PROD011,2025-08-03,2025-08-05,2,0.2,Mobile App
ORD05096,CUST357,PROD007,2025-08-03,2025-08-05,1,0.0,Online
ORD05097,CUST401,PROD002,2025-08-03,2025-08-05,3,0.0,Mobile App
ORD05098,CUST121,PROD008,2025-08-04,2025-08-05,1,0.0,Retail Store
ORD05099,CUST413,PROD010,2025-08-04,2025-08-07,2,0.0,Retail Store
ORD05100,CUST484,PROD010,2025-08-04,2025-08-08,3,0.1,Mobile App
ORD05101,CUST337,PROD014,2025-08-04,2025-08-09,3,0.0,Online
ORD05102,CUST198,PROD020,2025-08-04,2025-08-09,1,0.1,Retail Store
ORD05103,CUST212,PROD018,2025-08-04,2025-08-05,4,0.0,Retail Store
ORD05104,CUST370,PROD002,2025-08-04,2025-08-07,1,0.0,Mobile App
ORD05105,CUST219,PROD018,2025-08-04,2025-08-07,4,0.0,Online
ORD05106,CUST294,PROD008,2025-08-04,2025-08-05,2,0.05,Online
ORD05107,CUST039,PROD019,2025-08-04,2025-08-05,1,0.0,Online
ORD05108,CUST055,PROD015,2025-08-04,2025-08-09,4,0.05,Mobile App
ORD05109,CUST426,PROD012,2025-08-04,2025-08-05,2,0.0,Retail Store
ORD05110,CUST417,PROD003,2025-08-04,2025-08-06,3,0.05,Retail Store
ORD05111,CUST041,PROD015,2025-08-04,2025-08-06,1,0.2,Retail Store
ORD05112,CUST352,PROD015,2025-08-05,2025-08-06,1,0.0,Online
ORD05113,CUST296,PROD003,2025-08-05,2025-08-09,4,0.1,Online
ORD05114,CUST421,PROD017,2025-08-05,2025-08-09,1,0.0,Mobile App
ORD05115,CUST115,PROD015,2025-08-05,2025-08-10,2,0.0,Mobile App
ORD05116,CUST293,PROD013,2025-08-05,2025-08-07,2,0.15,Mobile App
ORD05117,CUST326,PROD008,2025-08-06,2025-08-07,1,0.05,Retail Store
ORD05118,CUST074,PROD008,2025-08-06,2025-08-09,1,0.2,Online
ORD05119,CUST430,PROD014,2025-08-06,2025-08-08,2,0.0,Mobile App
ORD05120,CUST249,PROD016,2025-08-07,2025-08-10,1,0.2,Online
ORD05121,CUST276,PROD001,2025-08-07,2025-08-11,2,0.0,Mobile App
ORD05122,CUST018,PROD017,2025-08-07,2025-08-12,2,0.15,Retail Store
ORD05123,CUST330,PROD002,2025-08-07,2025-08-10,2,0.2,Mobile App
ORD05124,CUST496,PROD017,2025-08-07,2025-08-11,3,0.0,Online
ORD05125,CUST044,PROD020,2025-08-07,2025-08-13,1,0.0,Online
ORD05126,CUST105,PROD010,2025-08-07,2025-08-11,2,0.1,Online
ORD05127,CUST265,PROD017,2025-08-08,2025-08-13,4,0.0,Mobile App
ORD05128,CUST336,PROD016,2025-08-08,2025-08-13,1,0.0,Mobile App
ORD05129,CUST378,PROD002,2025-08-08,2025-08-09,2,0.05,Retail Store
ORD05130,CUST434,PROD018,2025-08-08,2025-08-12,1,0.05,Mobile App
ORD05131,CUST201,PROD017,2025-08-08,2025-08-10,1,0.0,Mobile App
ORD05132,CUST327,PROD003,2025-08-08,2025-08-09,2,0.0,Retail Store
ORD05133,CUST270,PROD015,2025-08-08,2025-08-09,1,0.0,Mobile App
ORD05134,CUST038,PROD007,2025-08-08,2025-08-10,2,0.05,Retail Store
ORD05135,CUST022,PROD001,2025-08-09,2025-08-14,1,0.1,Online
ORD05136,CUST214,PROD016,2025-08-09,2025-08-12,1,0.0,Mobile App
ORD05137,CUST332,PROD010,2025-08-09,2025-08-11,2,0.05,Retail Store
ORD05138,CUST216,PROD020,2025-08-09,2025-08-13,3,0.15,Mobile App
ORD05139,CUST261,PROD001,2025-08-09,2025-08-12,1,0.15,Online
ORD05140,CUST200,PROD011,2025-08-09,2025-08-10,2,0.0,Retail Store
ORD05141,CUST060,PROD012,2025-08-09,2025-08-14,1,0.1,Mobile App
ORD05142,CUST213,PROD001,2025-08-09,2025-08-15,1,0.0,Mobile App
ORD05143,CUST230,PROD010,2025-08-09,2025-08-15,1,0.0,Online
ORD05144,CUST262,PROD004,2025-08-09,2025-08-10,1,0.1,Mobile App
ORD05145,CUST318,PROD002,2025-08-09,2025-08-15,2,0.2,Retail Store
ORD05146,CUST148,PROD019,2025-08-10,2025-08-12,1,0.2,Online
ORD05147,CUST324,PROD009,2025-08-10,2025-08-11,1,0.15,Retail Store
ORD05148,CUST033,PROD015,2025-08-10,2025-08-15,1,0.0,Retail Store
ORD05149,CUST045,PROD017,2025-08-10,2025-08-13,1,0.0,Retail Store
ORD05150,CUST182,PROD007,2025-08-10,2025-08-13,1,0.15,Retail Store
ORD05151,CUST219,PROD002,2025-08-10,2025-08-11,2,0.0,Retail Store
ORD05152,CUST468,PROD020,2025-08-10,2025-08-14,4,0.0,Mobile App
ORD05153,CUST375,PROD009,2025-08-10,2025-08-12,1,0.0,Mobile App
ORD05154,CUST082,PROD020,2025-08-11,2025-08-14,1,0.1,Retail Store
ORD05155,CUST089,PROD005,2025-08-11,2025-08-15,2,0.0,Mobile App
ORD05156,CUST339,PROD005,2025-08-11,2025-08-12,4,0.15,Retail Store
ORD05157,CUST055,PROD004,2025-08-11,2025-08-17,1,0.1,Retail Store
ORD05158,CUST456,PROD006,2025-08-11,2025-08-15,1,0.0,Online
ORD05159,CUST011,PROD001,2025-08-11,2025-08-17,1,0.0,Retail Store
ORD05160,CUST414,PROD007,2025-08-11,2025-08-12,4,0.2,Retail Store
ORD05161,CUST439,PROD020,2025-08-11,2025-08-16,3,0.15,Mobile App
ORD05162,CUST179,PROD001,2025-08-11,2025-08-17,2,0.05,Retail Store
ORD05163,CUST477,PROD013,2025-08-11,2025-08-12,1,0.05,Retail Store
ORD05164,CUST344,PROD009,2025-08-11,2025-08-14,1,0.0,Mobile App
ORD05165,CUST286,PROD003,2025-08-11,2025-08-13,3,0.05,Mobile App
ORD05166,CUST455,PROD014,2025-08-12,2025-08-17,1,0.0,Mobile App
ORD05167,CUST236,PROD015,2025-08-12,2025-08-13,2,0.0,Retail Store
ORD05168,CUST074,PROD018,2025-08-12,2025-08-14,2,0.15,Online
ORD05169,CUST207,PROD020,2025-08-12,2025-08-13,1,0.0,Retail Store
ORD05170,CUST171,PROD008,2025-08-12,2025-08-17,1,0.0,Mobile App
ORD05171,CUST228,PROD020,2025-08-12,2025-08-13,1,0.1,Online
ORD05172,CUST029,PROD008,2025-08-12,2025-08-16,1,0.2,Online
ORD05173,CUST398,PROD008,2025-08-12,2025-08-16,1,0.0,Online
ORD05174,CUST428,PROD005,2025-08-12,2025-08-18,2,0.0,Retail Store
ORD05175,CUST386,PROD020,2025-08-12,2025-08-17,1,0.05,Mobile App
ORD05176,CUST094,PROD001,2025-08-12,2025-08-13,1,0.0,Online
ORD05177,CUST102,PROD019,2025-08-12,2025-08-18,2,0.0,Mobile App
ORD05178,CUST489,PROD004,2025-08-12,2025-08-13,1,0.2,Online
ORD05179,CUST086,PROD014,2025-08-13,2025-08-18,1,0.0,Mobile App
ORD05180,CUST425,PROD019,2025-08-13,2025-08-19,1,0.0,Online
ORD05181,CUST490,PROD009,2025-08-13,2025-08-18,1,0.2,Retail Store
ORD05182,CUST302,PROD008,2025-08-13,2025-08-14,3,0.05,Retail Store
ORD05183,CUST164,PROD017,2025-08-13,2025-08-15,1,0.15,Online
ORD05184,CUST369,PROD014,2025-08-13,2025-08-18,1,0.0,Retail Store
ORD05185,CUST025,PROD004,2025-08-13,2025-08-15,2,0.0,Mobile App
ORD05186,CUST366,PROD008,2025-08-13,2025-08-18,2,0.1,Online
ORD05187,CUST464,PROD006,2025-08-14,2025-08-19,3,0.0,Mobile App
ORD05188,CUST310,PROD016,2025-08-14,2025-08-19,1,0.0,Retail Store
ORD05189,CUST134,PROD009,2025-08-14,2025-08-18,2,0.15,Online
ORD05190,CUST206,PROD006,2025-08-14,2025-08-20,3,0.0,Mobile App
ORD05191,CUST192,PROD005,2025-08-14,2025-08-16,1,0.15,Online
ORD05192,CUST102,PROD016,2025-08-14,2025-08-16,1,0.2,Retail Store
ORD05193,CUST233,PROD017,2025-08-14,2025-08-19,2,0.0,Mobile App
ORD05194,CUST415,PROD003,2025-08-14,2025-08-15,2,0.1,Online
ORD05195,CUST225,PROD018,2025-08-14,2025-08-18,2,0.0,Retail Store
ORD05196,CUST243,PROD007,2025-08-14,2025-08-18,2,0.0,Retail Store
ORD05197,CUST238,PROD013,2025-08-15,2025-08-21,3,0.05,Retail Store
ORD05198,CUST321,PROD015,2025-08-15,2025-08-16,1,0.0,Online
ORD05199,CUST387,PROD007,2025-08-15,2025-08-16,1,0.0,Retail Store
ORD05200,CUST169,PROD009,2025-08-15,2025-08-16,2,0.0,Mobile App
ORD05201,CUST055,PROD004,2025-08-15,2025-08-21,2,0.2,Retail Store
ORD05202,CUST022,PROD014,2025-08-15,2025-08-16,1,0.0,Online
ORD05203,CUST340,PROD006,2025-08-15,2025-08-16,2,0.0,Online
ORD05204,CUST309,PROD012,2025-08-15,2025-08-17,1,0.0,Retail Store
ORD05205,CUST382,PROD007,2025-08-15,2025-08-16,1,0.0,Retail Store
ORD05206,CUST057,PROD012,2025-08-15,2025-08-17,2,0.2,Retail Store
ORD05207,CUST267,PROD009,2025-08-15,2025-08-20,1,0.1,Retail Store
ORD05208,CUST428,PROD009,2025-08-15,2025-08-20,1,0.05,Retail Store
ORD05209,CUST310,PROD008,2025-08-15,2025-08-19,3,0.05,Retail Store
ORD05210,CUST168,PROD014,2025-08-16,2025-08-18,3,0.1,Online
ORD05211,CUST228,PROD019,2025-08-16,2025-08-19,1,0.15,Retail Store
ORD05212,CUST014,PROD003,2025-08-16,2025-08-22,1,0.0,Mobile App
ORD05213,CUST266,PROD017,2025-08-16,2025-08-21,2,0.05,Mobile App
ORD05214,CUST473,PROD004,2025-08-16,2025-08-19,1,0.15,Mobile App
ORD05215,CUST429,PROD003,2025-08-16,2025-08-17,2,0.0,Retail Store
ORD05216,CUST441,PROD011,2025-08-16,2025-08-17,1,0.05,Mobile App
ORD05217,CUST098,PROD002,2025-08-16,2025-08-21,2,0.2,Retail Store
ORD05218,CUST353,PROD011,2025-08-16,2025-08-18,2,0.05,Mobile App
ORD05219,CUST176,PROD017,2025-08-16,2025-08-17,1,0.15,Mobile App
ORD05220,CUST487,PROD010,2025-08-16,2025-08-18,1,0.05,Online
ORD05221,CUST153,PROD005,2025-08-16,2025-08-21,1,0.0,Retail Store
ORD05222,CUST284,PROD019,2025-08-16,2025-08-22,1,0.0,Online
ORD05223,CUST260,PROD015,2025-08-16,2025-08-19,1,0.15,Online
ORD05224,CUST191,PROD013,2025-08-17,2025-08-19,1,0.1,Online
ORD05225,CUST200,PROD001,2025-08-17,2025-08-20,1,0.15,Retail Store
ORD05226,CUST066,PROD004,2025-08-17,2025-08-19,3,0.1,Mobile App
ORD05227,CUST108,PROD013,2025-08-17,2025-08-18,1,0.1,Mobile App
ORD05228,CUST399,PROD010,2025-08-17,2025-08-21,1,0.1,Online
ORD05229,CUST385,PROD011,2025-08-17,2025-08-18,2,0.0,Mobile App
ORD05230,CUST234,PROD008,2025-08-17,2025-08-23,2,0.15,Online
ORD05231,CUST166,PROD019,2025-08-17,2025-08-20,1,0.2,Mobile App
ORD05232,CUST345,PROD014,2025-08-17,2025-08-21,1,0.0,Online
ORD05233,CUST386,PROD008,2025-08-17,2025-08-22,1,0.0,Online
ORD05234,CUST197,PROD003,2025-08-17,2025-08-23,1,0.1,Retail Store
ORD05235,CUST424,PROD002,2025-08-17,2025-08-20,1,0.0,Online
ORD05236,CUST058,PROD007,2025-08-18,2025-08-21,3,0.15,Retail Store
ORD05237,CUST232,PROD013,2025-08-18,2025-08-20,2,0.0,Mobile App
ORD05238,CUST307,PROD012,2025-08-18,2025-08-22,1,0.2,Mobile App
ORD05239,CUST099,PROD019,2025-08-18,2025-08-20,2,0.1,Retail Store
ORD05240,CUST384,PROD011,2025-08-18,2025-08-22,1,0.2,Mobile App
ORD05241,CUST459,PROD015,2025-08-18,2025-08-21,1,0.2,Online
ORD05242,CUST168,PROD017,2025-08-19,2025-08-21,2,0.0,Mobile App
ORD05243,CUST441,PROD006,2025-08-19,2025-08-25,4,0.0,Online
ORD05244,CUST315,PROD015,2025-08-19,2025-08-22,1,0.1,Mobile App
ORD05245,CUST476,PROD019,2025-08-19,2025-08-25,1,0.05,Retail Store
ORD05246,CUST098,PROD011,2025-08-19,2025-08-22,2,0.2,Mobile App
ORD05247,CUST296,PROD007,2025-08-19,2025-08-20,1,0.0,Mobile App
ORD05248,CUST054,PROD003,2025-08-19,2025-08-25,1,0.2,Mobile App
ORD05249,CUST052,PROD002,2025-08-19,2025-08-20,4,0.1,Online
ORD05250,CUST107,PROD008,2025-08-19,2025-08-23,1,0.15,Online
ORD05251,CUST358,PROD004,2025-08-19,2025-08-23,3,0.0,Retail Store
ORD05252,CUST393,PROD008,2025-08-20,2025-08-22,1,0.15,Retail Store
ORD05253,CUST276,PROD008,2025-08-20,2025-08-24,2,0.0,Mobile App
ORD05254,CUST481,PROD015,2025-08-20,2025-08-21,1,0.05,Online
ORD05255,CUST089,PROD009,2025-08-20,2025-08-25,1,0.0,Mobile App
ORD05256,CUST486,PROD019,2025-08-20,2025-08-24,1,0.0,Mobile App
ORD05257,CUST466,PROD011,2025-08-20,2025-08-24,1,0.15,Online
ORD05258,CUST288,PROD019,2025-08-20,2025-08-23,1,0.1,Mobile App
ORD05259,CUST447,PROD009,2025-08-21,2025-08-25,2,0.05,Retail Store
ORD05260,CUST462,PROD003,2025-08-21,2025-08-24,1,0.1,Mobile App
ORD05261,CUST133,PROD008,2025-08-21,2025-08-27,2,0.1,Mobile App
ORD05262,CUST177,PROD019,2025-08-21,2025-08-24,2,0.15,Mobile App
ORD05263,CUST169,PROD002,2025-08-22,2025-08-24,2,0.0,Mobile App
ORD05264,CUST180,PROD007,2025-08-22,2025-08-27,1,0.0,Retail Store
ORD05265,CUST238,PROD018,2025-08-22,2025-08-23,2,0.0,Online
ORD05266,CUST101,PROD014,2025-08-22,2025-08-23,1,0.0,Mobile App
ORD05267,CUST387,PROD016,2025-08-22,2025-08-25,1,0.1,Online
ORD05268,CUST176,PROD001,2025-08-22,2025-08-24,1,0.15,Online
ORD05269,CUST182,PROD009,2025-08-22,2025-08-23,2,0.0,Online
ORD05270,CUST349,PROD020,2025-08-23,2025-08-28,2,0.0,Online
ORD05271,CUST100,PROD001,2025-08-23,2025-08-26,1,0.0,Mobile App
ORD05272,CUST460,PROD006,2025-08-23,2025-08-29,3,0.1,Online
ORD05273,CUST044,PROD019,2025-08-23,2025-08-26,3,0.0,Online
ORD05274,CUST176,PROD001,2025-08-23,2025-08-25,2,0.05,Online
ORD05275,CUST146,PROD006,2025-08-23,2025-08-25,1,0.0,Online
ORD05276,CUST203,PROD013,2025-08-23,2025-08-25,1,0.15,Retail Store
ORD05277,CUST021,PROD012,2025-08-23,2025-08-25,2,0.15,Retail Store
ORD05278,CUST454,PROD013,2025-08-23,2025-08-26,2,0.2,Retail Store
ORD05279,CUST416,PROD001,2025-08-23,2025-08-24,1,0.05,Online
ORD05280,CUST224,PROD003,2025-08-23,2025-08-29,3,0.0,Retail Store
ORD05281,CUST191,PROD008,2025-08-23,2025-08-29,3,0.0,Online
ORD05282,CUST009,PROD007,2025-08-24,2025-08-26,2,0.15,Mobile App
ORD05283,CUST268,PROD007,2025-08-24,2025-08-30,2,0.15,Mobile App
ORD05284,CUST007,PROD016,2025-08-24,2025-08-29,1,0.15,Retail Store
ORD05285,CUST028,PROD012,2025-08-24,2025-08-25,2,0.0,Retail Store
ORD05286,CUST142,PROD018,2025-08-24,2025-08-25,4,0.0,Mobile App
ORD05287,CUST320,PROD018,2025-08-24,2025-08-25,1,0.0,Retail Store
ORD05288,CUST181,PROD004,2025-08-24,2025-08-29,2,0.15,Mobile App
ORD05289,CUST194,PROD012,2025-08-24,2025-08-30,3,0.0,Retail Store
ORD05290,CUST464,PROD010,2025-08-24,2025-08-25,1,0.05,Mobile App
ORD05291,CUST077,PROD008,2025-08-24,2025-08-27,2,0.0,Retail Store
ORD05292,CUST038,PROD016,2025-08-25,2025-08-27,4,0.05,Mobile App
ORD05293,CUST349,PROD007,2025-08-25,2025-08-29,1,0.0,Retail Store
ORD05294,CUST357,PROD016,2025-08-25,2025-08-26,4,0.05,Retail Store
ORD05295,CUST414,PROD014,2025-08-25,2025-08-26,1,0.0,Retail Store
ORD05296,CUST415,PROD013,2025-08-25,2025-08-26,4,0.0,Online
ORD05297,CUST026,PROD015,2025-08-25,2025-08-29,2,0.0,Mobile App
ORD05298,CUST236,PROD010,2025-08-25,2025-08-28,1,0.0,Online
ORD05299,CUST168,PROD011,2025-08-25,2025-08-28,4,0.2,Retail Store
ORD05300,CUST329,PROD003,2025-08-26,2025-08-31,2,0.2,Mobile App
ORD05301,CUST237,PROD016,2025-08-26,2025-08-28,2,0.15,Retail Store
ORD05302,CUST400,PROD005,2025-08-26,2025-08-31,1,0.1,Retail Store
ORD05303,CUST370,PROD002,2025-08-26,2025-08-27,1,0.1,Retail Store
ORD05304,CUST337,PROD020,2025-08-26,2025-08-31,4,0.05,Online
ORD05305,CUST158,PROD003,2025-08-26,2025-09-01,2,0.0,Mobile App
ORD05306,CUST395,PROD013,2025-08-27,2025-08-28,1,0.0,Retail Store
ORD05307,CUST267,PROD020,2025-08-27,2025-08-29,1,0.0,Retail Store
ORD05308,CUST469,PROD012,2025-08-27,2025-08-30,1,0.0,Retail Store
ORD05309,CUST054,PROD014,2025-08-27,2025-08-31,2,0.15,Mobile App
ORD05310,CUST036,PROD005,2025-08-27,2025-08-30,3,0.0,Online
ORD05311,CUST382,PROD008,2025-08-27,2025-08-30,3,0.0,Online
ORD05312,CUST350,PROD006,2025-08-27,2025-09-01,1,0.0,Mobile App
ORD05313,CUST305,PROD017,2025-08-27,2025-09-01,1,0.05,Retail Store
ORD05314,CUST222,PROD019,2025-08-27,2025-08-28,2,0.0,Online
ORD05315,CUST322,PROD013,2025-08-28,2025-09-03,2,0.2,Retail Store
ORD05316,CUST468,PROD020,2025-08-28,2025-08-29,1,0.05,Mobile App
ORD05317,CUST309,PROD003,2025-08-28,2025-09-03,3,0.15,Retail Store
ORD05318,CUST037,PROD020,2025-08-28,2025-09-02,1,0.1,Online
ORD05319,CUST149,PROD005,2025-08-28,2025-08-29,1,0.0,Mobile App
ORD05320,CUST032,PROD018,2025-08-28,2025-09-03,3,0.15,Retail Store
ORD05321,CUST167,PROD007,2025-08-28,2025-08-30,3,0.0,Online
ORD05322,CUST464,PROD011,2025-08-28,2025-08-29,1,0.1,Online
ORD05323,CUST403,PROD016,2025-08-28,2025-08-31,1,0.15,Mobile App
ORD05324,CUST085,PROD017,2025-08-29,2025-08-31,3,0.0,Mobile App
ORD05325,CUST384,PROD017,2025-08-29,2025-09-04,1,0.05,Mobile App
ORD05326,CUST015,PROD018,2025-08-29,2025-09-01,1,0.2,Mobile App
ORD05327,CUST207,PROD004,2025-08-29,2025-09-03,1,0.0,Online
ORD05328,CUST121,PROD010,2025-08-29,2025-08-30,3,0.0,Mobile App
ORD05329,CUST365,PROD016,2025-08-29,2025-09-01,1,0.05,Retail Store
ORD05330,CUST204,PROD007,2025-08-29,2025-09-01,2,0.05,Mobile App
ORD05331,CUST471,PROD006,2025-08-29,2025-09-02,1,0.2,Retail Store
ORD05332,CUST306,PROD019,2025-08-29,2025-09-01,1,0.15,Retail Store
ORD05333,CUST091,PROD008,2025-08-29,2025-09-01,2,0.15,Mobile App
ORD05334,CUST158,PROD009,2025-08-29,2025-08-30,2,0.0,Retail Store
ORD05335,CUST290,PROD013,2025-08-30,2025-09-04,3,0.0,Online
ORD05336,CUST443,PROD018,2025-08-30,2025-09-02,1,0.0,Mobile App
ORD05337,CUST352,PROD004,2025-08-30,2025-09-01,1,0.0,Online
ORD05338,CUST240,PROD014,2025-08-30,2025-09-04,1,0.2,Mobile App
ORD05339,CUST384,PROD019,2025-08-30,2025-09-01,1,0.0,Online
ORD05340,CUST392,PROD002,2025-08-30,2025-09-01,1,0.0,Mobile App
ORD05341,CUST143,PROD019,2025-08-30,2025-09-02,2,0.2,Retail Store
ORD05342,CUST432,PROD010,2025-08-30,2025-09-02,1,0.1,Retail Store
ORD05343,CUST056,PROD009,2025-08-30,2025-09-02,2,0.1,Online
ORD05344,CUST219,PROD019,2025-08-30,2025-09-01,2,0.15,Online
ORD05345,CUST305,PROD003,2025-08-30,2025-09-01,3,0.0,Retail Store
ORD05346,CUST333,PROD011,2025-08-30,2025-09-03,4,0.15,Retail Store
ORD05347,CUST078,PROD001,2025-08-30,2025-09-04,1,0.15,Mobile App
ORD05348,CUST104,PROD011,2025-08-31,2025-09-03,1,0.2,Retail Store
ORD05349,CUST228,PROD008,2025-08-31,2025-09-04,3,0.15,Online
ORD05350,CUST123,PROD015,2025-08-31,2025-09-06,1,0.0,Retail Store
ORD05351,CUST274,PROD016,2025-08-31,2025-09-06,2,0.15,Retail Store
ORD05352,CUST139,PROD016,2025-08-31,2025-09-05,1,0.15,Mobile App
ORD05353,CUST013,PROD018,2025-08-31,2025-09-03,1,0.0,Online
ORD05354,CUST172,PROD015,2025-08-31,2025-09-02,1,0.05,Mobile App
ORD05355,CUST360,PROD012,2025-08-31,2025-09-06,2,0.15,Online
ORD05356,CUST321,PROD016,2025-08-31,2025-09-05,1,0.0,Online
ORD05357,CUST233,PROD009,2025-08-31,2025-09-06,1,0.0,Retail Store
ORD05358,CUST448,PROD010,2025-08-31,2025-09-05,1,0.0,Online
ORD05359,CUST059,PROD016,2025-09-01,2025-09-06,1,0.2,Online
ORD05360,CUST219,PROD016,2025-09-01,2025-09-02,1,0.05,Mobile App
ORD05361,CUST137,PROD011,2025-09-01,2025-09-05,2,0.0,Online
ORD05362,CUST478,PROD014,2025-09-01,2025-09-04,1,0.0,Retail Store
ORD05363,CUST361,PROD017,2025-09-01,2025-09-07,1,0.2,Retail Store
ORD05364,CUST296,PROD004,2025-09-01,2025-09-07,1,0.15,Retail Store
ORD05365,CUST343,PROD019,2025-09-01,2025-09-04,1,0.0,Retail Store
ORD05366,CUST496,PROD005,2025-09-01,2025-09-03,2,0.2,Mobile App
ORD05367,CUST197,PROD006,2025-09-01,2025-09-04,2,0.1,Online
ORD05368,CUST063,PROD018,2025-09-01,2025-09-05,1,0.0,Online
ORD05369,CUST177,PROD005,2025-09-01,2025-09-04,1,0.05,Online
ORD05370,CUST390,PROD013,2025-09-02,2025-09-04,1,0.0,Retail Store
ORD05371,CUST361,PROD014,2025-09-02,2025-09-05,1,0.0,Online
ORD05372,CUST446,PROD007,2025-09-02,2025-09-05,1,0.0,Online
ORD05373,CUST466,PROD015,2025-09-02,2025-09-05,2,0.15,Retail Store
ORD05374,CUST044,PROD019,2025-09-02,2025-09-03,1,0.0,Mobile App
ORD05375,CUST367,PROD019,2025-09-02,2025-09-05,1,0.15,Retail Store
ORD05376,CUST074,PROD015,2025-09-03,2025-09-04,2,0.1,Online
ORD05377,CUST323,PROD001,2025-09-03,2025-09-07,1,0.15,Retail Store
ORD05378,CUST008,PROD010,2025-09-03,2025-09-09,2,0.0,Online
ORD05379,CUST210,PROD013,2025-09-03,2025-09-06,1,0.0,Retail Store
ORD05380,CUST271,PROD011,2025-09-03,2025-09-07,2,0.1,Online
ORD05381,CUST382,PROD019,2025-09-03,2025-09-09,1,0.0,Retail Store
ORD05382,CUST091,PROD019,2025-09-03,2025-09-07,2,0.15,Retail Store
ORD05383,CUST422,PROD007,2025-09-03,2025-09-08,1,0.15,Online
ORD05384,CUST476,PROD011,2025-09-03,2025-09-04,2,0.15,Retail Store
ORD05385,CUST375,PROD015,2025-09-03,2025-09-07,1,0.0,Retail Store
ORD05386,CUST127,PROD007,2025-09-04,2025-09-10,2,0.0,Retail Store
ORD05387,CUST164,PROD019,2025-09-04,2025-09-10,2,0.0,Mobile App
ORD05388,CUST439,PROD011,2025-09-04,2025-09-05,1,0.15,Mobile App
ORD05389,CUST106,PROD007,2025-09-04,2025-09-05,1,0.15,Retail Store
ORD05390,CUST466,PROD011,2025-09-04,2025-09-08,3,0.2,Online
ORD05391,CUST480,PROD010,2025-09-05,2025-09-11,2,0.0,Retail Store
ORD05392,CUST036,PROD017,2025-09-05,2025-09-09,1,0.0,Mobile App
ORD05393,CUST462,PROD011,2025-09-05,2025-09-06,2,0.05,Online
ORD05394,CUST331,PROD017,2025-09-05,2025-09-10,2,0.2,Online
ORD05395,CUST303,PROD015,2025-09-05,2025-09-06,1,0.05,Mobile App
ORD05396,CUST314,PROD004,2025-09-05,2025-09-07,1,0.0,Retail Store
ORD05397,CUST256,PROD017,2025-09-05,2025-09-10,3,0.0,Mobile App
ORD05398,CUST285,PROD002,2025-09-05,2025-09-09,1,0.0,Online
ORD05399,CUST108,PROD015,2025-09-05,2025-09-08,1,0.15,Online
ORD05400,CUST375,PROD020,2025-09-05,2025-09-08,1,0.2,Retail Store
ORD05401,CUST435,PROD002,2025-09-05,2025-09-08,1,0.15,Online
ORD05402,CUST252,PROD003,2025-09-06,2025-09-08,1,0.1,Mobile App
ORD05403,CUST277,PROD002,2025-09-06,2025-09-08,1,0.0,Retail Store
ORD05404,CUST356,PROD015,2025-09-06,2025-09-12,1,0.1,Retail Store
ORD05405,CUST247,PROD013,2025-09-06,2025-09-08,2,0.15,Mobile App
ORD05406,CUST376,PROD007,2025-09-06,2025-09-08,1,0.1,Retail Store
ORD05407,CUST139,PROD006,2025-09-06,2025-09-12,1,0.1,Online
ORD05408,CUST205,PROD014,2025-09-06,2025-09-08,1,0.05,Mobile App
ORD05409,CUST138,PROD019,2025-09-06,2025-09-10,1,0.05,Mobile App
ORD05410,CUST228,PROD016,2025-09-06,2025-09-10,3,0.1,Retail Store
ORD05411,CUST393,PROD020,2025-09-06,2025-09-10,2,0.0,Retail Store
ORD05412,CUST462,PROD020,2025-09-06,2025-09-07,3,0.1,Retail Store
ORD05413,CUST119,PROD002,2025-09-07,2025-09-12,1,0.0,Mobile App
ORD05414,CUST397,PROD018,2025-09-07,2025-09-13,1,0.05,Mobile App
ORD05415,CUST104,PROD007,2025-09-07,2025-09-13,2,0.15,Online
ORD05416,CUST043,PROD010,2025-09-07,2025-09-09,4,0.2,Mobile App
ORD05417,CUST280,PROD006,2025-09-07,2025-09-11,1,0.0,Online
ORD05418,CUST128,PROD018,2025-09-07,2025-09-12,2,0.0,Retail Store
ORD05419,CUST127,PROD014,2025-09-07,2025-09-11,1,0.15,Retail Store
ORD05420,CUST491,PROD005,2025-09-08,2025-09-13,1,0.0,Mobile App
ORD05421,CUST131,PROD008,2025-09-08,2025-09-13,4,0.2,Online
ORD05422,CUST036,PROD008,2025-09-08,2025-09-13,1,0.0,Online
ORD05423,CUST014,PROD018,2025-09-08,2025-09-09,2,0.1,Mobile App
ORD05424,CUST420,PROD018,2025-09-08,2025-09-09,2,0.1,Retail Store
ORD05425,CUST401,PROD004,2025-09-08,2025-09-10,1,0.0,Online
ORD05426,CUST017,PROD006,2025-09-08,2025-09-11,3,0.1,Online
ORD05427,CUST357,PROD016,2025-09-08,2025-09-11,2,0.0,Retail Store
ORD05428,CUST009,PROD007,2025-09-09,2025-09-15,1,0.2,Online
ORD05429,CUST428,PROD014,2025-09-09,2025-09-13,1,0.0,Retail Store
ORD05430,CUST165,PROD019,2025-09-09,2025-09-10,2,0.0,Retail Store
ORD05431,CUST031,PROD012,2025-09-09,2025-09-13,4,0.15,Mobile App
ORD05432,CUST070,PROD001,2025-09-09,2025-09-11,2,0.2,Online
ORD05433,CUST020,PROD008,2025-09-09,2025-09-13,2,0.1,Mobile App
ORD05434,CUST454,PROD010,2025-09-10,2025-09-12,2,0.15,Retail Store
ORD05435,CUST140,PROD009,2025-09-10,2025-09-13,3,0.2,Online
ORD05436,CUST380,PROD004,2025-09-10,2025-09-12,3,0.15,Online
ORD05437,CUST150,PROD018,2025-09-10,2025-09-11,1,0.0,Retail Store
ORD05438,CUST195,PROD001,2025-09-10,2025-09-12,1,0.0,Retail Store
ORD05439,CUST093,PROD015,2025-09-10,2025-09-15,1,0.0,Retail Store
ORD05440,CUST448,PROD017,2025-09-10,2025-09-16,1,0.0,Mobile App
ORD05441,CUST202,PROD014,2025-09-10,2025-09-14,2,0.0,Mobile App
ORD05442,CUST207,PROD015,2025-09-10,2025-09-15,4,0.05,Mobile App
ORD05443,CUST353,PROD003,2025-09-10,2025-09-16,1,0.2,Online
ORD05444,CUST165,PROD005,2025-09-10,2025-09-16,1,0.0,Retail Store
ORD05445,CUST218,PROD001,2025-09-10,2025-09-13,1,0.1,Retail Store
ORD05446,CUST325,PROD004,2025-09-10,2025-09-14,1,0.2,Mobile App
ORD05447,CUST222,PROD009,2025-09-11,2025-09-17,2,0.0,Mobile App
ORD05448,CUST239,PROD016,2025-09-11,2025-09-14,1,0.0,Mobile App
ORD05449,CUST173,PROD010,2025-09-11,2025-09-17,2,0.0,Retail Store
ORD05450,CUST409,PROD002,2025-09-11,2025-09-17,2,0.15,Retail Store
ORD05451,CUST374,PROD014,2025-09-11,2025-09-17,1,0.05,Online
ORD05452,CUST033,PROD013,2025-09-11,2025-09-13,1,0.1,Mobile App
ORD05453,CUST368,PROD001,2025-09-11,2025-09-12,2,0.0,Mobile App
ORD05454,CUST480,PROD015,2025-09-11,2025-09-13,1,0.2,Mobile App
ORD05455,CUST466,PROD012,2025-09-12,2025-09-18,4,0.1,Retail Store
ORD05456,CUST467,PROD012,2025-09-12,2025-09-17,1,0.15,Online
ORD05457,CUST053,PROD013,2025-09-12,2025-09-17,2,0.15,Retail Store
ORD05458,CUST279,PROD002,2025-09-13,2025-09-15,1,0.0,Retail Store
ORD05459,CUST287,PROD018,2025-09-13,2025-09-15,2,0.2,Online
ORD05460,CUST397,PROD013,2025-09-13,2025-09-18,1,0.15,Retail Store
ORD05461,CUST013,PROD011,2025-09-13,2025-09-16,1,0.05,Retail Store
ORD05462,CUST319,PROD004,2025-09-13,2025-09-17,1,0.1,Mobile App
ORD05463,CUST149,PROD010,2025-09-13,2025-09-14,1,0.05,Mobile App
ORD05464,CUST417,PROD003,2025-09-13,2025-09-14,2,0.1,Mobile App
ORD05465,CUST258,PROD001,2025-09-13,2025-09-16,1,0.0,Retail Store
ORD05466,CUST149,PROD009,2025-09-13,2025-09-18,1,0.0,Online
ORD05467,CUST145,PROD016,2025-09-14,2025-09-17,1,0.2,Retail Store
ORD05468,CUST281,PROD006,2025-09-14,2025-09-16,2,0.0,Online
ORD05469,CUST411,PROD008,2025-09-14,2025-09-18,1,0.0,Mobile App
ORD05470,CUST066,PROD005,2025-09-14,2025-09-17,3,0.0,Retail Store
ORD05471,CUST426,PROD011,2025-09-14,2025-09-18,2,0.0,Online
ORD05472,CUST354,PROD014,2025-09-14,2025-09-16,1,0.0,Mobile App
ORD05473,CUST142,PROD017,2025-09-14,2025-09-18,1,0.0,Retail Store
ORD05474,CUST133,PROD005,2025-09-14,2025-09-17,1,0.0,Retail Store
ORD05475,CUST482,PROD019,2025-09-14,2025-09-18,1,0.0,Mobile App
ORD05476,CUST283,PROD009,2025-09-14,2025-09-15,3,0.0,Mobile App
ORD05477,CUST115,PROD009,2025-09-14,2025-09-17,2,0.15,Retail Store
ORD05478,CUST414,PROD001,2025-09-14,2025-09-18,1,0.1,Retail Store
ORD05479,CUST020,PROD005,2025-09-15,2025-09-21,2,0.0,Mobile App
ORD05480,CUST148,PROD014,2025-09-15,2025-09-18,1,0.1,Retail Store
ORD05481,CUST122,PROD020,2025-09-15,2025-09-20,2,0.0,Mobile App
ORD05482,CUST078,PROD001,2025-09-15,2025-09-18,1,0.05,Retail Store
ORD05483,CUST023,PROD009,2025-09-15,2025-09-17,2,0.05,Online
ORD05484,CUST331,PROD001,2025-09-15,2025-09-19,1,0.0,Retail Store
ORD05485,CUST241,PROD009,2025-09-15,2025-09-21,1,0.05,Mobile App
ORD05486,CUST346,PROD018,2025-09-16,2025-09-18,1,0.0,Mobile App
ORD05487,CUST053,PROD010,2025-09-16,2025-09-18,1,0.0,Mobile App
ORD05488,CUST473,PROD015,2025-09-16,2025-09-22,4,0.2,Online
ORD05489,CUST182,PROD009,2025-09-16,2025-09-20,1,0.0,Mobile App
ORD05490,CUST448,PROD003,2025-09-16,2025-09-22,2,0.0,Mobile App
ORD05491,CUST003,PROD004,2025-09-17,2025-09-19,2,0.1,Retail Store
ORD05492,CUST112,PROD011,2025-09-17,2025-09-22,4,0.0,Mobile App
ORD05493,CUST471,PROD018,2025-09-17,2025-09-20,3,0.2,Mobile App
ORD05494,CUST166,PROD012,2025-09-17,2025-09-22,1,0.05,Online
ORD05495,CUST359,PROD017,2025-09-17,2025-09-19,1,0.2,Retail Store
ORD05496,CUST293,PROD011,2025-09-17,2025-09-23,1,0.2,Online
ORD05497,CUST458,PROD003,2025-09-17,2025-09-18,2,0.0,Mobile App
ORD05498,CUST345,PROD010,2025-09-17,2025-09-23,2,0.1,Retail Store
ORD05499,CUST217,PROD010,2025-09-17,2025-09-20,1,0.1,Mobile App
ORD05500,CUST196,PROD014,2025-09-18,2025-09-21,2,0.1,Mobile App
ORD05501,CUST369,PROD009,2025-09-18,2025-09-22,1,0.05,Retail Store
ORD05502,CUST130,PROD010,2025-09-18,2025-09-19,1,0.1,Mobile App
ORD05503,CUST391,PROD011,2025-09-18,2025-09-22,1,0.0,Mobile App
ORD05504,CUST020,PROD019,2025-09-18,2025-09-22,2,0.0,Mobile App
ORD05505,CUST291,PROD011,2025-09-18,2025-09-23,1,0.0,Online
ORD05506,CUST175,PROD008,2025-09-18,2025-09-19,1,0.0,Retail Store
ORD05507,CUST432,PROD003,2025-09-18,2025-09-20,1,0.05,Mobile App
ORD05508,CUST271,PROD002,2025-09-18,2025-09-24,1,0.0,Retail Store
ORD05509,CUST406,PROD010,2025-09-18,2025-09-19,1,0.1,Retail Store
ORD05510,CUST017,PROD019,2025-09-19,2025-09-24,1,0.0,Retail Store
ORD05511,CUST392,PROD011,2025-09-19,2025-09-20,1,0.0,Online
ORD05512,CUST141,PROD001,2025-09-19,2025-09-24,1,0.0,Mobile App
ORD05513,CUST092,PROD011,2025-09-19,2025-09-20,2,0.0,Retail Store
ORD05514,CUST196,PROD015,2025-09-19,2025-09-24,1,0.15,Online
ORD05515,CUST313,PROD020,2025-09-19,2025-09-22,1,0.1,Online
ORD05516,CUST438,PROD018,2025-09-19,2025-09-25,3,0.1,Online
ORD05517,CUST432,PROD018,2025-09-19,2025-09-21,1,0.1,Online
ORD05518,CUST463,PROD009,2025-09-19,2025-09-22,1,0.05,Online
ORD05519,CUST077,PROD018,2025-09-19,2025-09-20,1,0.0,Retail Store
ORD05520,CUST377,PROD013,2025-09-19,2025-09-25,1,0.1,Online
ORD05521,CUST403,PROD018,2025-09-20,2025-09-24,1,0.05,Online
ORD05522,CUST106,PROD004,2025-09-20,2025-09-25,1,0.1,Retail Store
ORD05523,CUST428,PROD006,2025-09-20,2025-09-25,1,0.2,Online
ORD05524,CUST164,PROD001,2025-09-20,2025-09-24,1,0.0,Mobile App
ORD05525,CUST490,PROD016,2025-09-20,2025-09-21,2,0.1,Online
ORD05526,CUST215,PROD009,2025-09-20,2025-09-24,2,0.0,Retail Store
ORD05527,CUST387,PROD005,2025-09-21,2025-09-24,2,0.1,Retail Store
ORD05528,CUST009,PROD001,2025-09-21,2025-09-27,1,0.0,Mobile App
ORD05529,CUST120,PROD012,2025-09-21,2025-09-27,1,0.0,Retail Store
ORD05530,CUST007,PROD004,2025-09-21,2025-09-24,3,0.0,Online
ORD05531,CUST182,PROD005,2025-09-21,2025-09-26,1,0.15,Retail Store
ORD05532,CUST362,PROD010,2025-09-21,2025-09-26,1,0.0,Mobile App
ORD05533,CUST393,PROD010,2025-09-21,2025-09-24,1,0.0,Retail Store
ORD05534,CUST264,PROD002,2025-09-21,2025-09-22,1,0.2,Mobile App
ORD05535,CUST174,PROD006,2025-09-21,2025-09-24,1,0.05,Online
ORD05536,CUST433,PROD010,2025-09-22,2025-09-23,1,0.0,Retail Store
ORD05537,CUST150,PROD013,2025-09-22,2025-09-27,1,0.0,Retail Store
ORD05538,CUST096,PROD001,2025-09-22,2025-09-26,1,0.2,Online
ORD05539,CUST494,PROD011,2025-09-22,2025-09-25,1,0.0,Online
ORD05540,CUST301,PROD010,2025-09-22,2025-09-27,4,0.2,Retail Store
ORD05541,CUST225,PROD004,2025-09-22,2025-09-25,1,0.0,Mobile App
ORD05542,CUST130,PROD005,2025-09-22,2025-09-25,1,0.0,Online
ORD05543,CUST236,PROD011,2025-09-23,2025-09-29,4,0.2,Mobile App
ORD05544,CUST087,PROD012,2025-09-23,2025-09-27,2,0.05,Online
ORD05545,CUST052,PROD002,2025-09-23,2025-09-29,1,0.1,Retail Store
ORD05546,CUST315,PROD020,2025-09-23,2025-09-25,2,0.05,Mobile App
ORD05547,CUST428,PROD011,2025-09-23,2025-09-27,2,0.15,Mobile App
ORD05548,CUST105,PROD018,2025-09-23,2025-09-24,4,0.0,Retail Store
ORD05549,CUST040,PROD019,2025-09-23,2025-09-25,1,0.2,Retail Store
ORD05550,CUST391,PROD020,2025-09-23,2025-09-26,2,0.1,Online
ORD05551,CUST006,PROD019,2025-09-24,2025-09-28,1,0.05,Mobile App
ORD05552,CUST274,PROD015,2025-09-24,2025-09-29,1,0.05,Online
ORD05553,CUST225,PROD015,2025-09-24,2025-09-28,1,0.2,Online
ORD05554,CUST327,PROD015,2025-09-24,2025-09-28,1,0.1,Mobile App
ORD05555,CUST079,PROD001,2025-09-24,2025-09-30,1,0.0,Retail Store
ORD05556,CUST077,PROD002,2025-09-24,2025-09-27,2,0.15,Retail Store
ORD05557,CUST203,PROD013,2025-09-24,2025-09-29,2,0.2,Mobile App
ORD05558,CUST153,PROD011,2025-09-24,2025-09-25,1,0.1,Online
ORD05559,CUST014,PROD019,2025-09-24,2025-09-29,1,0.0,Online
ORD05560,CUST415,PROD002,2025-09-25,2025-09-27,1,0.2,Mobile App
ORD05561,CUST274,PROD001,2025-09-25,2025-10-01,1,0.0,Mobile App
ORD05562,CUST208,PROD016,2025-09-25,2025-09-27,4,0.15,Online
ORD05563,CUST189,PROD015,2025-09-25,2025-10-01,2,0.05,Retail Store
ORD05564,CUST207,PROD005,2025-09-25,2025-09-30,2,0.05,Online
ORD05565,CUST405,PROD020,2025-09-25,2025-09-29,1,0.0,Online
ORD05566,CUST475,PROD011,2025-09-25,2025-09-28,3,0.1,Online
ORD05567,CUST465,PROD020,2025-09-25,2025-09-30,3,0.0,Retail Store
ORD05568,CUST405,PROD008,2025-09-25,2025-09-30,1,0.0,Mobile App
ORD05569,CUST384,PROD004,2025-09-26,2025-10-01,3,0.1,Online
ORD05570,CUST071,PROD020,2025-09-26,2025-10-01,4,0.1,Retail Store
ORD05571,CUST177,PROD002,2025-09-26,2025-09-30,1,0.2,Retail Store
ORD05572,CUST080,PROD014,2025-09-26,2025-10-01,2,0.0,Retail Store
ORD05573,CUST014,PROD006,2025-09-26,2025-09-27,3,0.15,Online
ORD05574,CUST180,PROD007,2025-09-27,2025-10-02,2,0.0,Online
ORD05575,CUST192,PROD005,2025-09-27,2025-10-02,3,0.0,Online
ORD05576,CUST105,PROD014,2025-09-27,2025-09-28,1,0.0,Mobile App
ORD05577,CUST086,PROD007,2025-09-27,2025-10-03,1,0.1,Retail Store
ORD05578,CUST114,PROD005,2025-09-27,2025-09-30,2,0.0,Mobile App
ORD05579,CUST410,PROD006,2025-09-28,2025-09-30,1,0.15,Online
ORD05580,CUST145,PROD008,2025-09-28,2025-09-29,1,0.0,Online
ORD05581,CUST236,PROD012,2025-09-28,2025-10-01,1,0.0,Retail Store
ORD05582,CUST291,PROD019,2025-09-28,2025-10-02,1,0.1,Mobile App
ORD05583,CUST471,PROD008,2025-09-28,2025-10-04,1,0.15,Retail Store
ORD05584,CUST018,PROD003,2025-09-28,2025-10-04,3,0.1,Mobile App
ORD05585,CUST330,PROD005,2025-09-28,2025-09-30,4,0.2,Mobile App
ORD05586,CUST212,PROD004,2025-09-29,2025-10-04,3,0.0,Mobile App
ORD05587,CUST386,PROD003,2025-09-29,2025-10-02,2,0.0,Mobile App
ORD05588,CUST187,PROD006,2025-09-29,2025-10-02,1,0.05,Retail Store
ORD05589,CUST086,PROD003,2025-09-29,2025-10-01,1,0.2,Online
ORD05590,CUST102,PROD013,2025-09-29,2025-10-02,1,0.0,Retail Store
ORD05591,CUST121,PROD014,2025-09-30,2025-10-05,1,0.2,Retail Store
ORD05592,CUST028,PROD002,2025-09-30,2025-10-02,2,0.15,Retail Store
ORD05593,CUST126,PROD010,2025-09-30,2025-10-03,1,0.2,Mobile App
ORD05594,CUST389,PROD009,2025-09-30,2025-10-03,1,0.0,Online
ORD05595,CUST458,PROD015,2025-09-30,2025-10-05,2,0.2,Retail Store
ORD05596,CUST389,PROD018,2025-09-30,2025-10-06,2,0.1,Mobile App
ORD05597,CUST385,PROD005,2025-09-30,2025-10-03,1,0.05,Mobile App
ORD05598,CUST220,PROD015,2025-09-30,2025-10-03,1,0.2,Mobile App
ORD05599,CUST421,PROD006,2025-09-30,2025-10-06,1,0.0,Retail Store
ORD05600,CUST212,PROD003,2025-10-01,2025-10-07,1,0.0,Mobile App
ORD05601,CUST230,PROD020,2025-10-01,2025-10-07,2,0.0,Retail Store
ORD05602,CUST400,PROD015,2025-10-01,2025-10-03,4,0.0,Online
ORD05603,CUST348,PROD011,2025-10-01,2025-10-06,1,0.15,Retail Store
ORD05604,CUST032,PROD016,2025-10-01,2025-10-06,1,0.0,Mobile App
ORD05605,CUST416,PROD002,2025-10-02,2025-10-05,3,0.2,Online
ORD05606,CUST158,PROD014,2025-10-02,2025-10-04,1,0.05,Retail Store
ORD05607,CUST128,PROD019,2025-10-02,2025-10-04,1,0.1,Mobile App
ORD05608,CUST010,PROD001,2025-10-03,2025-10-09,1,0.15,Mobile App
ORD05609,CUST441,PROD020,2025-10-03,2025-10-09,3,0.1,Online
ORD05610,CUST021,PROD008,2025-10-03,2025-10-09,2,0.0,Mobile App
ORD05611,CUST483,PROD005,2025-10-03,2025-10-07,2,0.1,Online
ORD05612,CUST495,PROD011,2025-10-03,2025-10-08,1,0.0,Online
ORD05613,CUST308,PROD001,2025-10-03,2025-10-09,1,0.15,Mobile App
ORD05614,CUST166,PROD018,2025-10-03,2025-10-05,2,0.1,Mobile App
ORD05615,CUST024,PROD004,2025-10-03,2025-10-07,1,0.2,Online
ORD05616,CUST210,PROD012,2025-10-04,2025-10-05,1,0.0,Retail Store
ORD05617,CUST186,PROD008,2025-10-04,2025-10-05,1,0.15,Retail Store
ORD05618,CUST133,PROD020,2025-10-04,2025-10-09,2,0.1,Mobile App
ORD05619,CUST024,PROD012,2025-10-04,2025-10-05,2,0.05,Mobile App
ORD05620,CUST456,PROD015,2025-10-05,2025-10-07,2,0.05,Mobile App
ORD05621,CUST301,PROD007,2025-10-05,2025-10-09,2,0.1,Retail Store
ORD05622,CUST153,PROD019,2025-10-05,2025-10-09,1,0.05,Mobile App
ORD05623,CUST206,PROD007,2025-10-05,2025-10-08,1,0.0,Online
ORD05624,CUST021,PROD016,2025-10-05,2025-10-10,1,0.0,Online
ORD05625,CUST255,PROD008,2025-10-05,2025-10-07,1,0.15,Online
ORD05626,CUST140,PROD014,2025-10-05,2025-10-11,1,0.05,Retail Store
ORD05627,CUST119,PROD013,2025-10-06,2025-10-08,1,0.15,Mobile App
ORD05628,CUST326,PROD012,2025-10-06,2025-10-10,4,0.0,Online
ORD05629,CUST034,PROD001,2025-10-06,2025-10-09,1,0.0,Online
ORD05630,CUST306,PROD019,2025-10-06,2025-10-12,2,0.1,Mobile App
ORD05631,CUST127,PROD002,2025-10-06,2025-10-09,3,0.2,Retail Store
ORD05632,CUST232,PROD009,2025-10-06,2025-10-12,1,0.0,Retail Store
ORD05633,CUST022,PROD016,2025-10-06,2025-10-12,1,0.0,Retail Store
ORD05634,CUST079,PROD016,2025-10-06,2025-10-08,1,0.2,Online
ORD05635,CUST175,PROD008,2025-10-06,2025-10-12,1,0.0,Online
ORD05636,CUST263,PROD018,2025-10-06,2025-10-07,2,0.0,Mobile App
ORD05637,CUST405,PROD003,2025-10-06,2025-10-10,2,0.0,Retail Store
ORD05638,CUST037,PROD016,2025-10-06,2025-10-07,4,0.15,Retail Store
ORD05639,CUST441,PROD019,2025-10-07,2025-10-10,1,0.05,Retail Store
ORD05640,CUST126,PROD016,2025-10-07,2025-10-13,2,0.15,Online
ORD05641,CUST164,PROD012,2025-10-07,2025-10-08,2,0.15,Retail Store
ORD05642,CUST027,PROD013,2025-10-07,2025-10-11,1,0.0,Mobile App
ORD05643,CUST329,PROD006,2025-10-07,2025-10-11,2,0.0,Online
ORD05644,CUST265,PROD020,2025-10-08,2025-10-09,1,0.0,Mobile App
ORD05645,CUST390,PROD001,2025-10-08,2025-10-09,1,0.0,Online
ORD05646,CUST016,PROD004,2025-10-08,2025-10-10,1,0.15,Online
ORD05647,CUST472,PROD012,2025-10-08,2025-10-14,2,0.15,Retail Store
ORD05648,CUST496,PROD003,2025-10-08,2025-10-12,1,0.0,Online
ORD05649,CUST176,PROD018,2025-10-08,2025-10-11,3,0.2,Online
ORD05650,CUST495,PROD015,2025-10-08,2025-10-11,2,0.0,Retail Store
ORD05651,CUST209,PROD007,2025-10-09,2025-10-11,2,0.15,Mobile App
ORD05652,CUST198,PROD016,2025-10-09,2025-10-13,1,0.0,Online
ORD05653,CUST443,PROD015,2025-10-09,2025-10-11,1,0.15,Retail Store
ORD05654,CUST488,PROD007,2025-10-09,2025-10-13,1,0.15,Retail Store
ORD05655,CUST450,PROD009,2025-10-09,2025-10-15,1,0.0,Retail Store
ORD05656,CUST472,PROD009,2025-10-09,2025-10-13,1,0.05,Retail Store
ORD05657,CUST455,PROD004,2025-10-09,2025-10-11,1,0.0,Mobile App
ORD05658,CUST369,PROD007,2025-10-09,2025-10-12,4,0.0,Mobile App
ORD05659,CUST230,PROD005,2025-10-09,2025-10-11,1,0.0,Mobile App
ORD05660,CUST295,PROD016,2025-10-09,2025-10-11,3,0.05,Online
ORD05661,CUST112,PROD012,2025-10-10,2025-10-16,1,0.15,Online
ORD05662,CUST122,PROD005,2025-10-10,2025-10-14,1,0.05,Mobile App
ORD05663,CUST477,PROD013,2025-10-10,2025-10-16,1,0.0,Online
ORD05664,CUST349,PROD019,2025-10-10,2025-10-13,1,0.05,Retail Store
ORD05665,CUST193,PROD011,2025-10-10,2025-10-14,2,0.0,Mobile App
ORD05666,CUST057,PROD018,2025-10-10,2025-10-11,1,0.0,Online
ORD05667,CUST474,PROD014,2025-10-10,2025-10-14,3,0.15,Online
ORD05668,CUST120,PROD011,2025-10-11,2025-10-15,2,0.1,Mobile App
ORD05669,CUST446,PROD003,2025-10-11,2025-10-16,4,0.1,Retail Store
ORD05670,CUST237,PROD011,2025-10-11,2025-10-13,1,0.2,Retail Store
ORD05671,CUST339,PROD002,2025-10-11,2025-10-17,1,0.0,Retail Store
ORD05672,CUST392,PROD004,2025-10-11,2025-10-12,1,0.1,Mobile App
ORD05673,CUST261,PROD001,2025-10-11,2025-10-12,2,0.0,Mobile App
ORD05674,CUST052,PROD020,2025-10-11,2025-10-15,1,0.0,Online
ORD05675,CUST490,PROD009,2025-10-11,2025-10-17,1,0.0,Online
ORD05676,CUST353,PROD014,2025-10-11,2025-10-14,2,0.2,Online
ORD05677,CUST086,PROD001,2025-10-12,2025-10-17,1,0.2,Retail Store
ORD05678,CUST048,PROD015,2025-10-12,2025-10-18,2,0.2,Online
ORD05679,CUST302,PROD014,2025-10-12,2025-10-17,1,0.05,Mobile App
ORD05680,CUST275,PROD014,2025-10-12,2025-10-18,1,0.0,Mobile App
ORD05681,CUST139,PROD009,2025-10-12,2025-10-14,1,0.0,Mobile App
ORD05682,CUST259,PROD013,2025-10-12,2025-10-13,2,0.0,Mobile App
ORD05683,CUST096,PROD016,2025-10-12,2025-10-17,2,0.15,Online
ORD05684,CUST168,PROD005,2025-10-12,2025-10-15,1,0.05,Online
ORD05685,CUST129,PROD007,2025-10-12,2025-10-17,1,0.15,Mobile App
ORD05686,CUST085,PROD016,2025-10-12,2025-10-15,4,0.0,Mobile App
ORD05687,CUST373,PROD017,2025-10-13,2025-10-15,1,0.0,Online
ORD05688,CUST385,PROD015,2025-10-13,2025-10-19,1,0.2,Online
ORD05689,CUST012,PROD005,2025-10-13,2025-10-14,1,0.0,Mobile App
ORD05690,CUST332,PROD015,2025-10-13,2025-10-16,1,0.0,Retail Store
ORD05691,CUST167,PROD010,2025-10-13,2025-10-14,1,0.0,Retail Store
ORD05692,CUST430,PROD012,2025-10-13,2025-10-14,1,0.1,Retail Store
ORD05693,CUST307,PROD014,2025-10-13,2025-10-15,3,0.2,Retail Store
ORD05694,CUST074,PROD010,2025-10-14,2025-10-20,1,0.05,Mobile App
ORD05695,CUST297,PROD013,2025-10-14,2025-10-19,1,0.0,Retail Store
ORD05696,CUST393,PROD018,2025-10-14,2025-10-17,1,0.05,Retail Store
ORD05697,CUST455,PROD014,2025-10-14,2025-10-18,2,0.1,Retail Store
ORD05698,CUST189,PROD008,2025-10-14,2025-10-17,1,0.05,Mobile App
ORD05699,CUST372,PROD019,2025-10-14,2025-10-17,1,0.0,Online
ORD05700,CUST303,PROD001,2025-10-14,2025-10-15,1,0.1,Retail Store
ORD05701,CUST405,PROD012,2025-10-14,2025-10-16,1,0.0,Online
ORD05702,CUST398,PROD013,2025-10-15,2025-10-19,1,0.2,Mobile App
ORD05703,CUST469,PROD012,2025-10-15,2025-10-20,1,0.0,Mobile App
ORD05704,CUST482,PROD010,2025-10-15,2025-10-18,3,0.0,Retail Store
ORD05705,CUST412,PROD014,2025-10-15,2025-10-17,1,0.15,Mobile App
ORD05706,CUST269,PROD013,2025-10-15,2025-10-21,2,0.05,Retail Store
ORD05707,CUST094,PROD007,2025-10-15,2025-10-16,1,0.1,Mobile App
ORD05708,CUST352,PROD018,2025-10-15,2025-10-19,3,0.15,Mobile App
ORD05709,CUST437,PROD006,2025-10-15,2025-10-19,1,0.15,Online
ORD05710,CUST149,PROD004,2025-10-16,2025-10-22,3,0.0,Mobile App
ORD05711,CUST354,PROD004,2025-10-16,2025-10-19,1,0.0,Online
ORD05712,CUST014,PROD003,2025-10-16,2025-10-22,2,0.05,Mobile App
ORD05713,CUST014,PROD012,2025-10-16,2025-10-22,1,0.05,Mobile App
ORD05714,CUST220,PROD020,2025-10-16,2025-10-19,3,0.0,Mobile App
ORD05715,CUST493,PROD008,2025-10-16,2025-10-18,1,0.0,Online
ORD05716,CUST166,PROD009,2025-10-16,2025-10-19,1,0.2,Mobile App
ORD05717,CUST008,PROD006,2025-10-16,2025-10-17,3,0.2,Retail Store
ORD05718,CUST454,PROD001,2025-10-16,2025-10-20,2,0.0,Retail Store
ORD05719,CUST307,PROD002,2025-10-16,2025-10-20,1,0.1,Retail Store
ORD05720,CUST339,PROD003,2025-10-16,2025-10-20,3,0.0,Mobile App
ORD05721,CUST108,PROD017,2025-10-16,2025-10-18,1,0.2,Online
ORD05722,CUST430,PROD020,2025-10-16,2025-10-17,1,0.0,Mobile App
ORD05723,CUST129,PROD014,2025-10-16,2025-10-17,1,0.0,Mobile App
ORD05724,CUST036,PROD019,2025-10-16,2025-10-17,1,0.2,Mobile App
ORD05725,CUST493,PROD015,2025-10-16,2025-10-19,1,0.0,Retail Store
ORD05726,CUST087,PROD005,2025-10-17,2025-10-23,2,0.05,Online
ORD05727,CUST196,PROD017,2025-10-17,2025-10-23,1,0.1,Retail Store
ORD05728,CUST145,PROD002,2025-10-17,2025-10-22,2,0.1,Mobile App
ORD05729,CUST122,PROD015,2025-10-17,2025-10-19,1,0.0,Retail Store
ORD05730,CUST223,PROD017,2025-10-17,2025-10-23,1,0.0,Mobile App
ORD05731,CUST268,PROD014,2025-10-17,2025-10-20,2,0.0,Retail Store
ORD05732,CUST445,PROD006,2025-10-17,2025-10-20,1,0.1,Retail Store
ORD05733,CUST277,PROD006,2025-10-18,2025-10-23,4,0.2,Mobile App
ORD05734,CUST146,PROD015,2025-10-18,2025-10-23,1,0.0,Retail Store
ORD05735,CUST096,PROD018,2025-10-18,2025-10-23,2,0.15,Retail Store
ORD05736,CUST196,PROD005,2025-10-18,2025-10-24,1,0.1,Retail Store
ORD05737,CUST346,PROD010,2025-10-18,2025-10-22,2,0.2,Online
ORD05738,CUST429,PROD017,2025-10-18,2025-10-24,2,0.0,Mobile App
ORD05739,CUST274,PROD001,2025-10-18,2025-10-24,2,0.2,Retail Store
ORD05740,CUST421,PROD020,2025-10-18,2025-10-23,2,0.0,Mobile App
ORD05741,CUST445,PROD014,2025-10-18,2025-10-19,3,0.2,Online
ORD05742,CUST198,PROD013,2025-10-18,2025-10-21,2,0.15,Online
ORD05743,CUST322,PROD019,2025-10-18,2025-10-19,1,0.0,Online
ORD05744,CUST102,PROD015,2025-10-18,2025-10-20,1,0.05,Mobile App
ORD05745,CUST426,PROD016,2025-10-19,2025-10-25,2,0.0,Mobile App
ORD05746,CUST487,PROD015,2025-10-19,2025-10-23,2,0.0,Retail Store
ORD05747,CUST426,PROD018,2025-10-19,2025-10-24,2,0.15,Retail Store
ORD05748,CUST269,PROD014,2025-10-19,2025-10-23,2,0.1,Online
ORD05749,CUST009,PROD017,2025-10-19,2025-10-24,1,0.15,Online
ORD05750,CUST095,PROD011,2025-10-19,2025-10-22,2,0.15,Retail Store
ORD05751,CUST040,PROD003,2025-10-19,2025-10-20,2,0.2,Online
ORD05752,CUST255,PROD018,2025-10-19,2025-10-25,4,0.15,Online
ORD05753,CUST386,PROD016,2025-10-19,2025-10-24,1,0.0,Retail Store
ORD05754,CUST275,PROD001,2025-10-19,2025-10-22,2,0.0,Retail Store
ORD05755,CUST343,PROD018,2025-10-19,2025-10-24,1,0.0,Online
ORD05756,CUST178,PROD002,2025-10-19,2025-10-20,1,0.0,Online
ORD05757,CUST467,PROD019,2025-10-19,2025-10-22,2,0.1,Online
ORD05758,CUST062,PROD009,2025-10-20,2025-10-25,3,0.0,Online
ORD05759,CUST091,PROD006,2025-10-20,2025-10-22,1,0.0,Online
ORD05760,CUST012,PROD005,2025-10-20,2025-10-25,1,0.15,Retail Store
ORD05761,CUST121,PROD002,2025-10-20,2025-10-24,1,0.2,Retail Store
ORD05762,CUST112,PROD020,2025-10-20,2025-10-21,3,0.15,Mobile App
ORD05763,CUST231,PROD017,2025-10-20,2025-10-25,2,0.0,Mobile App
ORD05764,CUST388,PROD018,2025-10-20,2025-10-22,1,0.0,Mobile App
ORD05765,CUST369,PROD010,2025-10-20,2025-10-24,1,0.0,Online
ORD05766,CUST487,PROD011,2025-10-20,2025-10-23,1,0.2,Online
ORD05767,CUST431,PROD018,2025-10-20,2025-10-21,1,0.05,Retail Store
ORD05768,CUST215,PROD007,2025-10-20,2025-10-25,1,0.2,Retail Store
ORD05769,CUST022,PROD020,2025-10-21,2025-10-22,2,0.0,Retail Store
ORD05770,CUST378,PROD020,2025-10-21,2025-10-24,4,0.0,Online
ORD05771,CUST264,PROD014,2025-10-22,2025-10-26,3,0.0,Mobile App
ORD05772,CUST480,PROD019,2025-10-22,2025-10-26,1,0.1,Mobile App
ORD05773,CUST121,PROD013,2025-10-22,2025-10-23,2,0.2,Retail Store
ORD05774,CUST159,PROD018,2025-10-22,2025-10-23,2,0.0,Online
ORD05775,CUST202,PROD006,2025-10-22,2025-10-26,1,0.1,Mobile App
ORD05776,CUST052,PROD012,2025-10-22,2025-10-27,1,0.1,Retail Store
ORD05777,CUST285,PROD018,2025-10-22,2025-10-27,2,0.1,Mobile App
ORD05778,CUST061,PROD004,2025-10-22,2025-10-28,1,0.2,Mobile App
ORD05779,CUST009,PROD008,2025-10-22,2025-10-26,1,0.1,Retail Store
ORD05780,CUST158,PROD005,2025-10-23,2025-10-26,1,0.0,Retail Store
ORD05781,CUST201,PROD006,2025-10-23,2025-10-27,1,0.0,Online
ORD05782,CUST189,PROD007,2025-10-23,2025-10-25,4,0.15,Mobile App
ORD05783,CUST374,PROD013,2025-10-23,2025-10-27,2,0.1,Retail Store
ORD05784,CUST002,PROD002,2025-10-23,2025-10-24,1,0.1,Retail Store
ORD05785,CUST034,PROD007,2025-10-23,2025-10-27,2,0.0,Mobile App
ORD05786,CUST280,PROD012,2025-10-23,2025-10-29,1,0.0,Online
ORD05787,CUST223,PROD012,2025-10-23,2025-10-29,2,0.0,Mobile App
ORD05788,CUST369,PROD005,2025-10-23,2025-10-27,1,0.1,Retail Store
ORD05789,CUST469,PROD003,2025-10-23,2025-10-25,1,0.0,Online
ORD05790,CUST389,PROD001,2025-10-23,2025-10-26,2,0.05,Retail Store
ORD05791,CUST039,PROD019,2025-10-23,2025-10-27,2,0.05,Mobile App
ORD05792,CUST460,PROD015,2025-10-23,2025-10-28,1,0.0,Online
ORD05793,CUST201,PROD010,2025-10-23,2025-10-24,2,0.2,Online
ORD05794,CUST276,PROD014,2025-10-24,2025-10-25,2,0.0,Online
ORD05795,CUST117,PROD012,2025-10-24,2025-10-30,1,0.05,Online
ORD05796,CUST245,PROD010,2025-10-24,2025-10-25,1,0.0,Retail Store
ORD05797,CUST420,PROD001,2025-10-24,2025-10-28,3,0.0,Mobile App
ORD05798,CUST105,PROD011,2025-10-24,2025-10-25,3,0.2,Mobile App
ORD05799,CUST222,PROD011,2025-10-24,2025-10-30,3,0.15,Online
ORD05800,CUST369,PROD010,2025-10-24,2025-10-29,1,0.0,Mobile App
ORD05801,CUST139,PROD018,2025-10-24,2025-10-25,2,0.0,Mobile App
ORD05802,CUST272,PROD003,2025-10-24,2025-10-30,1,0.2,Online
ORD05803,CUST062,PROD020,2025-10-24,2025-10-29,2,0.05,Mobile App
ORD05804,CUST098,PROD013,2025-10-25,2025-10-27,4,0.15,Online
ORD05805,CUST031,PROD019,2025-10-25,2025-10-30,2,0.05,Online
ORD05806,CUST225,PROD018,2025-10-25,2025-10-28,1,0.15,Retail Store
ORD05807,CUST240,PROD009,2025-10-25,2025-10-29,1,0.2,Mobile App
ORD05808,CUST267,PROD014,2025-10-25,2025-10-28,2,0.0,Retail Store
ORD05809,CUST158,PROD019,2025-10-25,2025-10-26,1,0.0,Retail Store
ORD05810,CUST443,PROD003,2025-10-25,2025-10-29,1,0.0,Mobile App
ORD05811,CUST108,PROD016,2025-10-26,2025-10-28,2,0.05,Retail Store
ORD05812,CUST277,PROD004,2025-10-26,2025-10-30,2,0.2,Retail Store
ORD05813,CUST472,PROD002,2025-10-26,2025-10-29,1,0.0,Online
ORD05814,CUST090,PROD017,2025-10-26,2025-11-01,1,0.05,Retail Store
ORD05815,CUST426,PROD018,2025-10-26,2025-10-28,1,0.0,Retail Store
ORD05816,CUST479,PROD012,2025-10-26,2025-10-29,1,0.2,Online
ORD05817,CUST314,PROD009,2025-10-26,2025-11-01,1,0.2,Mobile App
ORD05818,CUST005,PROD020,2025-10-27,2025-10-29,1,0.15,Online
ORD05819,CUST204,PROD011,2025-10-27,2025-10-30,1,0.0,Online
ORD05820,CUST144,PROD015,2025-10-27,2025-10-30,1,0.1,Retail Store
ORD05821,CUST167,PROD018,2025-10-27,2025-10-28,2,0.1,Mobile App
ORD05822,CUST132,PROD015,2025-10-27,2025-10-29,3,0.1,Mobile App
ORD05823,CUST327,PROD009,2025-10-27,2025-10-31,3,0.2,Online
ORD05824,CUST027,PROD009,2025-10-28,2025-11-02,1,0.0,Online
ORD05825,CUST008,PROD006,2025-10-28,2025-10-31,2,0.0,Online
ORD05826,CUST158,PROD008,2025-10-28,2025-11-02,1,0.15,Mobile App
ORD05827,CUST233,PROD007,2025-10-28,2025-10-31,2,0.2,Retail Store
ORD05828,CUST350,PROD002,2025-10-28,2025-11-01,1,0.2,Mobile App
ORD05829,CUST282,PROD006,2025-10-28,2025-10-31,2,0.2,Retail Store
ORD05830,CUST464,PROD013,2025-10-28,2025-11-03,1,0.0,Retail Store
ORD05831,CUST374,PROD020,2025-10-29,2025-11-03,3,0.0,Mobile App
ORD05832,CUST327,PROD016,2025-10-29,2025-11-02,1,0.0,Retail Store
ORD05833,CUST068,PROD015,2025-10-29,2025-11-02,2,0.0,Mobile App
ORD05834,CUST363,PROD018,2025-10-29,2025-11-01,1,0.2,Mobile App
ORD05835,CUST224,PROD017,2025-10-29,2025-11-01,1,0.1,Online
ORD05836,CUST317,PROD007,2025-10-29,2025-11-04,3,0.15,Retail Store
ORD05837,CUST324,PROD006,2025-10-29,2025-11-01,1,0.1,Mobile App
ORD05838,CUST210,PROD003,2025-10-29,2025-11-02,2,0.0,Retail Store
ORD05839,CUST127,PROD018,2025-10-29,2025-10-31,1,0.05,Mobile App
ORD05840,CUST229,PROD020,2025-10-29,2025-11-04,1,0.05,Online
ORD05841,CUST241,PROD017,2025-10-29,2025-11-03,1,0.15,Mobile App
ORD05842,CUST021,PROD016,2025-10-29,2025-10-31,1,0.15,Online
ORD05843,CUST445,PROD011,2025-10-29,2025-10-31,1,0.0,Retail Store
ORD05844,CUST057,PROD008,2025-10-29,2025-10-30,1,0.0,Retail Store
ORD05845,CUST415,PROD012,2025-10-29,2025-11-01,1,0.0,Online
ORD05846,CUST408,PROD019,2025-10-29,2025-11-04,2,0.05,Mobile App
ORD05847,CUST351,PROD001,2025-10-29,2025-10-31,4,0.0,Mobile App
ORD05848,CUST239,PROD008,2025-10-29,2025-10-31,1,0.0,Mobile App
ORD05849,CUST258,PROD004,2025-10-30,2025-10-31,4,0.2,Retail Store
ORD05850,CUST128,PROD014,2025-10-30,2025-11-03,1,0.0,Retail Store
ORD05851,CUST131,PROD010,2025-10-30,2025-11-02,1,0.05,Mobile App
ORD05852,CUST137,PROD003,2025-10-30,2025-10-31,4,0.0,Retail Store
ORD05853,CUST317,PROD019,2025-10-30,2025-11-01,1,0.05,Mobile App
ORD05854,CUST033,PROD006,2025-10-30,2025-11-01,3,0.0,Online
ORD05855,CUST320,PROD008,2025-10-30,2025-11-04,1,0.1,Mobile App
ORD05856,CUST006,PROD015,2025-10-30,2025-11-03,2,0.0,Mobile App
ORD05857,CUST055,PROD013,2025-10-31,2025-11-03,3,0.15,Retail Store
ORD05858,CUST242,PROD004,2025-10-31,2025-11-06,3,0.05,Online
ORD05859,CUST467,PROD013,2025-10-31,2025-11-06,2,0.2,Mobile App
ORD05860,CUST207,PROD010,2025-10-31,2025-11-02,1,0.0,Online
ORD05861,CUST103,PROD004,2025-10-31,2025-11-03,2,0.15,Retail Store
ORD05862,CUST366,PROD014,2025-10-31,2025-11-02,1,0.0,Retail Store
ORD05863,CUST402,PROD015,2025-10-31,2025-11-02,2,0.0,Online
ORD05864,CUST418,PROD020,2025-10-31,2025-11-06,1,0.0,Mobile App
ORD05865,CUST469,PROD012,2025-10-31,2025-11-04,2,0.05,Mobile App
ORD05866,CUST071,PROD011,2025-11-01,2025-11-06,2,0.0,Retail Store
ORD05867,CUST366,PROD001,2025-11-01,2025-11-06,1,0.2,Online
ORD05868,CUST314,PROD012,2025-11-01,2025-11-03,1,0.05,Retail Store
ORD05869,CUST194,PROD005,2025-11-01,2025-11-02,1,0.15,Retail Store
ORD05870,CUST059,PROD018,2025-11-01,2025-11-02,3,0.0,Online
ORD05871,CUST327,PROD009,2025-11-01,2025-11-07,1,0.15,Online
ORD05872,CUST004,PROD018,2025-11-01,2025-11-07,1,0.0,Retail Store
ORD05873,CUST369,PROD014,2025-11-01,2025-11-06,1,0.0,Retail Store
ORD05874,CUST156,PROD015,2025-11-01,2025-11-03,1,0.05,Retail Store
ORD05875,CUST435,PROD010,2025-11-02,2025-11-04,3,0.0,Online
ORD05876,CUST314,PROD017,2025-11-02,2025-11-05,2,0.05,Mobile App
ORD05877,CUST459,PROD016,2025-11-02,2025-11-03,1,0.05,Online
ORD05878,CUST363,PROD015,2025-11-02,2025-11-04,2,0.0,Online
ORD05879,CUST056,PROD019,2025-11-02,2025-11-05,2,0.15,Retail Store
ORD05880,CUST477,PROD007,2025-11-02,2025-11-06,3,0.2,Online
ORD05881,CUST030,PROD020,2025-11-03,2025-11-05,4,0.15,Online
ORD05882,CUST073,PROD008,2025-11-03,2025-11-06,1,0.0,Online
ORD05883,CUST226,PROD015,2025-11-03,2025-11-05,1,0.0,Retail Store
ORD05884,CUST294,PROD002,2025-11-03,2025-11-06,2,0.1,Online
ORD05885,CUST410,PROD013,2025-11-03,2025-11-04,1,0.0,Retail Store
ORD05886,CUST052,PROD008,2025-11-03,2025-11-05,1,0.2,Retail Store
ORD05887,CUST274,PROD012,2025-11-04,2025-11-05,3,0.0,Retail Store
ORD05888,CUST124,PROD006,2025-11-04,2025-11-05,1,0.15,Mobile App
ORD05889,CUST133,PROD006,2025-11-04,2025-11-07,2,0.05,Online
ORD05890,CUST266,PROD019,2025-11-04,2025-11-10,1,0.0,Retail Store
ORD05891,CUST256,PROD019,2025-11-04,2025-11-08,2,0.15,Retail Store
ORD05892,CUST293,PROD013,2025-11-04,2025-11-08,1,0.15,Retail Store
ORD05893,CUST410,PROD011,2025-11-04,2025-11-09,1,0.0,Online
ORD05894,CUST085,PROD004,2025-11-05,2025-11-10,1,0.0,Online
ORD05895,CUST458,PROD007,2025-11-05,2025-11-07,2,0.0,Mobile App
ORD05896,CUST450,PROD010,2025-11-05,2025-11-09,3,0.0,Mobile App
ORD05897,CUST283,PROD018,2025-11-05,2025-11-10,3,0.15,Retail Store
ORD05898,CUST044,PROD016,2025-11-05,2025-11-08,1,0.0,Mobile App
ORD05899,CUST079,PROD006,2025-11-05,2025-11-10,2,0.1,Mobile App
ORD05900,CUST177,PROD006,2025-11-05,2025-11-09,2,0.2,Mobile App
ORD05901,CUST289,PROD013,2025-11-05,2025-11-10,3,0.0,Retail Store
ORD05902,CUST486,PROD020,2025-11-05,2025-11-10,1,0.0,Online
ORD05903,CUST348,PROD001,2025-11-05,2025-11-06,2,0.05,Retail Store
ORD05904,CUST228,PROD013,2025-11-06,2025-11-11,1,0.15,Online
ORD05905,CUST311,PROD016,2025-11-06,2025-11-11,1,0.0,Mobile App
ORD05906,CUST027,PROD003,2025-11-06,2025-11-10,2,0.2,Online
ORD05907,CUST139,PROD007,2025-11-06,2025-11-09,1,0.0,Retail Store
ORD05908,CUST450,PROD012,2025-11-06,2025-11-08,1,0.2,Online
ORD05909,CUST283,PROD007,2025-11-06,2025-11-12,1,0.15,Retail Store
ORD05910,CUST276,PROD007,2025-11-06,2025-11-12,1,0.05,Mobile App
ORD05911,CUST292,PROD016,2025-11-06,2025-11-11,2,0.1,Mobile App
ORD05912,CUST091,PROD018,2025-11-06,2025-11-09,3,0.0,Mobile App
ORD05913,CUST006,PROD006,2025-11-06,2025-11-11,2,0.2,Online
ORD05914,CUST395,PROD009,2025-11-06,2025-11-07,1,0.0,Retail Store
ORD05915,CUST021,PROD013,2025-11-07,2025-11-09,1,0.05,Online
ORD05916,CUST415,PROD012,2025-11-07,2025-11-09,3,0.2,Retail Store
ORD05917,CUST262,PROD016,2025-11-07,2025-11-08,1,0.0,Mobile App
ORD05918,CUST089,PROD006,2025-11-07,2025-11-08,1,0.15,Online
ORD05919,CUST449,PROD005,2025-11-07,2025-11-12,1,0.0,Mobile App
ORD05920,CUST242,PROD016,2025-11-07,2025-11-10,1,0.1,Mobile App
ORD05921,CUST384,PROD013,2025-11-07,2025-11-12,1,0.05,Online
ORD05922,CUST349,PROD019,2025-11-07,2025-11-11,1,0.1,Mobile App
ORD05923,CUST168,PROD001,2025-11-07,2025-11-08,1,0.1,Retail Store
ORD05924,CUST212,PROD009,2025-11-07,2025-11-12,1,0.2,Online
ORD05925,CUST076,PROD014,2025-11-07,2025-11-10,1,0.1,Mobile App
ORD05926,CUST100,PROD016,2025-11-07,2025-11-12,1,0.05,Online
ORD05927,CUST109,PROD005,2025-11-08,2025-11-14,1,0.15,Mobile App
ORD05928,CUST479,PROD010,2025-11-08,2025-11-11,1,0.0,Retail Store
ORD05929,CUST032,PROD006,2025-11-08,2025-11-13,2,0.0,Online
ORD05930,CUST110,PROD018,2025-11-08,2025-11-13,1,0.0,Online
ORD05931,CUST108,PROD003,2025-11-08,2025-11-09,1,0.0,Retail Store
ORD05932,CUST235,PROD011,2025-11-08,2025-11-12,1,0.2,Online
ORD05933,CUST306,PROD014,2025-11-08,2025-11-10,1,0.05,Retail Store
ORD05934,CUST477,PROD014,2025-11-08,2025-11-11,2,0.05,Online
ORD05935,CUST301,PROD010,2025-11-08,2025-11-13,1,0.2,Online
ORD05936,CUST288,PROD017,2025-11-08,2025-11-11,2,0.0,Online
ORD05937,CUST064,PROD008,2025-11-08,2025-11-12,1,0.15,Mobile App
ORD05938,CUST398,PROD015,2025-11-09,2025-11-13,2,0.15,Mobile App
ORD05939,CUST216,PROD004,2025-11-09,2025-11-14,1,0.1,Retail Store
ORD05940,CUST339,PROD009,2025-11-09,2025-11-15,1,0.0,Online
ORD05941,CUST466,PROD005,2025-11-09,2025-11-13,1,0.1,Mobile App
ORD05942,CUST297,PROD019,2025-11-09,2025-11-15,1,0.0,Online
ORD05943,CUST481,PROD006,2025-11-09,2025-11-14,2,0.05,Mobile App
ORD05944,CUST163,PROD003,2025-11-09,2025-11-14,1,0.0,Retail Store
ORD05945,CUST413,PROD017,2025-11-09,2025-11-12,2,0.2,Mobile App
ORD05946,CUST244,PROD001,2025-11-10,2025-11-11,1,0.2,Retail Store
ORD05947,CUST384,PROD012,2025-11-10,2025-11-11,1,0.0,Mobile App
ORD05948,CUST463,PROD011,2025-11-10,2025-11-13,1,0.0,Retail Store
ORD05949,CUST260,PROD005,2025-11-10,2025-11-12,1,0.2,Mobile App
ORD05950,CUST453,PROD007,2025-11-10,2025-11-13,1,0.0,Online
ORD05951,CUST397,PROD018,2025-11-10,2025-11-15,1,0.15,Online
ORD05952,CUST051,PROD001,2025-11-10,2025-11-15,1,0.15,Mobile App
ORD05953,CUST074,PROD009,2025-11-11,2025-11-12,1,0.0,Mobile App
ORD05954,CUST018,PROD004,2025-11-11,2025-11-15,1,0.0,Online
ORD05955,CUST232,PROD017,2025-11-11,2025-11-12,1,0.2,Retail Store
ORD05956,CUST371,PROD003,2025-11-11,2025-11-17,1,0.1,Online
ORD05957,CUST097,PROD010,2025-11-11,2025-11-15,1,0.15,Online
ORD05958,CUST043,PROD012,2025-11-11,2025-11-17,1,0.05,Retail Store
ORD05959,CUST279,PROD017,2025-11-11,2025-11-17,1,0.0,Retail Store
ORD05960,CUST293,PROD006,2025-11-11,2025-11-13,1,0.1,Mobile App
ORD05961,CUST266,PROD003,2025-11-12,2025-11-16,1,0.0,Mobile App
ORD05962,CUST025,PROD007,2025-11-12,2025-11-13,1,0.15,Retail Store
ORD05963,CUST147,PROD004,2025-11-12,2025-11-17,2,0.05,Retail Store
ORD05964,CUST372,PROD019,2025-11-12,2025-11-17,1,0.0,Online
ORD05965,CUST346,PROD019,2025-11-12,2025-11-14,2,0.2,Mobile App
ORD05966,CUST461,PROD002,2025-11-12,2025-11-16,1,0.0,Mobile App
ORD05967,CUST032,PROD009,2025-11-12,2025-11-15,1,0.05,Retail Store
ORD05968,CUST029,PROD010,2025-11-13,2025-11-19,2,0.0,Online
ORD05969,CUST198,PROD019,2025-11-13,2025-11-17,4,0.2,Mobile App
ORD05970,CUST245,PROD013,2025-11-13,2025-11-19,2,0.05,Mobile App
ORD05971,CUST369,PROD011,2025-11-13,2025-11-15,1,0.1,Retail Store
ORD05972,CUST073,PROD001,2025-11-13,2025-11-17,1,0.0,Online
ORD05973,CUST030,PROD010,2025-11-13,2025-11-14,1,0.15,Online
ORD05974,CUST497,PROD019,2025-11-13,2025-11-15,2,0.15,Mobile App
ORD05975,CUST218,PROD011,2025-11-13,2025-11-17,1,0.05,Mobile App
ORD05976,CUST476,PROD020,2025-11-13,2025-11-19,3,0.15,Retail Store
ORD05977,CUST058,PROD013,2025-11-13,2025-11-19,1,0.0,Retail Store
ORD05978,CUST398,PROD012,2025-11-13,2025-11-15,1,0.2,Retail Store
ORD05979,CUST299,PROD019,2025-11-14,2025-11-20,1,0.15,Retail Store
ORD05980,CUST402,PROD004,2025-11-14,2025-11-20,1,0.2,Mobile App
ORD05981,CUST200,PROD014,2025-11-14,2025-11-19,1,0.0,Retail Store
ORD05982,CUST438,PROD002,2025-11-14,2025-11-19,2,0.0,Mobile App
ORD05983,CUST370,PROD012,2025-11-14,2025-11-19,1,0.0,Retail Store
ORD05984,CUST237,PROD019,2025-11-14,2025-11-17,1,0.05,Mobile App
ORD05985,CUST257,PROD012,2025-11-14,2025-11-20,1,0.05,Mobile App
ORD05986,CUST352,PROD010,2025-11-14,2025-11-18,4,0.0,Mobile App
ORD05987,CUST380,PROD016,2025-11-14,2025-11-19,1,0.0,Online
ORD05988,CUST399,PROD009,2025-11-14,2025-11-15,2,0.2,Mobile App
ORD05989,CUST259,PROD014,2025-11-14,2025-11-18,1,0.05,Online
ORD05990,CUST058,PROD006,2025-11-14,2025-11-15,2,0.05,Mobile App
ORD05991,CUST413,PROD002,2025-11-14,2025-11-17,3,0.0,Online
ORD05992,CUST228,PROD012,2025-11-15,2025-11-19,1,0.0,Mobile App
ORD05993,CUST142,PROD020,2025-11-15,2025-11-19,1,0.0,Online
ORD05994,CUST449,PROD010,2025-11-15,2025-11-19,1,0.15,Mobile App
ORD05995,CUST005,PROD004,2025-11-15,2025-11-18,1,0.15,Retail Store
ORD05996,CUST492,PROD001,2025-11-15,2025-11-16,1,0.0,Mobile App
ORD05997,CUST419,PROD008,2025-11-15,2025-11-20,1,0.0,Online
ORD05998,CUST236,PROD002,2025-11-15,2025-11-19,1,0.0,Mobile App
ORD05999,CUST169,PROD015,2025-11-15,2025-11-20,1,0.1,Mobile App
ORD06000,CUST351,PROD015,2025-11-16,2025-11-19,2,0.2,Retail Store
ORD06001,CUST029,PROD007,2025-11-16,2025-11-22,3,0.0,Retail Store
ORD06002,CUST369,PROD016,2025-11-16,2025-11-18,1,0.0,Online
ORD06003,CUST399,PROD014,2025-11-16,2025-11-17,1,0.0,Online
ORD06004,CUST020,PROD007,2025-11-16,2025-11-21,1,0.0,Mobile App
ORD06005,CUST287,PROD009,2025-11-16,2025-11-18,1,0.05,Online
ORD06006,CUST331,PROD001,2025-11-16,2025-11-17,2,0.05,Mobile App
ORD06007,CUST048,PROD007,2025-11-16,2025-11-19,1,0.0,Mobile App
ORD06008,CUST091,PROD006,2025-11-17,2025-11-18,1,0.0,Mobile App
ORD06009,CUST478,PROD019,2025-11-17,2025-11-22,1,0.05,Online
ORD06010,CUST319,PROD010,2025-11-17,2025-11-18,2,0.05,Mobile App
ORD06011,CUST355,PROD004,2025-11-17,2025-11-21,2,0.0,Online
ORD06012,CUST009,PROD019,2025-11-17,2025-11-18,1,0.05,Retail Store
ORD06013,CUST277,PROD002,2025-11-17,2025-11-21,2,0.15,Online
ORD06014,CUST075,PROD002,2025-11-17,2025-11-18,1,0.2,Online
ORD06015,CUST245,PROD019,2025-11-18,2025-11-19,1,0.1,Online
ORD06016,CUST183,PROD005,2025-11-18,2025-11-24,1,0.0,Retail Store
ORD06017,CUST142,PROD017,2025-11-18,2025-11-19,2,0.0,Retail Store
ORD06018,CUST273,PROD019,2025-11-18,2025-11-20,1,0.05,Mobile App
ORD06019,CUST066,PROD004,2025-11-18,2025-11-23,2,0.0,Retail Store
ORD06020,CUST445,PROD002,2025-11-18,2025-11-22,1,0.1,Mobile App
ORD06021,CUST497,PROD016,2025-11-18,2025-11-23,1,0.0,Online
ORD06022,CUST037,PROD005,2025-11-18,2025-11-23,2,0.1,Retail Store
ORD06023,CUST456,PROD016,2025-11-19,2025-11-22,1,0.05,Online
ORD06024,CUST458,PROD018,2025-11-19,2025-11-25,1,0.1,Retail Store
ORD06025,CUST357,PROD013,2025-11-19,2025-11-24,2,0.1,Retail Store
ORD06026,CUST457,PROD015,2025-11-19,2025-11-20,1,0.2,Mobile App
ORD06027,CUST112,PROD003,2025-11-19,2025-11-21,1,0.15,Mobile App
ORD06028,CUST495,PROD010,2025-11-19,2025-11-20,2,0.0,Online
ORD06029,CUST007,PROD016,2025-11-19,2025-11-20,1,0.1,Retail Store
ORD06030,CUST185,PROD019,2025-11-19,2025-11-25,3,0.05,Mobile App
ORD06031,CUST305,PROD005,2025-11-19,2025-11-25,2,0.05,Retail Store
ORD06032,CUST377,PROD017,2025-11-19,2025-11-20,2,0.0,Online
ORD06033,CUST001,PROD002,2025-11-19,2025-11-25,1,0.0,Retail Store
ORD06034,CUST260,PROD008,2025-11-19,2025-11-23,1,0.15,Retail Store
ORD06035,CUST050,PROD018,2025-11-20,2025-11-26,1,0.0,Online
ORD06036,CUST193,PROD008,2025-11-20,2025-11-22,1,0.0,Mobile App
ORD06037,CUST458,PROD013,2025-11-20,2025-11-22,1,0.05,Mobile App
ORD06038,CUST034,PROD014,2025-11-20,2025-11-23,1,0.2,Mobile App
ORD06039,CUST126,PROD001,2025-11-20,2025-11-24,1,0.2,Mobile App
ORD06040,CUST182,PROD011,2025-11-20,2025-11-25,1,0.15,Mobile App
ORD06041,CUST244,PROD015,2025-11-20,2025-11-23,1,0.2,Retail Store
ORD06042,CUST484,PROD005,2025-11-21,2025-11-25,2,0.0,Online
ORD06043,CUST377,PROD002,2025-11-21,2025-11-24,1,0.0,Mobile App
ORD06044,CUST484,PROD010,2025-11-21,2025-11-25,2,0.2,Retail Store
ORD06045,CUST315,PROD006,2025-11-21,2025-11-22,1,0.15,Online
ORD06046,CUST332,PROD015,2025-11-21,2025-11-27,2,0.2,Mobile App
ORD06047,CUST273,PROD010,2025-11-22,2025-11-24,1,0.0,Mobile App
ORD06048,CUST076,PROD016,2025-11-22,2025-11-27,1,0.05,Online
ORD06049,CUST111,PROD002,2025-11-22,2025-11-27,1,0.15,Online
ORD06050,CUST091,PROD003,2025-11-22,2025-11-25,1,0.15,Mobile App
ORD06051,CUST175,PROD015,2025-11-23,2025-11-25,2,0.15,Online
ORD06052,CUST272,PROD002,2025-11-23,2025-11-24,2,0.0,Online
ORD06053,CUST421,PROD017,2025-11-23,2025-11-25,1,0.0,Mobile App
ORD06054,CUST294,PROD009,2025-11-24,2025-11-25,3,0.1,Retail Store
ORD06055,CUST367,PROD003,2025-11-24,2025-11-25,3,0.0,Online
ORD06056,CUST203,PROD012,2025-11-24,2025-11-27,1,0.1,Retail Store
ORD06057,CUST109,PROD017,2025-11-24,2025-11-28,2,0.1,Retail Store
ORD06058,CUST263,PROD002,2025-11-24,2025-11-27,1,0.0,Online
ORD06059,CUST357,PROD012,2025-11-24,2025-11-29,2,0.0,Online
ORD06060,CUST332,PROD004,2025-11-24,2025-11-26,3,0.15,Online
ORD06061,CUST040,PROD001,2025-11-24,2025-11-27,1,0.0,Online
ORD06062,CUST286,PROD001,2025-11-24,2025-11-26,1,0.0,Retail Store
ORD06063,CUST280,PROD003,2025-11-24,2025-11-28,1,0.0,Retail Store
ORD06064,CUST435,PROD015,2025-11-24,2025-11-30,4,0.1,Mobile App
ORD06065,CUST034,PROD013,2025-11-25,2025-11-29,1,0.05,Mobile App
ORD06066,CUST358,PROD020,2025-11-25,2025-11-26,1,0.15,Mobile App
ORD06067,CUST399,PROD008,2025-11-25,2025-11-30,1,0.05,Online
ORD06068,CUST173,PROD016,2025-11-25,2025-11-29,1,0.0,Retail Store
ORD06069,CUST028,PROD017,2025-11-25,2025-11-30,1,0.15,Online
ORD06070,CUST462,PROD014,2025-11-25,2025-11-29,1,0.15,Mobile App
ORD06071,CUST241,PROD018,2025-11-25,2025-11-30,3,0.05,Retail Store
ORD06072,CUST405,PROD018,2025-11-25,2025-11-30,2,0.0,Mobile App
ORD06073,CUST087,PROD002,2025-11-26,2025-12-02,1,0.15,Retail Store
ORD06074,CUST106,PROD012,2025-11-26,2025-12-02,4,0.0,Retail Store
ORD06075,CUST091,PROD013,2025-11-26,2025-11-29,2,0.0,Retail Store
ORD06076,CUST117,PROD016,2025-11-26,2025-12-01,1,0.15,Mobile App
ORD06077,CUST397,PROD010,2025-11-26,2025-12-02,1,0.0,Online
ORD06078,CUST078,PROD004,2025-11-26,2025-12-01,3,0.15,Online
ORD06079,CUST150,PROD012,2025-11-26,2025-12-02,3,0.15,Mobile App
ORD06080,CUST109,PROD002,2025-11-26,2025-11-29,2,0.2,Retail Store
ORD06081,CUST327,PROD007,2025-11-26,2025-11-27,1,0.0,Retail Store
ORD06082,CUST450,PROD016,2025-11-26,2025-11-30,1,0.15,Mobile App
ORD06083,CUST204,PROD001,2025-11-26,2025-11-28,1,0.15,Retail Store
ORD06084,CUST227,PROD007,2025-11-26,2025-11-30,1,0.05,Online
ORD06085,CUST055,PROD016,2025-11-26,2025-11-30,1,0.0,Retail Store
ORD06086,CUST079,PROD013,2025-11-26,2025-11-30,2,0.2,Online
ORD06087,CUST322,PROD018,2025-11-27,2025-12-02,1,0.0,Online
ORD06088,CUST231,PROD015,2025-11-27,2025-12-02,1,0.2,Retail Store
ORD06089,CUST467,PROD011,2025-11-27,2025-12-01,1,0.2,Online
ORD06090,CUST338,PROD017,2025-11-27,2025-11-30,1,0.0,Retail Store
ORD06091,CUST173,PROD009,2025-11-27,2025-11-28,2,0.1,Online
ORD06092,CUST391,PROD006,2025-11-27,2025-11-30,2,0.0,Mobile App
ORD06093,CUST391,PROD008,2025-11-27,2025-12-02,3,0.0,Retail Store
ORD06094,CUST452,PROD014,2025-11-27,2025-12-02,2,0.15,Mobile App
ORD06095,CUST161,PROD011,2025-11-27,2025-11-28,1,0.15,Online
ORD06096,CUST087,PROD018,2025-11-27,2025-11-29,3,0.15,Retail Store
ORD06097,CUST346,PROD015,2025-11-27,2025-12-01,1,0.0,Mobile App
ORD06098,CUST430,PROD015,2025-11-28,2025-11-30,1,0.0,Online
ORD06099,CUST316,PROD018,2025-11-28,2025-12-01,1,0.1,Mobile App
ORD06100,CUST493,PROD015,2025-11-28,2025-12-02,3,0.2,Online
ORD06101,CUST157,PROD006,2025-11-28,2025-12-01,1,0.2,Mobile App
ORD06102,CUST390,PROD018,2025-11-28,2025-12-04,1,0.1,Retail Store
ORD06103,CUST220,PROD013,2025-11-28,2025-11-29,1,0.15,Online
ORD06104,CUST074,PROD018,2025-11-28,2025-12-03,1,0.0,Retail Store
ORD06105,CUST116,PROD004,2025-11-28,2025-11-29,1,0.15,Retail Store
ORD06106,CUST438,PROD017,2025-11-28,2025-12-03,1,0.0,Mobile App
ORD06107,CUST207,PROD011,2025-11-28,2025-11-30,2,0.15,Mobile App
ORD06108,CUST088,PROD011,2025-11-28,2025-11-29,1,0.0,Mobile App
ORD06109,CUST400,PROD003,2025-11-28,2025-12-04,2,0.0,Mobile App
ORD06110,CUST019,PROD012,2025-11-28,2025-12-03,3,0.15,Retail Store
ORD06111,CUST315,PROD016,2025-11-29,2025-12-04,2,0.0,Mobile App
ORD06112,CUST051,PROD019,2025-11-29,2025-12-02,3,0.2,Online
ORD06113,CUST302,PROD017,2025-11-29,2025-12-02,2,0.2,Online
ORD06114,CUST146,PROD012,2025-11-29,2025-12-05,1,0.15,Online
ORD06115,CUST384,PROD002,2025-11-29,2025-12-05,1,0.1,Mobile App
ORD06116,CUST482,PROD003,2025-11-29,2025-12-01,4,0.0,Retail Store
ORD06117,CUST302,PROD018,2025-11-29,2025-12-04,1,0.2,Retail Store
ORD06118,CUST296,PROD008,2025-11-29,2025-12-04,1,0.0,Online
ORD06119,CUST151,PROD014,2025-11-29,2025-12-04,3,0.05,Mobile App
ORD06120,CUST192,PROD003,2025-11-29,2025-12-03,1,0.0,Retail Store
ORD06121,CUST468,PROD002,2025-11-29,2025-12-05,1,0.05,Online
ORD06122,CUST221,PROD013,2025-11-29,2025-12-02,1,0.0,Mobile App
ORD06123,CUST050,PROD001,2025-11-30,2025-12-05,2,0.0,Mobile App
ORD06124,CUST325,PROD005,2025-11-30,2025-12-05,2,0.2,Mobile App
ORD06125,CUST204,PROD009,2025-11-30,2025-12-04,1,0.0,Retail Store
ORD06126,CUST412,PROD006,2025-11-30,2025-12-04,1,0.0,Online
ORD06127,CUST231,PROD008,2025-11-30,2025-12-04,2,0.0,Retail Store
ORD06128,CUST217,PROD016,2025-11-30,2025-12-02,4,0.2,Online
ORD06129,CUST336,PROD006,2025-11-30,2025-12-01,1,0.15,Mobile App
ORD06130,CUST436,PROD005,2025-11-30,2025-12-03,3,0.0,Online
ORD06131,CUST113,PROD016,2025-11-30,2025-12-05,3,0.0,Mobile App
ORD06132,CUST167,PROD011,2025-11-30,2025-12-05,1,0.0,Retail Store
ORD06133,CUST314,PROD009,2025-12-01,2025-12-04,2,0.0,Retail Store
ORD06134,CUST284,PROD013,2025-12-01,2025-12-04,2,0.15,Retail Store
ORD06135,CUST121,PROD012,2025-12-01,2025-12-07,2,0.1,Retail Store
ORD06136,CUST339,PROD017,2025-12-01,2025-12-06,1,0.05,Online
ORD06137,CUST128,PROD018,2025-12-01,2025-12-04,1,0.0,Mobile App
ORD06138,CUST214,PROD010,2025-12-01,2025-12-02,3,0.15,Online
ORD06139,CUST078,PROD007,2025-12-01,2025-12-05,1,0.0,Retail Store
ORD06140,CUST321,PROD016,2025-12-01,2025-12-02,4,0.0,Retail Store
ORD06141,CUST025,PROD006,2025-12-01,2025-12-02,1,0.0,Mobile App
ORD06142,CUST480,PROD019,2025-12-02,2025-12-03,2,0.05,Online
ORD06143,CUST267,PROD006,2025-12-02,2025-12-06,1,0.0,Mobile App
ORD06144,CUST277,PROD020,2025-12-02,2025-12-03,2,0.15,Online
ORD06145,CUST276,PROD013,2025-12-02,2025-12-04,2,0.05,Mobile App
ORD06146,CUST140,PROD014,2025-12-02,2025-12-08,1,0.0,Mobile App
ORD06147,CUST379,PROD007,2025-12-02,2025-12-08,1,0.2,Retail Store
ORD06148,CUST413,PROD010,2025-12-02,2025-12-07,1,0.15,Online
ORD06149,CUST205,PROD004,2025-12-02,2025-12-08,1,0.2,Online
ORD06150,CUST451,PROD012,2025-12-02,2025-12-06,4,0.05,Online
ORD06151,CUST404,PROD009,2025-12-02,2025-12-03,1,0.05,Retail Store
ORD06152,CUST103,PROD001,2025-12-02,2025-12-06,1,0.15,Online
ORD06153,CUST459,PROD002,2025-12-03,2025-12-04,1,0.1,Online
ORD06154,CUST466,PROD012,2025-12-03,2025-12-08,1,0.0,Mobile App
ORD06155,CUST096,PROD004,2025-12-03,2025-12-06,1,0.2,Online
ORD06156,CUST333,PROD007,2025-12-03,2025-12-05,2,0.2,Online
ORD06157,CUST337,PROD007,2025-12-03,2025-12-06,1,0.0,Mobile App
ORD06158,CUST260,PROD013,2025-12-03,2025-12-07,1,0.15,Retail Store
ORD06159,CUST459,PROD001,2025-12-03,2025-12-04,1,0.05,Retail Store
ORD06160,CUST405,PROD002,2025-12-03,2025-12-09,1,0.0,Retail Store
ORD06161,CUST479,PROD015,2025-12-03,2025-12-05,1,0.2,Online
ORD06162,CUST043,PROD016,2025-12-03,2025-12-06,1,0.2,Online
ORD06163,CUST430,PROD005,2025-12-03,2025-12-06,1,0.0,Retail Store
ORD06164,CUST458,PROD013,2025-12-04,2025-12-10,1,0.15,Mobile App
ORD06165,CUST250,PROD003,2025-12-04,2025-12-10,3,0.0,Online
ORD06166,CUST262,PROD001,2025-12-04,2025-12-07,1,0.0,Retail Store
ORD06167,CUST200,PROD002,2025-12-04,2025-12-10,1,0.15,Online
ORD06168,CUST178,PROD001,2025-12-04,2025-12-09,3,0.1,Online
ORD06169,CUST378,PROD009,2025-12-04,2025-12-09,2,0.0,Online
ORD06170,CUST083,PROD009,2025-12-04,2025-12-09,1,0.0,Online
ORD06171,CUST308,PROD014,2025-12-04,2025-12-06,1,0.0,Retail Store
ORD06172,CUST175,PROD003,2025-12-04,2025-12-06,2,0.0,Retail Store
ORD06173,CUST494,PROD001,2025-12-04,2025-12-07,1,0.15,Mobile App
ORD06174,CUST043,PROD012,2025-12-04,2025-12-08,1,0.2,Online
ORD06175,CUST451,PROD012,2025-12-05,2025-12-06,1,0.1,Online
ORD06176,CUST312,PROD010,2025-12-05,2025-12-10,1,0.15,Online
ORD06177,CUST180,PROD014,2025-12-05,2025-12-06,1,0.15,Mobile App
ORD06178,CUST357,PROD012,2025-12-05,2025-12-10,1,0.15,Retail Store
ORD06179,CUST402,PROD016,2025-12-05,2025-12-10,1,0.2,Online
ORD06180,CUST266,PROD017,2025-12-05,2025-12-11,2,0.05,Retail Store
ORD06181,CUST174,PROD006,2025-12-06,2025-12-08,2,0.05,Mobile App
ORD06182,CUST177,PROD015,2025-12-06,2025-12-11,1,0.2,Retail Store
ORD06183,CUST122,PROD009,2025-12-06,2025-12-10,1,0.0,Online
ORD06184,CUST176,PROD010,2025-12-06,2025-12-10,1,0.05,Retail Store
ORD06185,CUST218,PROD006,2025-12-06,2025-12-10,2,0.0,Online
ORD06186,CUST433,PROD015,2025-12-06,2025-12-09,1,0.2,Online
ORD06187,CUST255,PROD009,2025-12-06,2025-12-09,3,0.05,Online
ORD06188,CUST094,PROD006,2025-12-06,2025-12-09,2,0.0,Online
ORD06189,CUST244,PROD018,2025-12-06,2025-12-08,4,0.05,Mobile App
ORD06190,CUST170,PROD001,2025-12-06,2025-12-07,1,0.15,Mobile App
ORD06191,CUST224,PROD019,2025-12-07,2025-12-12,2,0.0,Retail Store
ORD06192,CUST436,PROD005,2025-12-07,2025-12-13,2,0.05,Online
ORD06193,CUST300,PROD001,2025-12-07,2025-12-08,1,0.1,Retail Store
ORD06194,CUST007,PROD007,2025-12-07,2025-12-12,1,0.0,Mobile App
ORD06195,CUST135,PROD020,2025-12-07,2025-12-08,1,0.0,Online
ORD06196,CUST029,PROD016,2025-12-07,2025-12-12,2,0.0,Online
ORD06197,CUST119,PROD006,2025-12-07,2025-12-09,1,0.0,Mobile App
ORD06198,CUST192,PROD013,2025-12-07,2025-12-09,1,0.15,Mobile App
ORD06199,CUST009,PROD010,2025-12-07,2025-12-08,1,0.0,Retail Store
ORD06200,CUST224,PROD020,2025-12-07,2025-12-08,1,0.2,Mobile App
ORD06201,CUST374,PROD008,2025-12-07,2025-12-08,2,0.1,Online
ORD06202,CUST015,PROD018,2025-12-07,2025-12-12,1,0.1,Mobile App
ORD06203,CUST108,PROD007,2025-12-08,2025-12-10,1,0.0,Retail Store
ORD06204,CUST190,PROD015,2025-12-08,2025-12-14,1,0.2,Online
ORD06205,CUST203,PROD011,2025-12-08,2025-12-10,1,0.05,Mobile App
ORD06206,CUST179,PROD010,2025-12-08,2025-12-11,1,0.05,Retail Store
ORD06207,CUST262,PROD008,2025-12-08,2025-12-12,1,0.1,Retail Store
ORD06208,CUST018,PROD001,2025-12-08,2025-12-12,1,0.05,Retail Store
ORD06209,CUST392,PROD007,2025-12-08,2025-12-13,2,0.0,Online
ORD06210,CUST298,PROD016,2025-12-08,2025-12-09,1,0.15,Retail Store
ORD06211,CUST453,PROD005,2025-12-08,2025-12-13,1,0.05,Retail Store
ORD06212,CUST123,PROD006,2025-12-08,2025-12-13,2,0.15,Retail Store
ORD06213,CUST360,PROD008,2025-12-09,2025-12-11,1,0.0,Retail Store
ORD06214,CUST446,PROD001,2025-12-09,2025-12-14,1,0.0,Retail Store
ORD06215,CUST124,PROD008,2025-12-09,2025-12-14,1,0.2,Online
ORD06216,CUST081,PROD004,2025-12-09,2025-12-13,4,0.0,Online
ORD06217,CUST284,PROD012,2025-12-09,2025-12-10,1,0.1,Online
ORD06218,CUST066,PROD002,2025-12-09,2025-12-14,1,0.0,Online
ORD06219,CUST277,PROD013,2025-12-09,2025-12-13,3,0.15,Online
ORD06220,CUST473,PROD001,2025-12-09,2025-12-13,1,0.0,Retail Store
ORD06221,CUST057,PROD011,2025-12-09,2025-12-13,3,0.0,Mobile App
ORD06222,CUST491,PROD011,2025-12-09,2025-12-12,2,0.0,Retail Store
ORD06223,CUST155,PROD020,2025-12-09,2025-12-10,1,0.0,Retail Store
ORD06224,CUST159,PROD018,2025-12-09,2025-12-14,2,0.0,Online
ORD06225,CUST214,PROD016,2025-12-09,2025-12-11,1,0.15,Mobile App
ORD06226,CUST099,PROD001,2025-12-10,2025-12-16,1,0.0,Retail Store
ORD06227,CUST495,PROD016,2025-12-10,2025-12-16,1,0.05,Retail Store
ORD06228,CUST134,PROD012,2025-12-10,2025-12-12,1,0.0,Mobile App
ORD06229,CUST240,PROD004,2025-12-10,2025-12-13,1,0.05,Retail Store
ORD06230,CUST238,PROD002,2025-12-10,2025-12-13,2,0.0,Online
ORD06231,CUST049,PROD001,2025-12-11,2025-12-14,1,0.05,Mobile App
ORD06232,CUST363,PROD017,2025-12-11,2025-12-14,2,0.0,Mobile App
ORD06233,CUST187,PROD006,2025-12-11,2025-12-12,1,0.1,Mobile App
ORD06234,CUST090,PROD018,2025-12-11,2025-12-16,2,0.0,Retail Store
ORD06235,CUST220,PROD016,2025-12-11,2025-12-17,1,0.05,Online
ORD06236,CUST322,PROD016,2025-12-11,2025-12-12,1,0.15,Retail Store
ORD06237,CUST434,PROD016,2025-12-11,2025-12-17,2,0.0,Mobile App
ORD06238,CUST415,PROD016,2025-12-11,2025-12-13,1,0.0,Retail Store
ORD06239,CUST222,PROD014,2025-12-11,2025-12-15,2,0.15,Retail Store
ORD06240,CUST447,PROD015,2025-12-12,2025-12-15,1,0.1,Online
ORD06241,CUST061,PROD005,2025-12-12,2025-12-17,2,0.0,Online
ORD06242,CUST442,PROD020,2025-12-12,2025-12-14,1,0.05,Mobile App
ORD06243,CUST456,PROD001,2025-12-12,2025-12-17,1,0.05,Online
ORD06244,CUST165,PROD020,2025-12-12,2025-12-14,1,0.0,Mobile App
ORD06245,CUST106,PROD002,2025-12-12,2025-12-15,1,0.15,Online
ORD06246,CUST430,PROD004,2025-12-12,2025-12-18,3,0.0,Mobile App
ORD06247,CUST072,PROD004,2025-12-12,2025-12-16,1,0.15,Retail Store
ORD06248,CUST437,PROD001,2025-12-12,2025-12-13,1,0.0,Retail Store
ORD06249,CUST131,PROD002,2025-12-13,2025-12-19,3,0.0,Online
ORD06250,CUST198,PROD017,2025-12-13,2025-12-18,4,0.1,Online
ORD06251,CUST071,PROD004,2025-12-13,2025-12-19,1,0.15,Online
ORD06252,CUST090,PROD015,2025-12-13,2025-12-17,2,0.2,Online
ORD06253,CUST097,PROD009,2025-12-13,2025-12-16,1,0.0,Online
ORD06254,CUST292,PROD015,2025-12-13,2025-12-18,1,0.2,Online
ORD06255,CUST465,PROD011,2025-12-13,2025-12-17,3,0.2,Online
ORD06256,CUST184,PROD005,2025-12-13,2025-12-14,1,0.15,Online
ORD06257,CUST492,PROD011,2025-12-13,2025-12-18,4,0.1,Retail Store
ORD06258,CUST271,PROD004,2025-12-13,2025-12-18,1,0.1,Online
ORD06259,CUST145,PROD010,2025-12-14,2025-12-16,2,0.1,Mobile App
ORD06260,CUST092,PROD014,2025-12-14,2025-12-19,1,0.0,Online
ORD06261,CUST349,PROD006,2025-12-14,2025-12-19,2,0.2,Retail Store
ORD06262,CUST345,PROD009,2025-12-14,2025-12-18,1,0.2,Retail Store
ORD06263,CUST236,PROD016,2025-12-14,2025-12-15,1,0.0,Retail Store
ORD06264,CUST290,PROD008,2025-12-14,2025-12-16,1,0.2,Online
ORD06265,CUST274,PROD020,2025-12-14,2025-12-20,1,0.0,Mobile App
ORD06266,CUST358,PROD008,2025-12-14,2025-12-16,1,0.2,Retail Store
ORD06267,CUST297,PROD010,2025-12-14,2025-12-17,1,0.0,Mobile App
ORD06268,CUST190,PROD002,2025-12-15,2025-12-20,1,0.2,Mobile App
ORD06269,CUST081,PROD020,2025-12-15,2025-12-18,1,0.05,Mobile App
ORD06270,CUST089,PROD010,2025-12-15,2025-12-17,1,0.0,Mobile App
ORD06271,CUST156,PROD015,2025-12-15,2025-12-18,2,0.2,Online
ORD06272,CUST300,PROD004,2025-12-15,2025-12-20,1,0.05,Mobile App
ORD06273,CUST158,PROD019,2025-12-16,2025-12-19,3,0.0,Online
ORD06274,CUST482,PROD019,2025-12-16,2025-12-22,1,0.0,Retail Store
ORD06275,CUST029,PROD019,2025-12-16,2025-12-22,1,0.0,Retail Store
ORD06276,CUST282,PROD013,2025-12-16,2025-12-19,1,0.2,Online
ORD06277,CUST413,PROD008,2025-12-16,2025-12-21,1,0.1,Retail Store
ORD06278,CUST019,PROD008,2025-12-16,2025-12-20,2,0.05,Online
ORD06279,CUST167,PROD004,2025-12-16,2025-12-21,1,0.1,Online
ORD06280,CUST423,PROD006,2025-12-16,2025-12-19,1,0.0,Mobile App
ORD06281,CUST296,PROD011,2025-12-16,2025-12-18,3,0.0,Retail Store
ORD06282,CUST395,PROD013,2025-12-16,2025-12-18,2,0.1,Mobile App
ORD06283,CUST439,PROD016,2025-12-17,2025-12-18,1,0.0,Mobile App
ORD06284,CUST083,PROD019,2025-12-17,2025-12-22,1,0.2,Mobile App
ORD06285,CUST193,PROD009,2025-12-17,2025-12-21,1,0.15,Mobile App
ORD06286,CUST347,PROD020,2025-12-17,2025-12-18,3,0.15,Mobile App
ORD06287,CUST247,PROD012,2025-12-17,2025-12-20,1,0.15,Online
ORD06288,CUST209,PROD020,2025-12-17,2025-12-18,4,0.05,Online
ORD06289,CUST322,PROD016,2025-12-17,2025-12-20,2,0.0,Online
ORD06290,CUST066,PROD015,2025-12-18,2025-12-20,4,0.05,Online
ORD06291,CUST036,PROD020,2025-12-18,2025-12-24,1,0.1,Online
ORD06292,CUST398,PROD006,2025-12-18,2025-12-20,1,0.05,Mobile App
ORD06293,CUST435,PROD008,2025-12-18,2025-12-24,1,0.2,Online
ORD06294,CUST275,PROD001,2025-12-18,2025-12-21,1,0.0,Mobile App
ORD06295,CUST337,PROD017,2025-12-18,2025-12-23,4,0.2,Online
ORD06296,CUST017,PROD019,2025-12-18,2025-12-19,1,0.05,Mobile App
ORD06297,CUST333,PROD008,2025-12-18,2025-12-21,1,0.05,Mobile App
ORD06298,CUST309,PROD007,2025-12-18,2025-12-19,2,0.15,Retail Store
ORD06299,CUST333,PROD019,2025-12-18,2025-12-19,2,0.0,Mobile App
ORD06300,CUST300,PROD002,2025-12-18,2025-12-19,1,0.1,Online
ORD06301,CUST301,PROD010,2025-12-18,2025-12-22,2,0.0,Online
ORD06302,CUST379,PROD018,2025-12-18,2025-12-21,2,0.15,Mobile App
ORD06303,CUST362,PROD005,2025-12-19,2025-12-21,3,0.0,Mobile App
ORD06304,CUST368,PROD002,2025-12-19,2025-12-21,1,0.1,Retail Store
ORD06305,CUST007,PROD005,2025-12-19,2025-12-20,1,0.0,Retail Store
ORD06306,CUST105,PROD016,2025-12-19,2025-12-20,1,0.0,Mobile App
ORD06307,CUST332,PROD010,2025-12-19,2025-12-22,1,0.1,Retail Store
ORD06308,CUST009,PROD005,2025-12-19,2025-12-23,1,0.15,Mobile App
ORD06309,CUST172,PROD008,2025-12-19,2025-12-21,3,0.1,Retail Store
ORD06310,CUST091,PROD001,2025-12-19,2025-12-24,1,0.2,Retail Store
ORD06311,CUST459,PROD016,2025-12-20,2025-12-25,1,0.1,Online
ORD06312,CUST416,PROD008,2025-12-20,2025-12-21,1,0.0,Online
ORD06313,CUST093,PROD014,2025-12-20,2025-12-24,2,0.1,Mobile App
ORD06314,CUST247,PROD019,2025-12-20,2025-12-22,2,0.0,Mobile App
ORD06315,CUST219,PROD018,2025-12-20,2025-12-26,2,0.0,Mobile App
ORD06316,CUST004,PROD014,2025-12-20,2025-12-25,2,0.0,Retail Store
ORD06317,CUST029,PROD001,2025-12-20,2025-12-22,1,0.2,Mobile App
ORD06318,CUST234,PROD002,2025-12-21,2025-12-23,1,0.0,Online
ORD06319,CUST395,PROD016,2025-12-21,2025-12-25,1,0.0,Online
ORD06320,CUST229,PROD017,2025-12-21,2025-12-24,1,0.1,Online
ORD06321,CUST090,PROD004,2025-12-21,2025-12-23,1,0.1,Mobile App
ORD06322,CUST434,PROD014,2025-12-21,2025-12-25,3,0.15,Mobile App
ORD06323,CUST135,PROD009,2025-12-21,2025-12-25,1,0.1,Mobile App
ORD06324,CUST321,PROD015,2025-12-21,2025-12-27,1,0.15,Online
ORD06325,CUST227,PROD013,2025-12-22,2025-12-24,1,0.2,Retail Store
ORD06326,CUST063,PROD002,2025-12-22,2025-12-24,1,0.15,Online
ORD06327,CUST392,PROD015,2025-12-22,2025-12-24,2,0.05,Retail Store
ORD06328,CUST024,PROD015,2025-12-22,2025-12-24,2,0.0,Retail Store
ORD06329,CUST087,PROD017,2025-12-22,2025-12-25,2,0.15,Retail Store
ORD06330,CUST191,PROD004,2025-12-22,2025-12-23,3,0.0,Retail Store
ORD06331,CUST056,PROD011,2025-12-22,2025-12-23,1,0.0,Retail Store
ORD06332,CUST471,PROD012,2025-12-22,2025-12-24,1,0.2,Mobile App
ORD06333,CUST488,PROD011,2025-12-23,2025-12-27,2,0.0,Online
ORD06334,CUST334,PROD003,2025-12-23,2025-12-26,2,0.1,Online
ORD06335,CUST098,PROD006,2025-12-23,2025-12-24,1,0.15,Online
ORD06336,CUST222,PROD004,2025-12-23,2025-12-28,1,0.2,Retail Store
ORD06337,CUST198,PROD002,2025-12-23,2025-12-28,1,0.1,Online
ORD06338,CUST447,PROD015,2025-12-23,2025-12-24,1,0.2,Mobile App
ORD06339,CUST316,PROD019,2025-12-23,2025-12-27,1,0.15,Online
ORD06340,CUST458,PROD005,2025-12-23,2025-12-29,1,0.2,Online
ORD06341,CUST473,PROD011,2025-12-23,2025-12-25,1,0.0,Mobile App
ORD06342,CUST059,PROD005,2025-12-23,2025-12-29,2,0.0,Retail Store
ORD06343,CUST108,PROD012,2025-12-24,2025-12-29,1,0.0,Online
ORD06344,CUST263,PROD019,2025-12-24,2025-12-28,1,0.0,Online
ORD06345,CUST287,PROD006,2025-12-24,2025-12-25,4,0.05,Retail Store
ORD06346,CUST439,PROD004,2025-12-24,2025-12-28,1,0.1,Mobile App
ORD06347,CUST420,PROD006,2025-12-24,2025-12-26,1,0.0,Online
ORD06348,CUST353,PROD006,2025-12-24,2025-12-25,1,0.0,Online
ORD06349,CUST500,PROD001,2025-12-24,2025-12-26,1,0.15,Online
ORD06350,CUST419,PROD007,2025-12-25,2025-12-26,2,0.1,Online
ORD06351,CUST250,PROD003,2025-12-25,2025-12-29,1,0.1,Retail Store
ORD06352,CUST002,PROD017,2025-12-25,2025-12-29,1,0.05,Retail Store
ORD06353,CUST376,PROD008,2025-12-25,2025-12-27,3,0.05,Online
ORD06354,CUST110,PROD016,2025-12-25,2025-12-28,1,0.1,Retail Store
ORD06355,CUST436,PROD007,2025-12-25,2025-12-27,2,0.2,Retail Store
ORD06356,CUST444,PROD006,2025-12-25,2025-12-26,1,0.2,Retail Store
ORD06357,CUST004,PROD011,2025-12-25,2025-12-30,1,0.1,Retail Store
ORD06358,CUST407,PROD014,2025-12-25,2025-12-28,1,0.0,Mobile App
ORD06359,CUST290,PROD009,2025-12-25,2025-12-27,2,0.0,Mobile App
ORD06360,CUST281,PROD005,2025-12-26,2025-12-31,1,0.0,Retail Store
ORD06361,CUST115,PROD001,2025-12-26,2025-12-29,2,0.05,Mobile App
ORD06362,CUST034,PROD020,2025-12-26,2025-12-31,1,0.0,Online
ORD06363,CUST294,PROD008,2025-12-26,2025-12-31,2,0.2,Online
ORD06364,CUST280,PROD008,2025-12-26,2025-12-29,2,0.15,Mobile App
ORD06365,CUST222,PROD011,2025-12-26,2025-12-29,1,0.0,Online
ORD06366,CUST109,PROD013,2025-12-26,2025-12-30,2,0.0,Online
ORD06367,CUST265,PROD002,2025-12-26,2025-12-27,2,0.2,Mobile App
ORD06368,CUST091,PROD009,2025-12-27,2025-12-28,1,0.2,Retail Store
ORD06369,CUST104,PROD013,2025-12-27,2026-01-01,1,0.05,Online
ORD06370,CUST179,PROD017,2025-12-27,2025-12-31,2,0.0,Retail Store
ORD06371,CUST097,PROD001,2025-12-27,2026-01-02,2,0.1,Retail Store
ORD06372,CUST221,PROD002,2025-12-27,2026-01-01,2,0.2,Online
ORD06373,CUST427,PROD006,2025-12-27,2026-01-01,1,0.05,Mobile App
ORD06374,CUST355,PROD014,2025-12-27,2026-01-01,1,0.0,Retail Store
ORD06375,CUST035,PROD018,2025-12-27,2025-12-29,1,0.0,Online
ORD06376,CUST376,PROD011,2025-12-27,2026-01-02,2,0.05,Retail Store
ORD06377,CUST041,PROD015,2025-12-27,2025-12-29,1,0.15,Mobile App
ORD06378,CUST472,PROD005,2025-12-28,2026-01-03,4,0.0,Retail Store
ORD06379,CUST132,PROD004,2025-12-28,2025-12-30,1,0.0,Retail Store
ORD06380,CUST264,PROD015,2025-12-28,2026-01-01,1,0.0,Mobile App
ORD06381,CUST471,PROD003,2025-12-28,2025-12-29,1,0.0,Retail Store
ORD06382,CUST335,PROD010,2025-12-28,2025-12-31,2,0.05,Mobile App
ORD06383,CUST494,PROD013,2025-12-28,2025-12-31,1,0.0,Online
ORD06384,CUST474,PROD003,2025-12-28,2025-12-31,1,0.05,Online
ORD06385,CUST179,PROD004,2025-12-28,2026-01-03,1,0.0,Online
ORD06386,CUST406,PROD011,2025-12-28,2026-01-03,3,0.1,Mobile App
ORD06387,CUST069,PROD019,2025-12-28,2026-01-03,1,0.0,Mobile App
ORD06388,CUST253,PROD002,2025-12-28,2025-12-31,3,0.0,Retail Store
ORD06389,CUST252,PROD014,2025-12-28,2026-01-01,1,0.0,Retail Store
ORD06390,CUST278,PROD011,2025-12-28,2025-12-29,2,0.1,Mobile App
ORD06391,CUST202,PROD011,2025-12-29,2026-01-02,1,0.05,Retail Store
ORD06392,CUST449,PROD014,2025-12-29,2026-01-02,1,0.0,Retail Store
ORD06393,CUST247,PROD010,2025-12-29,2025-12-30,1,0.0,Online
ORD06394,CUST200,PROD005,2025-12-29,2025-12-30,2,0.0,Mobile App
ORD06395,CUST066,PROD016,2025-12-29,2026-01-02,1,0.15,Retail Store
ORD06396,CUST051,PROD005,2025-12-29,2026-01-02,2,0.0,Online
ORD06397,CUST141,PROD015,2025-12-29,2026-01-02,1,0.0,Mobile App
ORD06398,CUST340,PROD004,2025-12-29,2026-01-01,1,0.2,Mobile App
ORD06399,CUST058,PROD010,2025-12-29,2025-12-31,2,0.0,Online
ORD06400,CUST107,PROD006,2025-12-29,2025-12-31,2,0.0,Retail Store
ORD06401,CUST246,PROD013,2025-12-29,2026-01-02,1,0.15,Mobile App
ORD06402,CUST491,PROD018,2025-12-29,2025-12-30,1,0.0,Mobile App
ORD06403,CUST105,PROD018,2025-12-30,2026-01-04,1,0.15,Retail Store
ORD06404,CUST256,PROD004,2025-12-30,2026-01-04,2,0.2,Retail Store
ORD06405,CUST070,PROD002,2025-12-30,2025-12-31,1,0.2,Online
ORD06406,CUST062,PROD018,2025-12-30,2026-01-02,1,0.0,Mobile App
ORD06407,CUST131,PROD013,2025-12-30,2026-01-05,1,0.0,Retail Store
ORD06408,CUST111,PROD010,2025-12-30,2025-12-31,1,0.0,Retail Store
ORD06409,CUST257,PROD015,2025-12-30,2025-12-31,2,0.0,Mobile App
ORD06410,CUST098,PROD012,2025-12-30,2026-01-04,1,0.0,Mobile App
ORD06411,CUST434,PROD008,2025-12-30,2026-01-04,1,0.1,Retail Store
ORD06412,CUST133,PROD010,2025-12-30,2025-12-31,4,0.0,Online
ORD06413,CUST078,PROD005,2025-12-31,2026-01-04,3,0.1,Retail Store
ORD06414,CUST137,PROD017,2025-12-31,2026-01-05,3,0.1,Retail Store
ORD06415,CUST263,PROD014,2025-12-31,2026-01-06,2,0.2,Retail Store
ORD06416,CUST093,PROD001,2025-12-31,2026-01-01,1,0.0,Mobile App
ORD06417,CUST409,PROD008,2025-12-31,2026-01-01,1,0.0,Mobile App
ORD06418,CUST005,PROD017,2025-12-31,2026-01-02,2,0.0,Mobile App
ORD06419,CUST342,PROD003,2025-12-31,2026-01-05,2,0.15,Online
ORD06420,CUST022,PROD018,2026-01-01,2026-01-02,2,0.0,Mobile App
ORD06421,CUST345,PROD020,2026-01-01,2026-01-05,4,0.0,Mobile App
ORD06422,CUST304,PROD019,2026-01-01,2026-01-02,1,0.0,Retail Store
ORD06423,CUST164,PROD003,2026-01-01,2026-01-03,1,0.1,Retail Store
ORD06424,CUST294,PROD005,2026-01-01,2026-01-05,1,0.0,Online
ORD06425,CUST325,PROD007,2026-01-01,2026-01-04,1,0.15,Retail Store
ORD06426,CUST119,PROD015,2026-01-01,2026-01-06,1,0.15,Retail Store
ORD06427,CUST481,PROD007,2026-01-02,2026-01-03,1,0.0,Mobile App
ORD06428,CUST471,PROD016,2026-01-02,2026-01-06,1,0.1,Online
ORD06429,CUST500,PROD002,2026-01-02,2026-01-08,1,0.0,Online
ORD06430,CUST098,PROD007,2026-01-02,2026-01-08,1,0.0,Online
ORD06431,CUST403,PROD017,2026-01-02,2026-01-08,3,0.15,Online
ORD06432,CUST186,PROD016,2026-01-02,2026-01-05,2,0.0,Retail Store
ORD06433,CUST375,PROD005,2026-01-02,2026-01-06,1,0.0,Retail Store
ORD06434,CUST175,PROD013,2026-01-02,2026-01-06,2,0.15,Mobile App
ORD06435,CUST396,PROD006,2026-01-02,2026-01-08,1,0.15,Mobile App
ORD06436,CUST137,PROD005,2026-01-03,2026-01-05,2,0.1,Mobile App
ORD06437,CUST222,PROD020,2026-01-03,2026-01-09,1,0.0,Retail Store
ORD06438,CUST337,PROD012,2026-01-03,2026-01-07,1,0.0,Online
ORD06439,CUST080,PROD007,2026-01-03,2026-01-04,3,0.1,Online
ORD06440,CUST301,PROD020,2026-01-03,2026-01-07,1,0.2,Retail Store
ORD06441,CUST187,PROD013,2026-01-03,2026-01-08,2,0.05,Mobile App
ORD06442,CUST260,PROD016,2026-01-04,2026-01-10,1,0.0,Retail Store
ORD06443,CUST002,PROD007,2026-01-04,2026-01-05,2,0.0,Mobile App
ORD06444,CUST287,PROD019,2026-01-04,2026-01-06,2,0.2,Mobile App
ORD06445,CUST075,PROD001,2026-01-04,2026-01-09,3,0.0,Mobile App
ORD06446,CUST159,PROD013,2026-01-04,2026-01-10,1,0.05,Mobile App
ORD06447,CUST281,PROD008,2026-01-04,2026-01-07,3,0.1,Retail Store
ORD06448,CUST369,PROD013,2026-01-04,2026-01-05,4,0.1,Mobile App
ORD06449,CUST047,PROD015,2026-01-04,2026-01-06,4,0.15,Online
ORD06450,CUST229,PROD020,2026-01-04,2026-01-08,1,0.05,Mobile App
ORD06451,CUST096,PROD003,2026-01-05,2026-01-06,1,0.2,Retail Store
ORD06452,CUST426,PROD014,2026-01-05,2026-01-09,1,0.15,Mobile App
ORD06453,CUST333,PROD006,2026-01-05,2026-01-11,1,0.0,Retail Store
ORD06454,CUST025,PROD013,2026-01-05,2026-01-07,1,0.0,Mobile App
ORD06455,CUST407,PROD017,2026-01-05,2026-01-07,1,0.05,Mobile App
ORD06456,CUST447,PROD012,2026-01-05,2026-01-07,1,0.2,Online
ORD06457,CUST100,PROD013,2026-01-05,2026-01-07,1,0.0,Mobile App
ORD06458,CUST126,PROD010,2026-01-05,2026-01-09,3,0.2,Retail Store
ORD06459,CUST033,PROD004,2026-01-05,2026-01-08,1,0.0,Retail Store
ORD06460,CUST443,PROD004,2026-01-05,2026-01-10,1,0.0,Mobile App
ORD06461,CUST454,PROD003,2026-01-05,2026-01-07,3,0.2,Retail Store
ORD06462,CUST332,PROD009,2026-01-05,2026-01-07,1,0.0,Mobile App
ORD06463,CUST052,PROD006,2026-01-05,2026-01-10,1,0.1,Retail Store
ORD06464,CUST471,PROD014,2026-01-05,2026-01-08,4,0.1,Online
ORD06465,CUST254,PROD008,2026-01-05,2026-01-11,1,0.0,Retail Store
ORD06466,CUST495,PROD019,2026-01-06,2026-01-12,2,0.15,Online
ORD06467,CUST125,PROD016,2026-01-06,2026-01-10,1,0.15,Retail Store
ORD06468,CUST182,PROD015,2026-01-06,2026-01-09,4,0.0,Retail Store
ORD06469,CUST110,PROD016,2026-01-06,2026-01-10,3,0.0,Online
ORD06470,CUST155,PROD010,2026-01-06,2026-01-07,2,0.1,Retail Store
ORD06471,CUST333,PROD012,2026-01-06,2026-01-09,2,0.15,Mobile App
ORD06472,CUST192,PROD014,2026-01-06,2026-01-12,2,0.15,Online
ORD06473,CUST237,PROD009,2026-01-06,2026-01-07,1,0.0,Online
ORD06474,CUST244,PROD002,2026-01-06,2026-01-09,3,0.0,Retail Store
ORD06475,CUST114,PROD001,2026-01-07,2026-01-08,1,0.0,Online
ORD06476,CUST485,PROD013,2026-01-07,2026-01-10,1,0.05,Retail Store
ORD06477,CUST081,PROD019,2026-01-07,2026-01-12,3,0.15,Mobile App
ORD06478,CUST423,PROD013,2026-01-07,2026-01-10,1,0.15,Retail Store
ORD06479,CUST352,PROD012,2026-01-08,2026-01-11,3,0.1,Online
ORD06480,CUST167,PROD016,2026-01-08,2026-01-13,1,0.0,Retail Store
ORD06481,CUST286,PROD007,2026-01-08,2026-01-12,1,0.2,Retail Store
ORD06482,CUST143,PROD003,2026-01-08,2026-01-09,1,0.1,Online
ORD06483,CUST284,PROD010,2026-01-08,2026-01-14,1,0.0,Online
ORD06484,CUST124,PROD016,2026-01-08,2026-01-14,1,0.0,Retail Store
ORD06485,CUST296,PROD008,2026-01-08,2026-01-09,1,0.0,Retail Store
ORD06486,CUST028,PROD009,2026-01-08,2026-01-14,1,0.0,Online
ORD06487,CUST122,PROD011,2026-01-08,2026-01-12,1,0.0,Online
ORD06488,CUST290,PROD013,2026-01-08,2026-01-14,4,0.2,Online
ORD06489,CUST061,PROD008,2026-01-08,2026-01-13,1,0.2,Mobile App
ORD06490,CUST160,PROD006,2026-01-08,2026-01-10,1,0.0,Retail Store
ORD06491,CUST242,PROD002,2026-01-08,2026-01-14,1,0.0,Online
ORD06492,CUST376,PROD010,2026-01-08,2026-01-12,1,0.2,Mobile App
ORD06493,CUST231,PROD008,2026-01-09,2026-01-10,1,0.2,Retail Store
ORD06494,CUST497,PROD011,2026-01-09,2026-01-15,2,0.0,Retail Store
ORD06495,CUST148,PROD018,2026-01-09,2026-01-10,1,0.05,Online
ORD06496,CUST210,PROD018,2026-01-09,2026-01-15,1,0.15,Mobile App
ORD06497,CUST386,PROD004,2026-01-09,2026-01-11,1,0.15,Mobile App
ORD06498,CUST365,PROD009,2026-01-09,2026-01-15,1,0.0,Mobile App
ORD06499,CUST235,PROD012,2026-01-10,2026-01-12,1,0.15,Online
ORD06500,CUST414,PROD010,2026-01-10,2026-01-11,1,0.2,Online
ORD06501,CUST066,PROD020,2026-01-10,2026-01-14,2,0.0,Retail Store
ORD06502,CUST422,PROD015,2026-01-10,2026-01-14,3,0.0,Mobile App
ORD06503,CUST452,PROD019,2026-01-10,2026-01-16,1,0.2,Retail Store
ORD06504,CUST194,PROD012,2026-01-11,2026-01-13,1,0.0,Mobile App
ORD06505,CUST468,PROD019,2026-01-11,2026-01-16,1,0.2,Online
ORD06506,CUST043,PROD008,2026-01-11,2026-01-17,2,0.0,Mobile App
ORD06507,CUST069,PROD006,2026-01-11,2026-01-16,3,0.1,Online
ORD06508,CUST240,PROD004,2026-01-11,2026-01-12,1,0.0,Online
ORD06509,CUST048,PROD018,2026-01-11,2026-01-13,1,0.05,Retail Store
ORD06510,CUST224,PROD003,2026-01-11,2026-01-13,1,0.1,Mobile App
ORD06511,CUST269,PROD019,2026-01-11,2026-01-16,1,0.15,Mobile App
ORD06512,CUST045,PROD016,2026-01-11,2026-01-17,2,0.2,Retail Store
ORD06513,CUST484,PROD009,2026-01-12,2026-01-13,3,0.1,Online
ORD06514,CUST394,PROD007,2026-01-12,2026-01-15,1,0.0,Online
ORD06515,CUST020,PROD008,2026-01-12,2026-01-17,4,0.05,Retail Store
ORD06516,CUST426,PROD005,2026-01-12,2026-01-17,4,0.05,Online
ORD06517,CUST382,PROD016,2026-01-12,2026-01-18,2,0.05,Online
ORD06518,CUST422,PROD020,2026-01-12,2026-01-18,1,0.0,Retail Store
ORD06519,CUST497,PROD011,2026-01-12,2026-01-16,1,0.0,Online
ORD06520,CUST069,PROD015,2026-01-12,2026-01-14,1,0.05,Online
ORD06521,CUST399,PROD003,2026-01-12,2026-01-17,3,0.0,Retail Store
ORD06522,CUST332,PROD020,2026-01-12,2026-01-18,1,0.0,Retail Store
ORD06523,CUST317,PROD010,2026-01-13,2026-01-15,1,0.15,Retail Store
ORD06524,CUST074,PROD010,2026-01-13,2026-01-17,1,0.1,Retail Store
ORD06525,CUST230,PROD007,2026-01-13,2026-01-14,1,0.2,Mobile App
ORD06526,CUST282,PROD018,2026-01-13,2026-01-17,3,0.05,Retail Store
ORD06527,CUST454,PROD005,2026-01-13,2026-01-17,2,0.05,Retail Store
ORD06528,CUST284,PROD018,2026-01-13,2026-01-16,1,0.2,Online
ORD06529,CUST282,PROD012,2026-01-13,2026-01-19,1,0.1,Online
ORD06530,CUST049,PROD005,2026-01-14,2026-01-16,2,0.05,Mobile App
ORD06531,CUST342,PROD012,2026-01-14,2026-01-18,1,0.1,Online
ORD06532,CUST111,PROD010,2026-01-14,2026-01-20,1,0.0,Mobile App
ORD06533,CUST023,PROD008,2026-01-14,2026-01-19,2,0.05,Retail Store
ORD06534,CUST439,PROD016,2026-01-14,2026-01-18,1,0.2,Retail Store
ORD06535,CUST273,PROD019,2026-01-14,2026-01-18,2,0.1,Online
ORD06536,CUST229,PROD002,2026-01-14,2026-01-17,2,0.05,Mobile App
ORD06537,CUST043,PROD014,2026-01-14,2026-01-17,1,0.0,Retail Store
ORD06538,CUST009,PROD016,2026-01-15,2026-01-19,4,0.2,Retail Store
ORD06539,CUST273,PROD015,2026-01-15,2026-01-21,3,0.05,Online
ORD06540,CUST138,PROD016,2026-01-15,2026-01-17,1,0.2,Online
ORD06541,CUST202,PROD013,2026-01-15,2026-01-20,2,0.05,Online
ORD06542,CUST295,PROD016,2026-01-15,2026-01-19,1,0.15,Mobile App
ORD06543,CUST406,PROD010,2026-01-15,2026-01-16,1,0.05,Mobile App
ORD06544,CUST045,PROD007,2026-01-15,2026-01-19,2,0.05,Mobile App
ORD06545,CUST119,PROD010,2026-01-15,2026-01-19,1,0.2,Mobile App
ORD06546,CUST295,PROD014,2026-01-15,2026-01-21,3,0.1,Mobile App
ORD06547,CUST492,PROD017,2026-01-15,2026-01-16,1,0.2,Retail Store
ORD06548,CUST292,PROD009,2026-01-15,2026-01-16,2,0.05,Mobile App
ORD06549,CUST462,PROD013,2026-01-16,2026-01-18,2,0.0,Online
ORD06550,CUST063,PROD018,2026-01-16,2026-01-21,1,0.15,Online
ORD06551,CUST155,PROD015,2026-01-16,2026-01-18,1,0.0,Online
ORD06552,CUST019,PROD018,2026-01-16,2026-01-22,1,0.0,Online
ORD06553,CUST082,PROD012,2026-01-16,2026-01-17,1,0.0,Retail Store
ORD06554,CUST228,PROD013,2026-01-16,2026-01-21,4,0.0,Online
ORD06555,CUST071,PROD003,2026-01-17,2026-01-21,1,0.15,Retail Store
ORD06556,CUST206,PROD007,2026-01-17,2026-01-18,3,0.15,Retail Store
ORD06557,CUST258,PROD006,2026-01-17,2026-01-23,1,0.05,Online
ORD06558,CUST020,PROD017,2026-01-17,2026-01-19,1,0.0,Mobile App
ORD06559,CUST395,PROD002,2026-01-17,2026-01-18,1,0.0,Retail Store
ORD06560,CUST090,PROD002,2026-01-17,2026-01-22,4,0.0,Mobile App
ORD06561,CUST143,PROD001,2026-01-17,2026-01-21,2,0.0,Online
ORD06562,CUST414,PROD006,2026-01-17,2026-01-21,1,0.1,Mobile App
ORD06563,CUST206,PROD010,2026-01-17,2026-01-21,1,0.2,Mobile App
ORD06564,CUST202,PROD020,2026-01-17,2026-01-23,1,0.0,Mobile App
ORD06565,CUST297,PROD006,2026-01-18,2026-01-20,1,0.15,Retail Store
ORD06566,CUST143,PROD007,2026-01-18,2026-01-20,3,0.2,Retail Store
ORD06567,CUST197,PROD003,2026-01-18,2026-01-20,2,0.0,Retail Store
ORD06568,CUST415,PROD012,2026-01-18,2026-01-20,2,0.0,Online
ORD06569,CUST415,PROD019,2026-01-18,2026-01-19,4,0.0,Mobile App
ORD06570,CUST028,PROD014,2026-01-19,2026-01-22,2,0.1,Mobile App
ORD06571,CUST275,PROD018,2026-01-19,2026-01-21,2,0.1,Mobile App
ORD06572,CUST477,PROD016,2026-01-19,2026-01-23,2,0.0,Retail Store
ORD06573,CUST174,PROD004,2026-01-19,2026-01-23,3,0.0,Retail Store
ORD06574,CUST321,PROD012,2026-01-19,2026-01-21,1,0.2,Online
ORD06575,CUST130,PROD015,2026-01-20,2026-01-26,1,0.0,Mobile App
ORD06576,CUST177,PROD008,2026-01-20,2026-01-26,2,0.2,Retail Store
ORD06577,CUST264,PROD002,2026-01-20,2026-01-22,1,0.15,Mobile App
ORD06578,CUST111,PROD018,2026-01-20,2026-01-22,3,0.0,Online
ORD06579,CUST247,PROD009,2026-01-20,2026-01-22,2,0.0,Online
ORD06580,CUST082,PROD008,2026-01-20,2026-01-25,1,0.2,Mobile App
ORD06581,CUST278,PROD011,2026-01-20,2026-01-25,1,0.0,Mobile App
ORD06582,CUST439,PROD004,2026-01-21,2026-01-25,1,0.0,Retail Store
ORD06583,CUST499,PROD009,2026-01-21,2026-01-24,1,0.2,Retail Store
ORD06584,CUST237,PROD008,2026-01-21,2026-01-27,1,0.0,Retail Store
ORD06585,CUST108,PROD019,2026-01-21,2026-01-24,1,0.0,Online
ORD06586,CUST417,PROD006,2026-01-21,2026-01-25,1,0.0,Retail Store
ORD06587,CUST160,PROD007,2026-01-21,2026-01-26,1,0.0,Online
ORD06588,CUST006,PROD011,2026-01-21,2026-01-22,1,0.05,Online
ORD06589,CUST068,PROD007,2026-01-21,2026-01-22,1,0.0,Online
ORD06590,CUST161,PROD011,2026-01-21,2026-01-24,4,0.0,Mobile App
ORD06591,CUST321,PROD003,2026-01-21,2026-01-26,1,0.0,Mobile App
ORD06592,CUST295,PROD001,2026-01-21,2026-01-22,1,0.05,Online
ORD06593,CUST325,PROD003,2026-01-22,2026-01-23,1,0.1,Online
ORD06594,CUST096,PROD006,2026-01-22,2026-01-27,1,0.0,Mobile App
ORD06595,CUST226,PROD001,2026-01-22,2026-01-25,2,0.05,Online
ORD06596,CUST385,PROD018,2026-01-22,2026-01-26,3,0.05,Retail Store
ORD06597,CUST258,PROD012,2026-01-22,2026-01-27,1,0.2,Retail Store
ORD06598,CUST331,PROD006,2026-01-22,2026-01-25,1,0.1,Retail Store
ORD06599,CUST449,PROD006,2026-01-22,2026-01-23,1,0.2,Online
ORD06600,CUST183,PROD009,2026-01-23,2026-01-24,1,0.2,Retail Store
ORD06601,CUST487,PROD008,2026-01-23,2026-01-29,1,0.1,Mobile App
ORD06602,CUST447,PROD005,2026-01-23,2026-01-29,1,0.0,Online
ORD06603,CUST103,PROD019,2026-01-23,2026-01-29,1,0.15,Retail Store
ORD06604,CUST177,PROD013,2026-01-23,2026-01-25,3,0.15,Online
ORD06605,CUST140,PROD006,2026-01-23,2026-01-29,4,0.2,Mobile App
ORD06606,CUST297,PROD015,2026-01-23,2026-01-26,1,0.15,Online
ORD06607,CUST418,PROD001,2026-01-24,2026-01-28,2,0.05,Online
ORD06608,CUST279,PROD004,2026-01-24,2026-01-26,1,0.0,Online
ORD06609,CUST207,PROD019,2026-01-24,2026-01-30,2,0.2,Online
ORD06610,CUST442,PROD018,2026-01-24,2026-01-29,1,0.0,Online
ORD06611,CUST331,PROD015,2026-01-24,2026-01-30,3,0.0,Online
ORD06612,CUST435,PROD016,2026-01-24,2026-01-29,1,0.1,Mobile App
ORD06613,CUST039,PROD002,2026-01-25,2026-01-26,1,0.0,Mobile App
ORD06614,CUST309,PROD018,2026-01-25,2026-01-28,1,0.0,Online
ORD06615,CUST203,PROD001,2026-01-25,2026-01-30,3,0.05,Retail Store
ORD06616,CUST336,PROD020,2026-01-25,2026-01-26,1,0.15,Mobile App
ORD06617,CUST330,PROD001,2026-01-25,2026-01-30,1,0.1,Online
ORD06618,CUST216,PROD015,2026-01-25,2026-01-31,1,0.0,Online
ORD06619,CUST334,PROD020,2026-01-25,2026-01-30,1,0.0,Retail Store
ORD06620,CUST488,PROD003,2026-01-25,2026-01-31,1,0.2,Mobile App
ORD06621,CUST388,PROD012,2026-01-25,2026-01-30,1,0.0,Online
ORD06622,CUST006,PROD001,2026-01-25,2026-01-30,2,0.2,Retail Store
ORD06623,CUST427,PROD001,2026-01-26,2026-01-29,1,0.0,Retail Store
ORD06624,CUST307,PROD014,2026-01-26,2026-01-31,1,0.0,Mobile App
ORD06625,CUST476,PROD011,2026-01-26,2026-01-27,1,0.0,Retail Store
ORD06626,CUST019,PROD018,2026-01-26,2026-01-30,1,0.0,Retail Store
ORD06627,CUST028,PROD005,2026-01-26,2026-01-27,1,0.0,Retail Store
ORD06628,CUST188,PROD017,2026-01-26,2026-02-01,1,0.0,Mobile App
ORD06629,CUST483,PROD006,2026-01-27,2026-01-29,2,0.2,Mobile App
ORD06630,CUST197,PROD003,2026-01-27,2026-02-01,1,0.0,Mobile App
ORD06631,CUST391,PROD003,2026-01-27,2026-01-29,1,0.0,Online
ORD06632,CUST227,PROD008,2026-01-27,2026-01-28,2,0.2,Retail Store
ORD06633,CUST018,PROD019,2026-01-27,2026-02-01,3,0.2,Mobile App
ORD06634,CUST145,PROD019,2026-01-27,2026-01-28,3,0.2,Mobile App
ORD06635,CUST333,PROD017,2026-01-27,2026-01-31,1,0.05,Mobile App
ORD06636,CUST365,PROD005,2026-01-27,2026-01-31,1,0.0,Online
ORD06637,CUST250,PROD009,2026-01-28,2026-02-02,1,0.0,Mobile App
ORD06638,CUST486,PROD020,2026-01-28,2026-01-31,1,0.0,Online
ORD06639,CUST046,PROD011,2026-01-28,2026-02-02,3,0.15,Online
ORD06640,CUST302,PROD003,2026-01-28,2026-02-02,1,0.05,Retail Store
ORD06641,CUST332,PROD011,2026-01-28,2026-02-01,2,0.2,Online
ORD06642,CUST047,PROD007,2026-01-28,2026-02-03,1,0.2,Online
ORD06643,CUST442,PROD019,2026-01-28,2026-01-29,1,0.1,Retail Store
ORD06644,CUST200,PROD004,2026-01-28,2026-01-29,2,0.15,Retail Store
ORD06645,CUST323,PROD015,2026-01-28,2026-02-01,1,0.05,Retail Store
ORD06646,CUST023,PROD004,2026-01-28,2026-01-29,3,0.0,Online
ORD06647,CUST468,PROD014,2026-01-28,2026-02-01,2,0.2,Mobile App
ORD06648,CUST062,PROD016,2026-01-28,2026-02-02,1,0.0,Mobile App
ORD06649,CUST482,PROD003,2026-01-29,2026-02-01,1,0.0,Online
ORD06650,CUST401,PROD018,2026-01-29,2026-01-31,1,0.0,Online
ORD06651,CUST065,PROD017,2026-01-29,2026-01-30,2,0.0,Online
ORD06652,CUST039,PROD009,2026-01-29,2026-02-04,1,0.1,Retail Store
ORD06653,CUST402,PROD004,2026-01-30,2026-02-05,1,0.0,Retail Store
ORD06654,CUST233,PROD007,2026-01-30,2026-02-02,1,0.1,Retail Store
ORD06655,CUST463,PROD002,2026-01-30,2026-02-01,3,0.15,Online
ORD06656,CUST288,PROD017,2026-01-30,2026-02-02,2,0.0,Online
ORD06657,CUST011,PROD001,2026-01-30,2026-02-04,2,0.0,Online
ORD06658,CUST196,PROD001,2026-01-30,2026-02-05,1,0.05,Retail Store
ORD06659,CUST231,PROD012,2026-01-30,2026-02-03,1,0.0,Mobile App
ORD06660,CUST185,PROD012,2026-01-30,2026-02-04,1,0.0,Online
ORD06661,CUST215,PROD016,2026-01-30,2026-01-31,1,0.2,Online
ORD06662,CUST133,PROD017,2026-01-30,2026-02-02,1,0.0,Online
ORD06663,CUST178,PROD009,2026-01-30,2026-02-02,2,0.0,Mobile App
ORD06664,CUST484,PROD011,2026-01-30,2026-02-04,1,0.2,Online
ORD06665,CUST194,PROD005,2026-01-30,2026-02-01,1,0.0,Online
ORD06666,CUST409,PROD002,2026-01-31,2026-02-01,1,0.1,Mobile App
ORD06667,CUST162,PROD009,2026-01-31,2026-02-04,2,0.05,Online
ORD06668,CUST116,PROD003,2026-01-31,2026-02-01,2,0.0,Retail Store
ORD06669,CUST069,PROD010,2026-01-31,2026-02-04,2,0.0,Mobile App
ORD06670,CUST113,PROD015,2026-01-31,2026-02-03,1,0.1,Mobile App
ORD06671,CUST206,PROD002,2026-01-31,2026-02-05,2,0.0,Retail Store
ORD06672,CUST334,PROD015,2026-01-31,2026-02-02,1,0.1,Online
ORD06673,CUST230,PROD006,2026-02-01,2026-02-05,1,0.1,Mobile App
ORD06674,CUST328,PROD016,2026-02-01,2026-02-04,1,0.15,Retail Store
ORD06675,CUST369,PROD013,2026-02-01,2026-02-05,1,0.0,Online
ORD06676,CUST158,PROD007,2026-02-01,2026-02-02,4,0.15,Online
ORD06677,CUST229,PROD001,2026-02-01,2026-02-07,1,0.1,Mobile App
ORD06678,CUST499,PROD019,2026-02-01,2026-02-07,1,0.15,Retail Store
ORD06679,CUST432,PROD009,2026-02-01,2026-02-05,1,0.15,Mobile App
ORD06680,CUST358,PROD003,2026-02-01,2026-02-03,2,0.2,Mobile App
ORD06681,CUST161,PROD018,2026-02-01,2026-02-03,1,0.0,Online
ORD06682,CUST448,PROD010,2026-02-02,2026-02-04,1,0.0,Online
ORD06683,CUST488,PROD006,2026-02-02,2026-02-05,2,0.1,Online
ORD06684,CUST089,PROD009,2026-02-02,2026-02-08,1,0.0,Retail Store
ORD06685,CUST443,PROD014,2026-02-02,2026-02-03,1,0.2,Online
ORD06686,CUST300,PROD004,2026-02-03,2026-02-06,1,0.05,Retail Store
ORD06687,CUST344,PROD009,2026-02-03,2026-02-09,1,0.15,Online
ORD06688,CUST154,PROD005,2026-02-03,2026-02-09,1,0.0,Online
ORD06689,CUST043,PROD011,2026-02-03,2026-02-05,3,0.15,Online
ORD06690,CUST012,PROD006,2026-02-03,2026-02-06,2,0.15,Online
ORD06691,CUST480,PROD011,2026-02-03,2026-02-09,4,0.0,Online
ORD06692,CUST114,PROD017,2026-02-03,2026-02-08,1,0.15,Retail Store
ORD06693,CUST021,PROD001,2026-02-03,2026-02-05,1,0.0,Online
ORD06694,CUST205,PROD013,2026-02-03,2026-02-07,1,0.0,Mobile App
ORD06695,CUST312,PROD009,2026-02-03,2026-02-04,1,0.15,Retail Store
ORD06696,CUST218,PROD015,2026-02-03,2026-02-06,3,0.15,Retail Store
ORD06697,CUST455,PROD013,2026-02-03,2026-02-06,2,0.0,Mobile App
ORD06698,CUST472,PROD010,2026-02-03,2026-02-09,3,0.05,Online
ORD06699,CUST130,PROD009,2026-02-04,2026-02-08,2,0.1,Retail Store
ORD06700,CUST457,PROD019,2026-02-04,2026-02-09,1,0.15,Mobile App
ORD06701,CUST455,PROD011,2026-02-04,2026-02-06,1,0.0,Retail Store
ORD06702,CUST131,PROD020,2026-02-04,2026-02-05,1,0.15,Mobile App
ORD06703,CUST329,PROD007,2026-02-04,2026-02-10,1,0.0,Mobile App
ORD06704,CUST440,PROD019,2026-02-04,2026-02-09,1,0.05,Mobile App
ORD06705,CUST072,PROD012,2026-02-04,2026-02-08,1,0.2,Retail Store
ORD06706,CUST192,PROD006,2026-02-04,2026-02-05,1,0.0,Retail Store
ORD06707,CUST464,PROD015,2026-02-04,2026-02-06,1,0.05,Online
ORD06708,CUST043,PROD018,2026-02-04,2026-02-10,2,0.2,Mobile App
ORD06709,CUST326,PROD011,2026-02-04,2026-02-09,2,0.0,Mobile App
ORD06710,CUST378,PROD002,2026-02-04,2026-02-08,2,0.2,Online
ORD06711,CUST385,PROD001,2026-02-04,2026-02-10,1,0.0,Retail Store
ORD06712,CUST182,PROD004,2026-02-04,2026-02-10,3,0.0,Online
ORD06713,CUST029,PROD013,2026-02-04,2026-02-10,2,0.1,Mobile App
ORD06714,CUST007,PROD016,2026-02-04,2026-02-08,4,0.1,Retail Store
ORD06715,CUST448,PROD016,2026-02-05,2026-02-11,4,0.15,Online
ORD06716,CUST196,PROD007,2026-02-05,2026-02-08,1,0.15,Online
ORD06717,CUST004,PROD012,2026-02-05,2026-02-11,3,0.1,Mobile App
ORD06718,CUST013,PROD012,2026-02-05,2026-02-06,2,0.0,Online
ORD06719,CUST157,PROD007,2026-02-05,2026-02-11,3,0.0,Online
ORD06720,CUST086,PROD013,2026-02-05,2026-02-11,1,0.0,Mobile App
ORD06721,CUST020,PROD001,2026-02-05,2026-02-11,1,0.0,Retail Store
ORD06722,CUST287,PROD011,2026-02-05,2026-02-09,1,0.15,Mobile App
ORD06723,CUST145,PROD006,2026-02-06,2026-02-08,1,0.0,Mobile App
ORD06724,CUST207,PROD017,2026-02-06,2026-02-09,2,0.0,Mobile App
ORD06725,CUST308,PROD012,2026-02-06,2026-02-09,1,0.2,Mobile App
ORD06726,CUST227,PROD006,2026-02-06,2026-02-08,1,0.15,Online
ORD06727,CUST323,PROD011,2026-02-06,2026-02-08,1,0.15,Mobile App
ORD06728,CUST103,PROD002,2026-02-06,2026-02-08,2,0.0,Mobile App
ORD06729,CUST222,PROD008,2026-02-06,2026-02-09,1,0.0,Online
ORD06730,CUST021,PROD009,2026-02-06,2026-02-12,1,0.0,Mobile App
ORD06731,CUST124,PROD004,2026-02-07,2026-02-13,1,0.0,Retail Store
ORD06732,CUST490,PROD003,2026-02-07,2026-02-12,2,0.05,Mobile App
ORD06733,CUST038,PROD010,2026-02-07,2026-02-08,1,0.0,Mobile App
ORD06734,CUST212,PROD011,2026-02-07,2026-02-08,1,0.1,Online
ORD06735,CUST475,PROD011,2026-02-07,2026-02-12,1,0.0,Mobile App
ORD06736,CUST485,PROD015,2026-02-08,2026-02-12,3,0.2,Mobile App
ORD06737,CUST217,PROD011,2026-02-08,2026-02-13,3,0.0,Online
ORD06738,CUST348,PROD013,2026-02-08,2026-02-09,3,0.2,Mobile App
ORD06739,CUST243,PROD005,2026-02-08,2026-02-12,1,0.05,Retail Store
ORD06740,CUST303,PROD016,2026-02-08,2026-02-09,1,0.0,Online
ORD06741,CUST100,PROD011,2026-02-08,2026-02-12,2,0.0,Retail Store
ORD06742,CUST367,PROD020,2026-02-08,2026-02-09,2,0.0,Online
ORD06743,CUST199,PROD016,2026-02-08,2026-02-10,1,0.0,Mobile App
ORD06744,CUST051,PROD014,2026-02-09,2026-02-12,1,0.0,Online
ORD06745,CUST050,PROD020,2026-02-09,2026-02-13,1,0.1,Retail Store
ORD06746,CUST032,PROD005,2026-02-09,2026-02-15,2,0.0,Retail Store
ORD06747,CUST362,PROD015,2026-02-09,2026-02-12,1,0.0,Retail Store
ORD06748,CUST269,PROD012,2026-02-09,2026-02-15,2,0.05,Mobile App
ORD06749,CUST105,PROD007,2026-02-09,2026-02-11,1,0.05,Retail Store
ORD06750,CUST136,PROD007,2026-02-09,2026-02-11,2,0.05,Online
ORD06751,CUST072,PROD017,2026-02-10,2026-02-16,1,0.2,Mobile App
ORD06752,CUST276,PROD019,2026-02-10,2026-02-15,2,0.1,Retail Store
ORD06753,CUST276,PROD004,2026-02-10,2026-02-12,4,0.0,Online
ORD06754,CUST239,PROD015,2026-02-10,2026-02-15,3,0.0,Online
ORD06755,CUST105,PROD012,2026-02-10,2026-02-14,2,0.05,Mobile App
ORD06756,CUST304,PROD017,2026-02-10,2026-02-15,1,0.05,Mobile App
ORD06757,CUST174,PROD019,2026-02-10,2026-02-11,1,0.0,Mobile App
ORD06758,CUST447,PROD007,2026-02-10,2026-02-16,2,0.0,Mobile App
ORD06759,CUST197,PROD019,2026-02-10,2026-02-16,2,0.2,Online
ORD06760,CUST092,PROD016,2026-02-11,2026-02-15,1,0.1,Retail Store
ORD06761,CUST413,PROD009,2026-02-11,2026-02-17,1,0.15,Online
ORD06762,CUST308,PROD002,2026-02-11,2026-02-13,2,0.0,Mobile App
ORD06763,CUST082,PROD007,2026-02-11,2026-02-16,1,0.0,Mobile App
ORD06764,CUST459,PROD012,2026-02-11,2026-02-13,4,0.0,Online
ORD06765,CUST139,PROD014,2026-02-11,2026-02-15,1,0.1,Mobile App
ORD06766,CUST283,PROD017,2026-02-11,2026-02-13,1,0.0,Retail Store
ORD06767,CUST193,PROD006,2026-02-11,2026-02-16,1,0.2,Online
ORD06768,CUST083,PROD020,2026-02-11,2026-02-12,1,0.05,Online
ORD06769,CUST257,PROD017,2026-02-11,2026-02-17,1,0.1,Mobile App
ORD06770,CUST431,PROD018,2026-02-11,2026-02-16,3,0.0,Retail Store
ORD06771,CUST498,PROD016,2026-02-12,2026-02-17,2,0.0,Mobile App
ORD06772,CUST332,PROD012,2026-02-12,2026-02-17,1,0.1,Online
ORD06773,CUST023,PROD014,2026-02-12,2026-02-18,2,0.2,Retail Store
ORD06774,CUST382,PROD006,2026-02-12,2026-02-16,3,0.0,Retail Store
ORD06775,CUST459,PROD012,2026-02-12,2026-02-16,1,0.1,Mobile App
ORD06776,CUST481,PROD012,2026-02-12,2026-02-14,1,0.1,Mobile App
ORD06777,CUST189,PROD003,2026-02-12,2026-02-13,1,0.2,Mobile App
ORD06778,CUST280,PROD008,2026-02-13,2026-02-18,2,0.0,Retail Store
ORD06779,CUST279,PROD020,2026-02-13,2026-02-15,2,0.0,Retail Store
ORD06780,CUST193,PROD020,2026-02-13,2026-02-16,1,0.05,Mobile App
ORD06781,CUST287,PROD010,2026-02-13,2026-02-18,1,0.05,Retail Store
ORD06782,CUST119,PROD001,2026-02-13,2026-02-14,1,0.0,Online
ORD06783,CUST306,PROD001,2026-02-13,2026-02-16,1,0.0,Retail Store
ORD06784,CUST289,PROD012,2026-02-13,2026-02-18,2,0.05,Online
ORD06785,CUST310,PROD005,2026-02-14,2026-02-18,1,0.0,Online
ORD06786,CUST443,PROD009,2026-02-14,2026-02-15,1,0.0,Retail Store
ORD06787,CUST324,PROD004,2026-02-14,2026-02-20,1,0.05,Retail Store
ORD06788,CUST084,PROD011,2026-02-14,2026-02-15,2,0.0,Mobile App
ORD06789,CUST439,PROD018,2026-02-14,2026-02-20,1,0.0,Mobile App
ORD06790,CUST076,PROD004,2026-02-14,2026-02-18,1,0.0,Online
ORD06791,CUST421,PROD019,2026-02-14,2026-02-20,1,0.15,Retail Store
ORD06792,CUST243,PROD012,2026-02-14,2026-02-18,1,0.1,Retail Store
ORD06793,CUST348,PROD018,2026-02-14,2026-02-16,1,0.0,Online
ORD06794,CUST122,PROD014,2026-02-14,2026-02-16,2,0.0,Online
ORD06795,CUST415,PROD001,2026-02-14,2026-02-16,2,0.05,Retail Store
ORD06796,CUST268,PROD020,2026-02-15,2026-02-20,3,0.1,Mobile App
ORD06797,CUST444,PROD016,2026-02-15,2026-02-18,1,0.0,Online
ORD06798,CUST317,PROD006,2026-02-15,2026-02-16,1,0.1,Retail Store
ORD06799,CUST091,PROD001,2026-02-15,2026-02-21,2,0.0,Mobile App
ORD06800,CUST133,PROD015,2026-02-15,2026-02-18,4,0.0,Mobile App
ORD06801,CUST294,PROD003,2026-02-15,2026-02-21,3,0.15,Retail Store
ORD06802,CUST114,PROD001,2026-02-15,2026-02-18,2,0.15,Mobile App
ORD06803,CUST493,PROD016,2026-02-16,2026-02-17,1,0.1,Online
ORD06804,CUST137,PROD010,2026-02-16,2026-02-17,1,0.1,Retail Store
ORD06805,CUST287,PROD009,2026-02-16,2026-02-17,1,0.15,Online
ORD06806,CUST086,PROD014,2026-02-16,2026-02-20,1,0.0,Retail Store
ORD06807,CUST254,PROD004,2026-02-16,2026-02-20,1,0.05,Retail Store
ORD06808,CUST218,PROD018,2026-02-16,2026-02-20,3,0.0,Online
ORD06809,CUST489,PROD007,2026-02-16,2026-02-21,2,0.2,Online
ORD06810,CUST205,PROD019,2026-02-16,2026-02-19,1,0.1,Retail Store
ORD06811,CUST099,PROD006,2026-02-16,2026-02-17,1,0.1,Retail Store
ORD06812,CUST350,PROD008,2026-02-17,2026-02-19,1,0.1,Retail Store
ORD06813,CUST278,PROD002,2026-02-17,2026-02-23,1,0.0,Mobile App
ORD06814,CUST228,PROD017,2026-02-17,2026-02-22,1,0.1,Mobile App
ORD06815,CUST025,PROD016,2026-02-17,2026-02-19,2,0.0,Retail Store
ORD06816,CUST211,PROD001,2026-02-17,2026-02-19,4,0.2,Retail Store
ORD06817,CUST228,PROD011,2026-02-17,2026-02-18,2,0.15,Online
ORD06818,CUST295,PROD008,2026-02-17,2026-02-23,3,0.0,Retail Store
ORD06819,CUST097,PROD019,2026-02-17,2026-02-20,3,0.15,Online
ORD06820,CUST112,PROD017,2026-02-17,2026-02-20,2,0.2,Online
ORD06821,CUST474,PROD017,2026-02-17,2026-02-21,3,0.0,Retail Store
ORD06822,CUST431,PROD015,2026-02-17,2026-02-20,2,0.0,Retail Store
ORD06823,CUST107,PROD019,2026-02-18,2026-02-23,1,0.0,Mobile App
ORD06824,CUST125,PROD019,2026-02-18,2026-02-23,1,0.0,Retail Store
ORD06825,CUST051,PROD016,2026-02-18,2026-02-21,3,0.0,Mobile App
ORD06826,CUST134,PROD004,2026-02-18,2026-02-19,1,0.0,Online
ORD06827,CUST024,PROD006,2026-02-18,2026-02-20,1,0.05,Mobile App
ORD06828,CUST311,PROD017,2026-02-18,2026-02-21,1,0.1,Online
ORD06829,CUST155,PROD016,2026-02-18,2026-02-20,1,0.0,Online
ORD06830,CUST277,PROD008,2026-02-18,2026-02-24,2,0.1,Mobile App
ORD06831,CUST145,PROD012,2026-02-18,2026-02-24,1,0.2,Online
ORD06832,CUST087,PROD010,2026-02-18,2026-02-23,3,0.0,Online
ORD06833,CUST392,PROD006,2026-02-18,2026-02-22,1,0.05,Mobile App
ORD06834,CUST450,PROD007,2026-02-18,2026-02-20,1,0.0,Online
ORD06835,CUST500,PROD004,2026-02-19,2026-02-20,2,0.05,Online
ORD06836,CUST422,PROD015,2026-02-19,2026-02-25,1,0.0,Retail Store
ORD06837,CUST438,PROD002,2026-02-19,2026-02-25,2,0.05,Online
ORD06838,CUST126,PROD005,2026-02-19,2026-02-23,1,0.2,Retail Store
ORD06839,CUST223,PROD005,2026-02-19,2026-02-21,1,0.0,Mobile App
ORD06840,CUST298,PROD010,2026-02-19,2026-02-23,1,0.05,Retail Store
ORD06841,CUST072,PROD016,2026-02-19,2026-02-20,1,0.2,Online
ORD06842,CUST150,PROD015,2026-02-19,2026-02-24,1,0.2,Online
ORD06843,CUST461,PROD002,2026-02-19,2026-02-23,1,0.1,Retail Store
ORD06844,CUST191,PROD015,2026-02-20,2026-02-21,1,0.1,Mobile App
ORD06845,CUST161,PROD007,2026-02-20,2026-02-22,1,0.1,Mobile App
ORD06846,CUST445,PROD010,2026-02-20,2026-02-24,2,0.0,Mobile App
ORD06847,CUST238,PROD008,2026-02-20,2026-02-21,2,0.15,Online
ORD06848,CUST348,PROD020,2026-02-20,2026-02-26,1,0.15,Online
ORD06849,CUST152,PROD013,2026-02-20,2026-02-23,1,0.0,Online
ORD06850,CUST038,PROD015,2026-02-20,2026-02-23,2,0.2,Online
ORD06851,CUST241,PROD015,2026-02-21,2026-02-27,3,0.0,Online
ORD06852,CUST460,PROD001,2026-02-21,2026-02-22,1,0.05,Mobile App
ORD06853,CUST162,PROD016,2026-02-21,2026-02-23,1,0.15,Retail Store
ORD06854,CUST320,PROD002,2026-02-21,2026-02-27,2,0.15,Retail Store
ORD06855,CUST280,PROD001,2026-02-21,2026-02-22,4,0.0,Mobile App
ORD06856,CUST274,PROD013,2026-02-21,2026-02-23,2,0.0,Retail Store
ORD06857,CUST404,PROD004,2026-02-21,2026-02-26,2,0.2,Online
ORD06858,CUST252,PROD006,2026-02-21,2026-02-26,1,0.0,Retail Store
ORD06859,CUST225,PROD013,2026-02-21,2026-02-23,1,0.0,Retail Store
ORD06860,CUST016,PROD002,2026-02-22,2026-02-23,2,0.2,Retail Store
ORD06861,CUST115,PROD003,2026-02-22,2026-02-24,3,0.15,Mobile App
ORD06862,CUST244,PROD005,2026-02-22,2026-02-27,1,0.1,Mobile App
ORD06863,CUST133,PROD012,2026-02-22,2026-02-24,1,0.05,Retail Store
ORD06864,CUST167,PROD006,2026-02-23,2026-02-26,1,0.0,Retail Store
ORD06865,CUST081,PROD007,2026-02-23,2026-02-27,2,0.2,Online
ORD06866,CUST149,PROD006,2026-02-23,2026-02-28,1,0.2,Online
ORD06867,CUST044,PROD009,2026-02-23,2026-02-24,1,0.0,Mobile App
ORD06868,CUST350,PROD013,2026-02-23,2026-02-28,2,0.0,Retail Store
ORD06869,CUST452,PROD005,2026-02-23,2026-02-25,2,0.0,Retail Store
ORD06870,CUST383,PROD004,2026-02-23,2026-03-01,1,0.15,Mobile App
ORD06871,CUST154,PROD001,2026-02-23,2026-02-27,2,0.1,Online
ORD06872,CUST264,PROD007,2026-02-23,2026-03-01,1,0.0,Retail Store
ORD06873,CUST215,PROD020,2026-02-23,2026-02-24,1,0.0,Online
ORD06874,CUST425,PROD018,2026-02-24,2026-02-26,3,0.0,Mobile App
ORD06875,CUST059,PROD013,2026-02-24,2026-02-25,2,0.0,Mobile App
ORD06876,CUST339,PROD017,2026-02-24,2026-02-28,2,0.0,Mobile App
ORD06877,CUST088,PROD019,2026-02-24,2026-03-01,1,0.05,Mobile App
ORD06878,CUST130,PROD019,2026-02-24,2026-02-25,1,0.05,Mobile App
ORD06879,CUST468,PROD012,2026-02-24,2026-03-01,1,0.0,Retail Store
ORD06880,CUST411,PROD014,2026-02-24,2026-03-02,2,0.05,Retail Store
ORD06881,CUST500,PROD015,2026-02-24,2026-02-27,1,0.15,Online
ORD06882,CUST128,PROD009,2026-02-24,2026-02-25,3,0.15,Online
ORD06883,CUST321,PROD001,2026-02-24,2026-02-26,2,0.0,Retail Store
ORD06884,CUST136,PROD007,2026-02-24,2026-03-01,1,0.15,Online
ORD06885,CUST222,PROD009,2026-02-24,2026-02-27,1,0.2,Retail Store
ORD06886,CUST349,PROD009,2026-02-24,2026-02-28,3,0.1,Retail Store
ORD06887,CUST162,PROD014,2026-02-25,2026-02-27,1,0.2,Online
ORD06888,CUST154,PROD015,2026-02-25,2026-03-01,2,0.05,Mobile App
ORD06889,CUST256,PROD016,2026-02-25,2026-03-02,2,0.15,Mobile App
ORD06890,CUST494,PROD003,2026-02-25,2026-02-28,1,0.1,Retail Store
ORD06891,CUST069,PROD004,2026-02-25,2026-03-03,1,0.0,Online
ORD06892,CUST358,PROD009,2026-02-26,2026-02-28,1,0.2,Retail Store
ORD06893,CUST497,PROD014,2026-02-26,2026-02-27,1,0.2,Mobile App
ORD06894,CUST406,PROD004,2026-02-26,2026-02-28,2,0.1,Retail Store
ORD06895,CUST335,PROD005,2026-02-26,2026-03-04,1,0.1,Retail Store
ORD06896,CUST212,PROD015,2026-02-26,2026-02-27,4,0.0,Retail Store
ORD06897,CUST156,PROD018,2026-02-26,2026-03-01,2,0.0,Mobile App
ORD06898,CUST297,PROD013,2026-02-26,2026-03-03,1,0.0,Retail Store
ORD06899,CUST238,PROD018,2026-02-26,2026-02-28,3,0.0,Retail Store
ORD06900,CUST147,PROD002,2026-02-26,2026-02-27,2,0.0,Retail Store
ORD06901,CUST404,PROD010,2026-02-26,2026-03-03,2,0.05,Retail Store
ORD06902,CUST386,PROD018,2026-02-27,2026-02-28,1,0.1,Retail Store
ORD06903,CUST412,PROD014,2026-02-27,2026-03-02,1,0.2,Online
ORD06904,CUST157,PROD020,2026-02-27,2026-03-01,2,0.1,Mobile App
ORD06905,CUST335,PROD007,2026-02-27,2026-03-04,3,0.15,Retail Store
ORD06906,CUST394,PROD002,2026-02-27,2026-03-04,1,0.0,Retail Store
ORD06907,CUST337,PROD003,2026-02-27,2026-03-02,2,0.15,Mobile App
ORD06908,CUST071,PROD018,2026-02-27,2026-02-28,3,0.05,Mobile App
ORD06909,CUST007,PROD019,2026-02-27,2026-03-03,2,0.2,Retail Store
ORD06910,CUST056,PROD020,2026-02-28,2026-03-04,1,0.15,Retail Store
ORD06911,CUST376,PROD004,2026-02-28,2026-03-01,1,0.05,Mobile App
ORD06912,CUST380,PROD019,2026-02-28,2026-03-06,2,0.05,Retail Store
ORD06913,CUST217,PROD011,2026-02-28,2026-03-03,2,0.2,Online
ORD06914,CUST312,PROD019,2026-02-28,2026-03-05,1,0.05,Retail Store
ORD06915,CUST059,PROD020,2026-02-28,2026-03-06,2,0.0,Online
ORD06916,CUST128,PROD013,2026-02-28,2026-03-04,1,0.0,Online
ORD06917,CUST007,PROD004,2026-02-28,2026-03-01,2,0.05,Mobile App
ORD06918,CUST498,PROD007,2026-02-28,2026-03-01,2,0.05,Retail Store
ORD06919,CUST337,PROD014,2026-02-28,2026-03-02,1,0.0,Retail Store
ORD06920,CUST206,PROD014,2026-02-28,2026-03-01,1,0.0,Retail Store
ORD06921,CUST201,PROD008,2026-03-01,2026-03-06,2,0.0,Online
ORD06922,CUST170,PROD019,2026-03-01,2026-03-06,1,0.15,Retail Store
ORD06923,CUST389,PROD012,2026-03-01,2026-03-04,1,0.05,Mobile App
ORD06924,CUST259,PROD001,2026-03-01,2026-03-03,2,0.0,Online
ORD06925,CUST238,PROD017,2026-03-01,2026-03-06,2,0.05,Online
ORD06926,CUST248,PROD003,2026-03-01,2026-03-06,1,0.0,Retail Store
ORD06927,CUST110,PROD012,2026-03-01,2026-03-03,1,0.2,Retail Store
ORD06928,CUST162,PROD013,2026-03-01,2026-03-03,1,0.05,Online
ORD06929,CUST111,PROD010,2026-03-01,2026-03-07,2,0.05,Mobile App
ORD06930,CUST205,PROD010,2026-03-02,2026-03-05,2,0.05,Online
ORD06931,CUST463,PROD015,2026-03-02,2026-03-08,1,0.1,Retail Store
ORD06932,CUST308,PROD004,2026-03-02,2026-03-05,1,0.1,Retail Store
ORD06933,CUST457,PROD005,2026-03-02,2026-03-08,1,0.0,Mobile App
ORD06934,CUST008,PROD012,2026-03-02,2026-03-07,2,0.05,Mobile App
ORD06935,CUST340,PROD007,2026-03-02,2026-03-08,1,0.0,Mobile App
ORD06936,CUST299,PROD007,2026-03-02,2026-03-06,1,0.15,Online
ORD06937,CUST420,PROD012,2026-03-02,2026-03-04,1,0.0,Retail Store
ORD06938,CUST079,PROD007,2026-03-02,2026-03-04,1,0.0,Online
ORD06939,CUST388,PROD016,2026-03-02,2026-03-08,1,0.0,Online
ORD06940,CUST205,PROD006,2026-03-02,2026-03-07,1,0.0,Online
ORD06941,CUST470,PROD019,2026-03-02,2026-03-08,3,0.0,Mobile App
ORD06942,CUST203,PROD020,2026-03-03,2026-03-09,1,0.05,Mobile App
ORD06943,CUST493,PROD018,2026-03-03,2026-03-09,1,0.0,Online
ORD06944,CUST361,PROD005,2026-03-03,2026-03-04,2,0.2,Mobile App
ORD06945,CUST204,PROD005,2026-03-03,2026-03-07,2,0.2,Mobile App
ORD06946,CUST033,PROD017,2026-03-03,2026-03-08,1,0.0,Online
ORD06947,CUST474,PROD015,2026-03-03,2026-03-08,3,0.15,Retail Store
ORD06948,CUST308,PROD006,2026-03-04,2026-03-06,1,0.0,Online
ORD06949,CUST299,PROD004,2026-03-04,2026-03-10,1,0.0,Mobile App
ORD06950,CUST182,PROD009,2026-03-04,2026-03-10,3,0.1,Mobile App
ORD06951,CUST481,PROD002,2026-03-04,2026-03-08,1,0.0,Mobile App
ORD06952,CUST268,PROD019,2026-03-04,2026-03-09,1,0.0,Online
ORD06953,CUST422,PROD014,2026-03-04,2026-03-08,1,0.0,Online
ORD06954,CUST323,PROD020,2026-03-04,2026-03-08,1,0.15,Online
ORD06955,CUST278,PROD006,2026-03-04,2026-03-07,2,0.15,Mobile App
ORD06956,CUST424,PROD001,2026-03-04,2026-03-10,2,0.1,Mobile App
ORD06957,CUST040,PROD001,2026-03-04,2026-03-08,2,0.0,Online
ORD06958,CUST378,PROD011,2026-03-04,2026-03-09,1,0.1,Mobile App
ORD06959,CUST384,PROD010,2026-03-04,2026-03-10,1,0.05,Retail Store
ORD06960,CUST439,PROD012,2026-03-05,2026-03-10,1,0.15,Online
ORD06961,CUST225,PROD003,2026-03-05,2026-03-09,1,0.15,Mobile App
ORD06962,CUST151,PROD005,2026-03-05,2026-03-09,1,0.1,Online
ORD06963,CUST060,PROD011,2026-03-05,2026-03-07,2,0.0,Retail Store
ORD06964,CUST403,PROD009,2026-03-05,2026-03-06,3,0.1,Online
ORD06965,CUST363,PROD017,2026-03-05,2026-03-11,1,0.0,Retail Store
ORD06966,CUST484,PROD003,2026-03-05,2026-03-10,2,0.2,Online
ORD06967,CUST225,PROD004,2026-03-05,2026-03-07,1,0.15,Retail Store
ORD06968,CUST004,PROD005,2026-03-05,2026-03-11,1,0.2,Retail Store
ORD06969,CUST272,PROD001,2026-03-05,2026-03-07,3,0.0,Online
ORD06970,CUST003,PROD013,2026-03-05,2026-03-11,2,0.0,Mobile App
ORD06971,CUST392,PROD013,2026-03-05,2026-03-09,1,0.0,Mobile App
ORD06972,CUST078,PROD016,2026-03-05,2026-03-07,4,0.1,Mobile App
ORD06973,CUST255,PROD001,2026-03-05,2026-03-06,1,0.05,Online
ORD06974,CUST410,PROD013,2026-03-06,2026-03-09,2,0.15,Retail Store
ORD06975,CUST175,PROD001,2026-03-06,2026-03-12,4,0.0,Retail Store
ORD06976,CUST159,PROD018,2026-03-06,2026-03-12,3,0.0,Retail Store
ORD06977,CUST283,PROD010,2026-03-06,2026-03-07,1,0.0,Online
ORD06978,CUST449,PROD010,2026-03-06,2026-03-11,1,0.2,Mobile App
ORD06979,CUST328,PROD004,2026-03-06,2026-03-08,1,0.0,Online
ORD06980,CUST467,PROD011,2026-03-06,2026-03-09,1,0.2,Mobile App
ORD06981,CUST142,PROD017,2026-03-06,2026-03-11,1,0.2,Retail Store
ORD06982,CUST450,PROD015,2026-03-07,2026-03-10,3,0.05,Mobile App
ORD06983,CUST402,PROD002,2026-03-07,2026-03-09,3,0.05,Retail Store
ORD06984,CUST402,PROD017,2026-03-07,2026-03-11,1,0.0,Mobile App
ORD06985,CUST369,PROD015,2026-03-07,2026-03-13,1,0.2,Retail Store
ORD06986,CUST143,PROD020,2026-03-07,2026-03-13,2,0.15,Online
ORD06987,CUST263,PROD015,2026-03-07,2026-03-08,3,0.0,Retail Store
ORD06988,CUST314,PROD013,2026-03-07,2026-03-09,1,0.05,Online
ORD06989,CUST466,PROD011,2026-03-07,2026-03-10,1,0.2,Online
ORD06990,CUST173,PROD018,2026-03-07,2026-03-11,1,0.15,Retail Store
ORD06991,CUST442,PROD006,2026-03-07,2026-03-09,1,0.1,Retail Store
ORD06992,CUST408,PROD003,2026-03-07,2026-03-11,3,0.15,Mobile App
ORD06993,CUST404,PROD006,2026-03-07,2026-03-11,1,0.0,Mobile App
ORD06994,CUST055,PROD005,2026-03-08,2026-03-09,1,0.2,Mobile App
ORD06995,CUST197,PROD002,2026-03-08,2026-03-13,2,0.0,Online
ORD06996,CUST190,PROD015,2026-03-08,2026-03-14,1,0.15,Retail Store
ORD06997,CUST162,PROD006,2026-03-08,2026-03-09,1,0.15,Online
ORD06998,CUST221,PROD002,2026-03-08,2026-03-11,2,0.0,Online
ORD06999,CUST058,PROD006,2026-03-08,2026-03-13,3,0.15,Retail Store
ORD07000,CUST183,PROD005,2026-03-08,2026-03-09,1,0.0,Retail Store
ORD07001,CUST164,PROD014,2026-03-09,2026-03-14,1,0.2,Retail Store
ORD07002,CUST164,PROD001,2026-03-09,2026-03-10,1,0.05,Retail Store
ORD07003,CUST404,PROD014,2026-03-09,2026-03-15,1,0.0,Mobile App
ORD07004,CUST191,PROD005,2026-03-09,2026-03-12,1,0.0,Retail Store
ORD07005,CUST381,PROD018,2026-03-09,2026-03-10,2,0.05,Mobile App
ORD07006,CUST196,PROD003,2026-03-09,2026-03-10,3,0.0,Mobile App
ORD07007,CUST356,PROD011,2026-03-09,2026-03-12,2,0.0,Online
ORD07008,CUST383,PROD005,2026-03-09,2026-03-15,4,0.1,Online
ORD07009,CUST323,PROD008,2026-03-10,2026-03-12,1,0.0,Mobile App
ORD07010,CUST246,PROD010,2026-03-10,2026-03-13,1,0.05,Mobile App
ORD07011,CUST458,PROD007,2026-03-10,2026-03-13,1,0.0,Retail Store
ORD07012,CUST091,PROD007,2026-03-10,2026-03-16,2,0.0,Retail Store
ORD07013,CUST022,PROD011,2026-03-10,2026-03-14,1,0.15,Retail Store
ORD07014,CUST455,PROD015,2026-03-10,2026-03-13,2,0.1,Mobile App
ORD07015,CUST207,PROD005,2026-03-10,2026-03-15,3,0.0,Online
ORD07016,CUST132,PROD004,2026-03-10,2026-03-11,4,0.0,Mobile App
ORD07017,CUST206,PROD019,2026-03-11,2026-03-13,1,0.0,Mobile App
ORD07018,CUST329,PROD016,2026-03-11,2026-03-16,1,0.0,Mobile App
ORD07019,CUST268,PROD009,2026-03-11,2026-03-13,1,0.0,Retail Store
ORD07020,CUST335,PROD010,2026-03-11,2026-03-14,1,0.15,Retail Store
ORD07021,CUST346,PROD013,2026-03-11,2026-03-16,2,0.0,Retail Store
ORD07022,CUST052,PROD013,2026-03-11,2026-03-16,2,0.15,Mobile App
ORD07023,CUST049,PROD006,2026-03-11,2026-03-12,1,0.0,Retail Store
ORD07024,CUST002,PROD018,2026-03-11,2026-03-16,1,0.15,Retail Store
ORD07025,CUST154,PROD016,2026-03-12,2026-03-13,1,0.0,Retail Store
ORD07026,CUST142,PROD014,2026-03-12,2026-03-17,2,0.0,Mobile App
ORD07027,CUST321,PROD018,2026-03-12,2026-03-14,2,0.0,Retail Store
ORD07028,CUST488,PROD004,2026-03-12,2026-03-13,1,0.15,Mobile App
ORD07029,CUST086,PROD008,2026-03-12,2026-03-17,1,0.0,Mobile App
ORD07030,CUST223,PROD014,2026-03-12,2026-03-18,3,0.2,Online
ORD07031,CUST358,PROD005,2026-03-12,2026-03-18,2,0.15,Online
ORD07032,CUST056,PROD019,2026-03-12,2026-03-14,2,0.0,Mobile App
ORD07033,CUST295,PROD016,2026-03-13,2026-03-15,1,0.15,Mobile App
ORD07034,CUST285,PROD018,2026-03-13,2026-03-18,1,0.1,Retail Store
ORD07035,CUST407,PROD008,2026-03-13,2026-03-16,1,0.15,Retail Store
ORD07036,CUST262,PROD017,2026-03-13,2026-03-18,2,0.0,Mobile App
ORD07037,CUST257,PROD011,2026-03-13,2026-03-14,1,0.0,Mobile App
ORD07038,CUST281,PROD013,2026-03-13,2026-03-17,3,0.15,Retail Store
ORD07039,CUST215,PROD017,2026-03-13,2026-03-18,2,0.0,Mobile App
ORD07040,CUST316,PROD005,2026-03-14,2026-03-16,2,0.2,Online
ORD07041,CUST034,PROD011,2026-03-14,2026-03-16,1,0.1,Retail Store
ORD07042,CUST303,PROD014,2026-03-14,2026-03-18,1,0.0,Retail Store
ORD07043,CUST122,PROD017,2026-03-14,2026-03-20,1,0.15,Online
ORD07044,CUST066,PROD004,2026-03-14,2026-03-19,2,0.1,Mobile App
ORD07045,CUST145,PROD004,2026-03-14,2026-03-15,1,0.1,Online
ORD07046,CUST055,PROD007,2026-03-15,2026-03-19,4,0.2,Retail Store
ORD07047,CUST304,PROD008,2026-03-15,2026-03-20,1,0.15,Mobile App
ORD07048,CUST216,PROD010,2026-03-15,2026-03-19,4,0.05,Retail Store
ORD07049,CUST007,PROD002,2026-03-15,2026-03-21,3,0.0,Retail Store
ORD07050,CUST280,PROD003,2026-03-15,2026-03-18,3,0.0,Online
ORD07051,CUST010,PROD019,2026-03-15,2026-03-18,1,0.1,Mobile App
ORD07052,CUST328,PROD007,2026-03-15,2026-03-16,1,0.15,Mobile App
ORD07053,CUST132,PROD019,2026-03-15,2026-03-17,1,0.05,Retail Store
ORD07054,CUST261,PROD013,2026-03-15,2026-03-18,2,0.1,Retail Store
ORD07055,CUST250,PROD017,2026-03-16,2026-03-20,3,0.0,Retail Store
ORD07056,CUST365,PROD001,2026-03-16,2026-03-17,4,0.0,Online
ORD07057,CUST047,PROD019,2026-03-16,2026-03-21,1,0.0,Retail Store
ORD07058,CUST279,PROD018,2026-03-16,2026-03-18,1,0.0,Mobile App
ORD07059,CUST089,PROD006,2026-03-16,2026-03-21,1,0.05,Retail Store
ORD07060,CUST317,PROD012,2026-03-16,2026-03-17,2,0.2,Retail Store
ORD07061,CUST092,PROD014,2026-03-16,2026-03-20,3,0.0,Online
ORD07062,CUST257,PROD012,2026-03-16,2026-03-21,2,0.0,Mobile App
ORD07063,CUST384,PROD015,2026-03-17,2026-03-20,3,0.2,Online
ORD07064,CUST288,PROD009,2026-03-17,2026-03-20,4,0.15,Retail Store
ORD07065,CUST003,PROD010,2026-03-17,2026-03-19,1,0.1,Online
ORD07066,CUST111,PROD015,2026-03-17,2026-03-20,1,0.0,Mobile App
ORD07067,CUST023,PROD005,2026-03-17,2026-03-22,2,0.0,Retail Store
ORD07068,CUST276,PROD003,2026-03-17,2026-03-23,2,0.1,Online
ORD07069,CUST472,PROD009,2026-03-17,2026-03-18,2,0.0,Retail Store
ORD07070,CUST429,PROD013,2026-03-17,2026-03-21,1,0.15,Mobile App
ORD07071,CUST259,PROD019,2026-03-17,2026-03-21,3,0.0,Mobile App
ORD07072,CUST337,PROD013,2026-03-17,2026-03-23,2,0.0,Online
ORD07073,CUST093,PROD011,2026-03-17,2026-03-23,1,0.1,Mobile App
ORD07074,CUST182,PROD014,2026-03-17,2026-03-21,1,0.0,Online
ORD07075,CUST409,PROD003,2026-03-18,2026-03-19,3,0.0,Retail Store
ORD07076,CUST004,PROD005,2026-03-18,2026-03-23,1,0.0,Mobile App
ORD07077,CUST208,PROD006,2026-03-18,2026-03-20,1,0.0,Online
ORD07078,CUST278,PROD016,2026-03-18,2026-03-20,1,0.0,Mobile App
ORD07079,CUST073,PROD019,2026-03-18,2026-03-23,1,0.0,Mobile App
ORD07080,CUST290,PROD016,2026-03-18,2026-03-21,3,0.2,Online
ORD07081,CUST050,PROD010,2026-03-18,2026-03-20,1,0.05,Mobile App
ORD07082,CUST070,PROD013,2026-03-18,2026-03-20,1,0.1,Mobile App
ORD07083,CUST441,PROD015,2026-03-18,2026-03-24,2,0.05,Retail Store
ORD07084,CUST176,PROD005,2026-03-18,2026-03-23,1,0.15,Mobile App
ORD07085,CUST372,PROD008,2026-03-19,2026-03-23,1,0.1,Online
ORD07086,CUST421,PROD007,2026-03-19,2026-03-21,3,0.2,Mobile App
ORD07087,CUST416,PROD004,2026-03-19,2026-03-22,2,0.0,Mobile App
ORD07088,CUST156,PROD013,2026-03-19,2026-03-20,1,0.1,Online
ORD07089,CUST418,PROD015,2026-03-19,2026-03-22,2,0.0,Retail Store
ORD07090,CUST187,PROD008,2026-03-19,2026-03-24,3,0.1,Online
ORD07091,CUST079,PROD014,2026-03-19,2026-03-23,1,0.1,Mobile App
ORD07092,CUST451,PROD014,2026-03-19,2026-03-20,1,0.0,Mobile App
ORD07093,CUST300,PROD016,2026-03-19,2026-03-25,1,0.2,Online
ORD07094,CUST062,PROD013,2026-03-19,2026-03-21,1,0.0,Retail Store
ORD07095,CUST012,PROD013,2026-03-20,2026-03-22,1,0.05,Online
ORD07096,CUST438,PROD014,2026-03-20,2026-03-23,4,0.0,Retail Store
ORD07097,CUST189,PROD012,2026-03-20,2026-03-25,1,0.0,Online
ORD07098,CUST439,PROD009,2026-03-20,2026-03-25,1,0.05,Online
ORD07099,CUST285,PROD008,2026-03-20,2026-03-23,1,0.1,Mobile App
ORD07100,CUST061,PROD009,2026-03-20,2026-03-21,2,0.05,Online
ORD07101,CUST051,PROD003,2026-03-20,2026-03-24,1,0.0,Retail Store
ORD07102,CUST023,PROD019,2026-03-20,2026-03-24,1,0.0,Online
ORD07103,CUST040,PROD008,2026-03-20,2026-03-24,1,0.1,Retail Store
ORD07104,CUST448,PROD011,2026-03-20,2026-03-25,1,0.1,Mobile App
ORD07105,CUST217,PROD007,2026-03-20,2026-03-23,2,0.0,Retail Store
ORD07106,CUST098,PROD009,2026-03-21,2026-03-23,1,0.15,Mobile App
ORD07107,CUST080,PROD017,2026-03-21,2026-03-23,1,0.0,Retail Store
ORD07108,CUST359,PROD018,2026-03-21,2026-03-22,1,0.15,Online
ORD07109,CUST443,PROD006,2026-03-21,2026-03-27,1,0.1,Mobile App
ORD07110,CUST430,PROD013,2026-03-21,2026-03-22,1,0.1,Online
ORD07111,CUST001,PROD003,2026-03-21,2026-03-26,4,0.15,Mobile App
ORD07112,CUST486,PROD014,2026-03-21,2026-03-27,4,0.15,Mobile App
ORD07113,CUST469,PROD020,2026-03-21,2026-03-27,1,0.0,Mobile App
ORD07114,CUST285,PROD014,2026-03-21,2026-03-26,2,0.0,Online
ORD07115,CUST047,PROD006,2026-03-22,2026-03-24,1,0.0,Online
ORD07116,CUST313,PROD020,2026-03-22,2026-03-26,1,0.0,Mobile App
ORD07117,CUST377,PROD019,2026-03-22,2026-03-26,1,0.1,Mobile App
ORD07118,CUST355,PROD020,2026-03-22,2026-03-25,1,0.05,Retail Store
ORD07119,CUST432,PROD007,2026-03-22,2026-03-26,1,0.0,Mobile App
ORD07120,CUST121,PROD009,2026-03-23,2026-03-24,1,0.0,Online
ORD07121,CUST154,PROD004,2026-03-23,2026-03-26,2,0.0,Mobile App
ORD07122,CUST450,PROD003,2026-03-23,2026-03-25,2,0.1,Retail Store
ORD07123,CUST056,PROD002,2026-03-23,2026-03-29,1,0.0,Mobile App
ORD07124,CUST365,PROD006,2026-03-23,2026-03-26,1,0.0,Online
ORD07125,CUST175,PROD009,2026-03-23,2026-03-27,2,0.15,Online
ORD07126,CUST141,PROD004,2026-03-24,2026-03-29,1,0.05,Retail Store
ORD07127,CUST160,PROD006,2026-03-24,2026-03-26,4,0.05,Mobile App
ORD07128,CUST001,PROD002,2026-03-24,2026-03-28,1,0.1,Mobile App
ORD07129,CUST488,PROD017,2026-03-24,2026-03-30,1,0.0,Mobile App
ORD07130,CUST195,PROD004,2026-03-24,2026-03-29,2,0.2,Mobile App
ORD07131,CUST200,PROD009,2026-03-24,2026-03-29,1,0.0,Mobile App
ORD07132,CUST294,PROD003,2026-03-24,2026-03-26,1,0.0,Online
ORD07133,CUST482,PROD018,2026-03-24,2026-03-26,1,0.0,Online
ORD07134,CUST062,PROD020,2026-03-24,2026-03-29,1,0.05,Retail Store
ORD07135,CUST473,PROD015,2026-03-24,2026-03-30,1,0.15,Online
ORD07136,CUST493,PROD019,2026-03-24,2026-03-29,1,0.0,Online
ORD07137,CUST276,PROD002,2026-03-24,2026-03-28,3,0.1,Mobile App
ORD07138,CUST035,PROD012,2026-03-24,2026-03-26,1,0.05,Online
ORD07139,CUST257,PROD014,2026-03-25,2026-03-31,1,0.05,Online
ORD07140,CUST006,PROD019,2026-03-25,2026-03-27,1,0.0,Mobile App
ORD07141,CUST268,PROD002,2026-03-25,2026-03-30,1,0.2,Online
ORD07142,CUST209,PROD016,2026-03-25,2026-03-31,1,0.05,Mobile App
ORD07143,CUST063,PROD014,2026-03-25,2026-03-29,1,0.2,Mobile App
ORD07144,CUST073,PROD008,2026-03-25,2026-03-29,1,0.0,Mobile App
ORD07145,CUST303,PROD002,2026-03-26,2026-03-30,2,0.05,Mobile App
ORD07146,CUST490,PROD007,2026-03-26,2026-03-28,1,0.15,Retail Store
ORD07147,CUST205,PROD011,2026-03-26,2026-03-30,1,0.0,Mobile App
ORD07148,CUST038,PROD018,2026-03-26,2026-03-27,1,0.0,Mobile App
ORD07149,CUST370,PROD015,2026-03-26,2026-03-31,1,0.2,Mobile App
ORD07150,CUST389,PROD013,2026-03-26,2026-04-01,1,0.15,Online
ORD07151,CUST100,PROD004,2026-03-26,2026-03-28,2,0.05,Mobile App
ORD07152,CUST471,PROD004,2026-03-26,2026-03-31,1,0.15,Retail Store
ORD07153,CUST404,PROD016,2026-03-27,2026-03-28,4,0.0,Retail Store
ORD07154,CUST215,PROD006,2026-03-27,2026-03-28,3,0.0,Mobile App
ORD07155,CUST201,PROD001,2026-03-27,2026-03-28,1,0.0,Retail Store
ORD07156,CUST097,PROD003,2026-03-27,2026-04-02,2,0.0,Online
ORD07157,CUST255,PROD012,2026-03-27,2026-04-01,1,0.0,Retail Store
ORD07158,CUST479,PROD015,2026-03-27,2026-03-30,2,0.2,Retail Store
ORD07159,CUST061,PROD013,2026-03-28,2026-03-29,1,0.2,Online
ORD07160,CUST351,PROD018,2026-03-28,2026-04-02,1,0.0,Mobile App
ORD07161,CUST045,PROD019,2026-03-28,2026-03-29,2,0.15,Mobile App
ORD07162,CUST273,PROD006,2026-03-28,2026-04-02,2,0.0,Retail Store
ORD07163,CUST225,PROD012,2026-03-28,2026-04-01,1,0.0,Mobile App
ORD07164,CUST298,PROD007,2026-03-28,2026-04-02,2,0.0,Retail Store
ORD07165,CUST050,PROD008,2026-03-28,2026-04-01,1,0.0,Online
ORD07166,CUST356,PROD002,2026-03-28,2026-04-03,3,0.1,Online
ORD07167,CUST304,PROD011,2026-03-29,2026-04-01,1,0.05,Mobile App
ORD07168,CUST282,PROD018,2026-03-29,2026-04-04,1,0.15,Online
ORD07169,CUST477,PROD019,2026-03-29,2026-04-04,1,0.15,Retail Store
ORD07170,CUST075,PROD006,2026-03-29,2026-04-01,2,0.0,Mobile App
ORD07171,CUST249,PROD006,2026-03-29,2026-04-03,3,0.0,Online
ORD07172,CUST053,PROD005,2026-03-29,2026-03-30,1,0.05,Retail Store
ORD07173,CUST255,PROD019,2026-03-29,2026-04-04,1,0.0,Online
ORD07174,CUST328,PROD015,2026-03-29,2026-04-01,1,0.15,Online
ORD07175,CUST068,PROD004,2026-03-29,2026-04-01,3,0.0,Online
ORD07176,CUST212,PROD014,2026-03-29,2026-04-01,1,0.15,Mobile App
ORD07177,CUST378,PROD007,2026-03-29,2026-04-03,4,0.05,Online
ORD07178,CUST175,PROD020,2026-03-30,2026-03-31,1,0.05,Retail Store
ORD07179,CUST088,PROD004,2026-03-30,2026-03-31,1,0.1,Online
ORD07180,CUST441,PROD014,2026-03-30,2026-04-04,1,0.0,Retail Store
ORD07181,CUST365,PROD011,2026-03-30,2026-04-04,1,0.0,Online
ORD07182,CUST347,PROD008,2026-03-30,2026-04-02,1,0.0,Retail Store
ORD07183,CUST266,PROD012,2026-03-30,2026-04-05,3,0.1,Mobile App
ORD07184,CUST269,PROD002,2026-03-30,2026-04-04,1,0.0,Retail Store
ORD07185,CUST173,PROD016,2026-03-30,2026-04-04,1,0.2,Online
ORD07186,CUST197,PROD002,2026-03-31,2026-04-05,3,0.2,Mobile App
ORD07187,CUST354,PROD009,2026-03-31,2026-04-03,2,0.0,Online
ORD07188,CUST142,PROD019,2026-03-31,2026-04-04,1,0.05,Mobile App
ORD07189,CUST120,PROD017,2026-03-31,2026-04-01,3,0.2,Retail Store
ORD07190,CUST011,PROD013,2026-03-31,2026-04-04,2,0.0,Online
ORD07191,CUST245,PROD016,2026-03-31,2026-04-06,1,0.0,Online
ORD07192,CUST291,PROD003,2026-03-31,2026-04-02,3,0.05,Mobile App
ORD07193,CUST056,PROD004,2026-03-31,2026-04-05,1,0.0,Mobile App
ORD07194,CUST216,PROD004,2026-04-01,2026-04-03,1,0.1,Retail Store
ORD07195,CUST147,PROD020,2026-04-01,2026-04-06,3,0.0,Mobile App
ORD07196,CUST368,PROD006,2026-04-01,2026-04-04,1,0.0,Retail Store
ORD07197,CUST011,PROD001,2026-04-01,2026-04-05,1,0.15,Mobile App
ORD07198,CUST143,PROD003,2026-04-01,2026-04-07,1,0.2,Online
ORD07199,CUST313,PROD017,2026-04-01,2026-04-04,3,0.0,Retail Store
ORD07200,CUST184,PROD006,2026-04-01,2026-04-05,4,0.0,Retail Store
ORD07201,CUST466,PROD012,2026-04-01,2026-04-06,3,0.1,Online
ORD07202,CUST304,PROD004,2026-04-02,2026-04-05,1,0.2,Online
ORD07203,CUST031,PROD016,2026-04-02,2026-04-03,2,0.0,Mobile App
ORD07204,CUST085,PROD002,2026-04-02,2026-04-05,2,0.0,Mobile App
ORD07205,CUST266,PROD016,2026-04-02,2026-04-04,1,0.0,Mobile App
ORD07206,CUST111,PROD003,2026-04-02,2026-04-07,1,0.0,Mobile App
ORD07207,CUST189,PROD015,2026-04-02,2026-04-07,1,0.0,Online
ORD07208,CUST336,PROD013,2026-04-02,2026-04-03,1,0.0,Retail Store
ORD07209,CUST409,PROD015,2026-04-03,2026-04-05,1,0.0,Mobile App
ORD07210,CUST238,PROD001,2026-04-03,2026-04-05,1,0.0,Retail Store
ORD07211,CUST153,PROD006,2026-04-03,2026-04-04,3,0.0,Online
ORD07212,CUST224,PROD011,2026-04-03,2026-04-08,1,0.2,Online
ORD07213,CUST354,PROD013,2026-04-03,2026-04-06,1,0.0,Online
ORD07214,CUST119,PROD010,2026-04-03,2026-04-09,1,0.05,Retail Store
ORD07215,CUST287,PROD011,2026-04-04,2026-04-06,3,0.15,Mobile App
ORD07216,CUST277,PROD008,2026-04-04,2026-04-05,1,0.0,Mobile App
ORD07217,CUST014,PROD015,2026-04-04,2026-04-08,2,0.15,Retail Store
ORD07218,CUST073,PROD011,2026-04-04,2026-04-07,2,0.05,Retail Store
ORD07219,CUST388,PROD012,2026-04-04,2026-04-08,2,0.0,Retail Store
ORD07220,CUST285,PROD004,2026-04-04,2026-04-09,1,0.1,Retail Store
ORD07221,CUST150,PROD018,2026-04-04,2026-04-06,1,0.1,Mobile App
ORD07222,CUST439,PROD006,2026-04-04,2026-04-05,3,0.1,Retail Store
ORD07223,CUST486,PROD013,2026-04-04,2026-04-08,1,0.05,Online
ORD07224,CUST185,PROD002,2026-04-04,2026-04-09,4,0.0,Mobile App
ORD07225,CUST471,PROD003,2026-04-04,2026-04-10,3,0.2,Retail Store
ORD07226,CUST446,PROD002,2026-04-04,2026-04-05,1,0.05,Online
ORD07227,CUST439,PROD001,2026-04-05,2026-04-11,1,0.0,Online
ORD07228,CUST450,PROD020,2026-04-05,2026-04-08,1,0.0,Mobile App
ORD07229,CUST277,PROD011,2026-04-05,2026-04-08,1,0.0,Online
ORD07230,CUST500,PROD001,2026-04-05,2026-04-10,1,0.0,Online
ORD07231,CUST093,PROD020,2026-04-05,2026-04-10,2,0.0,Mobile App
ORD07232,CUST420,PROD018,2026-04-05,2026-04-11,2,0.1,Mobile App
ORD07233,CUST472,PROD007,2026-04-05,2026-04-06,1,0.0,Mobile App
ORD07234,CUST344,PROD004,2026-04-05,2026-04-11,2,0.05,Mobile App
ORD07235,CUST455,PROD013,2026-04-05,2026-04-11,1,0.0,Retail Store
ORD07236,CUST077,PROD016,2026-04-05,2026-04-06,1,0.05,Online
ORD07237,CUST219,PROD013,2026-04-05,2026-04-09,2,0.2,Retail Store
ORD07238,CUST154,PROD005,2026-04-05,2026-04-09,3,0.1,Mobile App
ORD07239,CUST315,PROD011,2026-04-05,2026-04-11,1,0.0,Retail Store
ORD07240,CUST448,PROD017,2026-04-05,2026-04-07,2,0.1,Retail Store
ORD07241,CUST329,PROD014,2026-04-05,2026-04-10,4,0.0,Online
ORD07242,CUST148,PROD006,2026-04-05,2026-04-11,4,0.05,Retail Store
ORD07243,CUST394,PROD011,2026-04-06,2026-04-12,1,0.05,Online
ORD07244,CUST176,PROD020,2026-04-06,2026-04-11,1,0.1,Retail Store
ORD07245,CUST385,PROD018,2026-04-06,2026-04-07,1,0.0,Retail Store
ORD07246,CUST228,PROD003,2026-04-06,2026-04-11,2,0.05,Retail Store
ORD07247,CUST455,PROD004,2026-04-06,2026-04-09,3,0.0,Mobile App
ORD07248,CUST203,PROD008,2026-04-06,2026-04-08,2,0.0,Online
ORD07249,CUST276,PROD018,2026-04-06,2026-04-10,1,0.0,Online
ORD07250,CUST129,PROD013,2026-04-06,2026-04-11,4,0.05,Retail Store
ORD07251,CUST255,PROD016,2026-04-07,2026-04-09,3,0.0,Retail Store
ORD07252,CUST492,PROD006,2026-04-07,2026-04-13,2,0.05,Online
ORD07253,CUST476,PROD017,2026-04-07,2026-04-08,2,0.2,Mobile App
ORD07254,CUST147,PROD014,2026-04-07,2026-04-08,1,0.0,Mobile App
ORD07255,CUST145,PROD001,2026-04-07,2026-04-11,1,0.0,Mobile App
ORD07256,CUST298,PROD018,2026-04-07,2026-04-12,1,0.05,Mobile App
ORD07257,CUST257,PROD002,2026-04-07,2026-04-12,1,0.2,Retail Store
ORD07258,CUST255,PROD003,2026-04-07,2026-04-11,1,0.15,Online
ORD07259,CUST300,PROD015,2026-04-07,2026-04-09,1,0.2,Mobile App
ORD07260,CUST284,PROD016,2026-04-07,2026-04-08,4,0.05,Retail Store
ORD07261,CUST231,PROD020,2026-04-07,2026-04-10,1,0.2,Online
ORD07262,CUST367,PROD014,2026-04-08,2026-04-10,1,0.0,Online
ORD07263,CUST062,PROD015,2026-04-08,2026-04-10,1,0.1,Retail Store
ORD07264,CUST138,PROD018,2026-04-08,2026-04-13,3,0.05,Retail Store
ORD07265,CUST364,PROD011,2026-04-08,2026-04-09,1,0.05,Online
ORD07266,CUST275,PROD002,2026-04-08,2026-04-11,1,0.0,Retail Store
ORD07267,CUST284,PROD004,2026-04-08,2026-04-10,3,0.1,Online
ORD07268,CUST207,PROD018,2026-04-08,2026-04-09,1,0.0,Retail Store
ORD07269,CUST485,PROD019,2026-04-08,2026-04-14,2,0.2,Online
ORD07270,CUST217,PROD016,2026-04-08,2026-04-09,1,0.0,Mobile App
ORD07271,CUST121,PROD015,2026-04-09,2026-04-10,4,0.0,Retail Store
ORD07272,CUST425,PROD018,2026-04-09,2026-04-12,1,0.0,Online
ORD07273,CUST019,PROD008,2026-04-09,2026-04-11,2,0.2,Retail Store
ORD07274,CUST195,PROD003,2026-04-09,2026-04-15,2,0.0,Online
ORD07275,CUST272,PROD018,2026-04-09,2026-04-11,1,0.0,Mobile App
ORD07276,CUST105,PROD002,2026-04-09,2026-04-11,3,0.0,Mobile App
ORD07277,CUST284,PROD005,2026-04-09,2026-04-11,1,0.1,Retail Store
ORD07278,CUST432,PROD011,2026-04-09,2026-04-14,3,0.05,Mobile App
ORD07279,CUST075,PROD001,2026-04-09,2026-04-11,2,0.1,Retail Store
ORD07280,CUST219,PROD011,2026-04-10,2026-04-16,2,0.0,Online
ORD07281,CUST118,PROD014,2026-04-10,2026-04-13,2,0.05,Retail Store
ORD07282,CUST417,PROD011,2026-04-10,2026-04-15,3,0.1,Retail Store
ORD07283,CUST251,PROD020,2026-04-10,2026-04-16,3,0.1,Retail Store
ORD07284,CUST022,PROD009,2026-04-10,2026-04-11,1,0.05,Online
ORD07285,CUST213,PROD004,2026-04-10,2026-04-15,1,0.0,Online
ORD07286,CUST451,PROD008,2026-04-10,2026-04-11,1,0.0,Online
ORD07287,CUST356,PROD016,2026-04-10,2026-04-14,1,0.15,Online
ORD07288,CUST104,PROD010,2026-04-10,2026-04-15,1,0.2,Retail Store
ORD07289,CUST190,PROD011,2026-04-10,2026-04-13,1,0.0,Online
ORD07290,CUST151,PROD008,2026-04-10,2026-04-16,1,0.1,Retail Store
ORD07291,CUST035,PROD007,2026-04-11,2026-04-14,3,0.05,Retail Store
ORD07292,CUST398,PROD012,2026-04-11,2026-04-14,1,0.0,Retail Store
ORD07293,CUST457,PROD010,2026-04-11,2026-04-15,1,0.0,Retail Store
ORD07294,CUST089,PROD002,2026-04-11,2026-04-12,1,0.0,Mobile App
ORD07295,CUST307,PROD007,2026-04-11,2026-04-12,1,0.0,Online
ORD07296,CUST200,PROD006,2026-04-12,2026-04-16,1,0.05,Retail Store
ORD07297,CUST137,PROD012,2026-04-12,2026-04-18,2,0.05,Online
ORD07298,CUST489,PROD003,2026-04-12,2026-04-14,1,0.15,Online
ORD07299,CUST245,PROD018,2026-04-12,2026-04-18,4,0.0,Online
ORD07300,CUST260,PROD005,2026-04-13,2026-04-17,1,0.0,Retail Store
ORD07301,CUST295,PROD007,2026-04-13,2026-04-14,1,0.0,Online
ORD07302,CUST391,PROD012,2026-04-13,2026-04-18,2,0.05,Mobile App
ORD07303,CUST352,PROD008,2026-04-13,2026-04-14,2,0.2,Online
ORD07304,CUST072,PROD013,2026-04-13,2026-04-14,1,0.05,Online
ORD07305,CUST088,PROD003,2026-04-13,2026-04-18,3,0.15,Retail Store
ORD07306,CUST289,PROD002,2026-04-13,2026-04-17,2,0.0,Online
ORD07307,CUST047,PROD006,2026-04-14,2026-04-17,1,0.15,Retail Store
ORD07308,CUST385,PROD016,2026-04-14,2026-04-16,2,0.05,Mobile App
ORD07309,CUST224,PROD013,2026-04-14,2026-04-18,1,0.05,Online
ORD07310,CUST426,PROD004,2026-04-14,2026-04-19,2,0.1,Online
ORD07311,CUST241,PROD002,2026-04-14,2026-04-15,1,0.15,Mobile App
ORD07312,CUST359,PROD012,2026-04-14,2026-04-16,2,0.1,Online
ORD07313,CUST318,PROD010,2026-04-15,2026-04-20,1,0.0,Mobile App
ORD07314,CUST042,PROD019,2026-04-15,2026-04-20,3,0.05,Online
ORD07315,CUST415,PROD007,2026-04-15,2026-04-16,1,0.0,Online
ORD07316,CUST179,PROD012,2026-04-15,2026-04-18,1,0.0,Mobile App
ORD07317,CUST098,PROD004,2026-04-15,2026-04-16,2,0.0,Online
ORD07318,CUST363,PROD019,2026-04-15,2026-04-17,1,0.15,Online
ORD07319,CUST223,PROD010,2026-04-15,2026-04-16,1,0.05,Mobile App
ORD07320,CUST391,PROD006,2026-04-15,2026-04-19,3,0.05,Mobile App
ORD07321,CUST346,PROD004,2026-04-15,2026-04-19,2,0.1,Online
ORD07322,CUST028,PROD015,2026-04-15,2026-04-19,3,0.15,Online
ORD07323,CUST405,PROD010,2026-04-15,2026-04-21,1,0.05,Retail Store
ORD07324,CUST099,PROD003,2026-04-15,2026-04-20,2,0.2,Retail Store
ORD07325,CUST393,PROD005,2026-04-15,2026-04-16,2,0.05,Online
ORD07326,CUST001,PROD018,2026-04-16,2026-04-18,1,0.0,Mobile App
ORD07327,CUST187,PROD002,2026-04-16,2026-04-18,2,0.0,Retail Store
ORD07328,CUST160,PROD006,2026-04-16,2026-04-20,2,0.0,Retail Store
ORD07329,CUST186,PROD008,2026-04-16,2026-04-20,1,0.1,Online
ORD07330,CUST080,PROD009,2026-04-16,2026-04-19,1,0.05,Online
ORD07331,CUST482,PROD014,2026-04-16,2026-04-17,1,0.0,Mobile App
ORD07332,CUST283,PROD007,2026-04-16,2026-04-20,1,0.0,Online
ORD07333,CUST457,PROD012,2026-04-17,2026-04-22,2,0.0,Mobile App
ORD07334,CUST183,PROD002,2026-04-17,2026-04-21,1,0.0,Mobile App
ORD07335,CUST393,PROD014,2026-04-17,2026-04-20,1,0.15,Online
ORD07336,CUST110,PROD019,2026-04-17,2026-04-20,1,0.0,Retail Store
ORD07337,CUST028,PROD008,2026-04-17,2026-04-23,2,0.0,Online
ORD07338,CUST160,PROD011,2026-04-17,2026-04-19,2,0.15,Retail Store
ORD07339,CUST318,PROD007,2026-04-17,2026-04-21,1,0.2,Retail Store
ORD07340,CUST161,PROD003,2026-04-17,2026-04-22,1,0.2,Retail Store
ORD07341,CUST317,PROD009,2026-04-18,2026-04-23,2,0.05,Retail Store
ORD07342,CUST168,PROD004,2026-04-18,2026-04-19,1,0.0,Mobile App
ORD07343,CUST199,PROD007,2026-04-18,2026-04-19,2,0.15,Online
ORD07344,CUST163,PROD017,2026-04-18,2026-04-19,2,0.1,Mobile App
ORD07345,CUST111,PROD015,2026-04-18,2026-04-22,1,0.0,Mobile App
ORD07346,CUST398,PROD001,2026-04-18,2026-04-20,2,0.0,Online
ORD07347,CUST034,PROD011,2026-04-18,2026-04-19,1,0.15,Retail Store
ORD07348,CUST500,PROD002,2026-04-18,2026-04-21,3,0.2,Online
ORD07349,CUST338,PROD018,2026-04-18,2026-04-22,1,0.15,Mobile App
ORD07350,CUST306,PROD008,2026-04-18,2026-04-20,1,0.0,Retail Store
ORD07351,CUST206,PROD007,2026-04-19,2026-04-24,1,0.1,Mobile App
ORD07352,CUST123,PROD010,2026-04-19,2026-04-21,1,0.0,Online
ORD07353,CUST231,PROD010,2026-04-19,2026-04-22,1,0.05,Online
ORD07354,CUST030,PROD007,2026-04-19,2026-04-22,1,0.0,Mobile App
ORD07355,CUST312,PROD003,2026-04-19,2026-04-21,1,0.1,Online
ORD07356,CUST411,PROD012,2026-04-19,2026-04-20,2,0.1,Online
ORD07357,CUST002,PROD019,2026-04-19,2026-04-24,3,0.0,Mobile App
ORD07358,CUST469,PROD008,2026-04-19,2026-04-23,2,0.05,Mobile App
ORD07359,CUST194,PROD006,2026-04-20,2026-04-25,4,0.0,Online
ORD07360,CUST312,PROD012,2026-04-20,2026-04-24,1,0.0,Online
ORD07361,CUST418,PROD006,2026-04-20,2026-04-22,2,0.0,Online
ORD07362,CUST164,PROD005,2026-04-20,2026-04-21,1,0.0,Mobile App
ORD07363,CUST500,PROD018,2026-04-20,2026-04-22,1,0.1,Online
ORD07364,CUST332,PROD016,2026-04-20,2026-04-24,1,0.0,Online
ORD07365,CUST463,PROD017,2026-04-21,2026-04-23,1,0.2,Online
ORD07366,CUST421,PROD008,2026-04-21,2026-04-27,1,0.15,Online
ORD07367,CUST422,PROD012,2026-04-21,2026-04-24,1,0.05,Retail Store
ORD07368,CUST467,PROD017,2026-04-21,2026-04-24,1,0.1,Mobile App
ORD07369,CUST074,PROD014,2026-04-21,2026-04-26,2,0.0,Retail Store
ORD07370,CUST370,PROD020,2026-04-21,2026-04-26,1,0.2,Online
ORD07371,CUST156,PROD006,2026-04-21,2026-04-23,1,0.0,Online
ORD07372,CUST382,PROD003,2026-04-22,2026-04-27,1,0.15,Online
ORD07373,CUST232,PROD013,2026-04-22,2026-04-28,1,0.1,Mobile App
ORD07374,CUST291,PROD002,2026-04-22,2026-04-23,1,0.15,Mobile App
ORD07375,CUST176,PROD018,2026-04-22,2026-04-24,1,0.0,Online
ORD07376,CUST420,PROD007,2026-04-22,2026-04-28,3,0.05,Online
ORD07377,CUST201,PROD006,2026-04-22,2026-04-28,4,0.1,Online
ORD07378,CUST107,PROD008,2026-04-22,2026-04-25,1,0.2,Retail Store
ORD07379,CUST424,PROD006,2026-04-22,2026-04-27,1,0.05,Retail Store
ORD07380,CUST374,PROD010,2026-04-22,2026-04-27,1,0.15,Mobile App
ORD07381,CUST384,PROD017,2026-04-22,2026-04-25,1,0.15,Retail Store
ORD07382,CUST245,PROD010,2026-04-22,2026-04-23,1,0.0,Online
ORD07383,CUST416,PROD018,2026-04-22,2026-04-25,2,0.05,Mobile App
ORD07384,CUST174,PROD007,2026-04-22,2026-04-26,1,0.05,Online
ORD07385,CUST011,PROD020,2026-04-22,2026-04-24,3,0.0,Mobile App
ORD07386,CUST249,PROD019,2026-04-22,2026-04-28,1,0.2,Mobile App
ORD07387,CUST459,PROD010,2026-04-23,2026-04-25,1,0.0,Mobile App
ORD07388,CUST201,PROD020,2026-04-23,2026-04-25,1,0.0,Retail Store
ORD07389,CUST030,PROD019,2026-04-23,2026-04-24,3,0.05,Retail Store
ORD07390,CUST329,PROD008,2026-04-23,2026-04-25,1,0.0,Retail Store
ORD07391,CUST418,PROD001,2026-04-23,2026-04-26,1,0.0,Online
ORD07392,CUST407,PROD002,2026-04-23,2026-04-28,1,0.0,Retail Store
ORD07393,CUST067,PROD007,2026-04-23,2026-04-27,1,0.15,Retail Store
ORD07394,CUST319,PROD017,2026-04-23,2026-04-28,2,0.0,Retail Store
ORD07395,CUST313,PROD004,2026-04-23,2026-04-28,1,0.0,Online
ORD07396,CUST273,PROD013,2026-04-23,2026-04-25,1,0.0,Online
ORD07397,CUST111,PROD015,2026-04-24,2026-04-26,2,0.0,Mobile App
ORD07398,CUST133,PROD004,2026-04-24,2026-04-26,2,0.1,Mobile App
ORD07399,CUST061,PROD011,2026-04-24,2026-04-27,1,0.1,Online
ORD07400,CUST300,PROD012,2026-04-24,2026-04-28,1,0.1,Retail Store
ORD07401,CUST078,PROD006,2026-04-24,2026-04-27,1,0.2,Online
ORD07402,CUST167,PROD014,2026-04-24,2026-04-26,3,0.1,Mobile App
ORD07403,CUST038,PROD016,2026-04-24,2026-04-25,4,0.1,Online
ORD07404,CUST155,PROD017,2026-04-24,2026-04-29,1,0.0,Online
ORD07405,CUST351,PROD008,2026-04-24,2026-04-26,2,0.1,Mobile App
ORD07406,CUST388,PROD019,2026-04-24,2026-04-30,1,0.0,Mobile App
ORD07407,CUST154,PROD013,2026-04-25,2026-04-26,1,0.0,Mobile App
ORD07408,CUST099,PROD017,2026-04-25,2026-05-01,3,0.0,Online
ORD07409,CUST212,PROD014,2026-04-25,2026-05-01,1,0.0,Retail Store
ORD07410,CUST115,PROD002,2026-04-25,2026-04-26,1,0.0,Retail Store
ORD07411,CUST047,PROD019,2026-04-25,2026-04-30,3,0.0,Mobile App
ORD07412,CUST289,PROD002,2026-04-25,2026-04-28,1,0.1,Retail Store
ORD07413,CUST390,PROD008,2026-04-25,2026-05-01,1,0.1,Retail Store
ORD07414,CUST414,PROD010,2026-04-26,2026-05-02,2,0.0,Online
ORD07415,CUST255,PROD007,2026-04-26,2026-05-02,1,0.2,Online
ORD07416,CUST351,PROD014,2026-04-26,2026-04-28,2,0.0,Mobile App
ORD07417,CUST072,PROD012,2026-04-26,2026-05-01,1,0.15,Online
ORD07418,CUST105,PROD002,2026-04-26,2026-05-01,1,0.0,Mobile App
ORD07419,CUST022,PROD002,2026-04-26,2026-04-28,1,0.15,Online
ORD07420,CUST410,PROD010,2026-04-26,2026-04-28,1,0.0,Mobile App
ORD07421,CUST091,PROD013,2026-04-26,2026-04-28,1,0.2,Mobile App
ORD07422,CUST401,PROD001,2026-04-27,2026-04-29,1,0.1,Mobile App
ORD07423,CUST152,PROD012,2026-04-27,2026-04-29,4,0.0,Retail Store
ORD07424,CUST429,PROD010,2026-04-27,2026-04-28,3,0.05,Retail Store
ORD07425,CUST118,PROD019,2026-04-27,2026-04-29,3,0.0,Mobile App
ORD07426,CUST005,PROD010,2026-04-27,2026-05-02,1,0.0,Retail Store
ORD07427,CUST201,PROD006,2026-04-28,2026-05-01,1,0.15,Mobile App
ORD07428,CUST101,PROD014,2026-04-28,2026-05-02,3,0.0,Retail Store
ORD07429,CUST419,PROD013,2026-04-28,2026-04-29,1,0.2,Retail Store
ORD07430,CUST301,PROD008,2026-04-28,2026-04-29,2,0.0,Mobile App
ORD07431,CUST331,PROD019,2026-04-28,2026-05-04,1,0.05,Retail Store
ORD07432,CUST428,PROD009,2026-04-28,2026-05-02,1,0.2,Retail Store
ORD07433,CUST047,PROD002,2026-04-28,2026-05-03,3,0.0,Retail Store
ORD07434,CUST320,PROD017,2026-04-28,2026-05-01,3,0.0,Online
ORD07435,CUST282,PROD007,2026-04-28,2026-05-03,2,0.0,Mobile App
ORD07436,CUST211,PROD008,2026-04-29,2026-05-01,1,0.0,Retail Store
ORD07437,CUST308,PROD005,2026-04-29,2026-05-01,1,0.0,Mobile App
ORD07438,CUST037,PROD012,2026-04-29,2026-05-05,1,0.15,Mobile App
ORD07439,CUST077,PROD010,2026-04-29,2026-04-30,1,0.0,Retail Store
ORD07440,CUST493,PROD015,2026-04-29,2026-05-03,2,0.0,Retail Store
ORD07441,CUST445,PROD015,2026-04-29,2026-05-01,3,0.15,Retail Store
ORD07442,CUST241,PROD004,2026-04-29,2026-05-03,2,0.0,Mobile App
ORD07443,CUST122,PROD017,2026-04-29,2026-04-30,1,0.0,Retail Store
ORD07444,CUST169,PROD020,2026-04-29,2026-05-04,1,0.15,Online
ORD07445,CUST007,PROD007,2026-04-29,2026-05-01,3,0.0,Mobile App
ORD07446,CUST272,PROD018,2026-04-30,2026-05-04,3,0.0,Mobile App
ORD07447,CUST088,PROD008,2026-04-30,2026-05-04,2,0.2,Retail Store
ORD07448,CUST071,PROD014,2026-04-30,2026-05-01,1,0.1,Online
ORD07449,CUST269,PROD008,2026-04-30,2026-05-02,2,0.05,Online
ORD07450,CUST428,PROD015,2026-04-30,2026-05-03,2,0.05,Mobile App
ORD07451,CUST082,PROD017,2026-04-30,2026-05-06,2,0.0,Online
ORD07452,CUST346,PROD011,2026-04-30,2026-05-02,1,0.15,Online
ORD07453,CUST489,PROD010,2026-04-30,2026-05-05,1,0.0,Mobile App
ORD07454,CUST491,PROD009,2026-04-30,2026-05-06,4,0.0,Retail Store
ORD07455,CUST426,PROD016,2026-04-30,2026-05-03,1,0.2,Retail Store
ORD07456,CUST405,PROD013,2026-04-30,2026-05-02,3,0.0,Retail Store
ORD07457,CUST374,PROD007,2026-05-01,2026-05-04,2,0.15,Mobile App
ORD07458,CUST063,PROD005,2026-05-01,2026-05-04,2,0.0,Online
ORD07459,CUST225,PROD010,2026-05-01,2026-05-07,1,0.2,Mobile App
ORD07460,CUST431,PROD001,2026-05-01,2026-05-04,1,0.2,Online
ORD07461,CUST399,PROD009,2026-05-01,2026-05-06,4,0.0,Retail Store
ORD07462,CUST439,PROD008,2026-05-01,2026-05-04,1,0.05,Online
ORD07463,CUST288,PROD008,2026-05-01,2026-05-04,1,0.0,Retail Store
ORD07464,CUST146,PROD018,2026-05-02,2026-05-05,1,0.15,Mobile App
ORD07465,CUST323,PROD009,2026-05-02,2026-05-06,3,0.0,Online
ORD07466,CUST008,PROD009,2026-05-02,2026-05-08,2,0.0,Online
ORD07467,CUST002,PROD015,2026-05-02,2026-05-04,2,0.15,Retail Store
ORD07468,CUST491,PROD011,2026-05-02,2026-05-03,2,0.1,Online
ORD07469,CUST317,PROD018,2026-05-03,2026-05-06,1,0.0,Mobile App
ORD07470,CUST294,PROD006,2026-05-03,2026-05-04,1,0.1,Online
ORD07471,CUST012,PROD008,2026-05-04,2026-05-09,2,0.05,Retail Store
ORD07472,CUST368,PROD009,2026-05-04,2026-05-07,4,0.1,Mobile App
ORD07473,CUST271,PROD014,2026-05-04,2026-05-07,1,0.15,Online
ORD07474,CUST353,PROD020,2026-05-04,2026-05-05,1,0.15,Online
ORD07475,CUST043,PROD014,2026-05-04,2026-05-05,1,0.15,Retail Store
ORD07476,CUST104,PROD005,2026-05-04,2026-05-09,1,0.15,Online
ORD07477,CUST197,PROD006,2026-05-04,2026-05-08,1,0.05,Online
ORD07478,CUST352,PROD014,2026-05-04,2026-05-06,1,0.15,Retail Store
ORD07479,CUST011,PROD003,2026-05-05,2026-05-09,2,0.1,Online
ORD07480,CUST476,PROD002,2026-05-05,2026-05-10,1,0.15,Retail Store
ORD07481,CUST090,PROD004,2026-05-05,2026-05-09,4,0.0,Online
ORD07482,CUST360,PROD010,2026-05-05,2026-05-10,1,0.1,Online
ORD07483,CUST497,PROD008,2026-05-05,2026-05-10,1,0.05,Retail Store
ORD07484,CUST127,PROD007,2026-05-05,2026-05-06,1,0.1,Online
ORD07485,CUST308,PROD006,2026-05-05,2026-05-07,1,0.05,Retail Store
ORD07486,CUST465,PROD004,2026-05-05,2026-05-10,2,0.0,Online
ORD07487,CUST493,PROD019,2026-05-05,2026-05-08,1,0.05,Online
ORD07488,CUST492,PROD003,2026-05-06,2026-05-07,1,0.05,Mobile App
ORD07489,CUST314,PROD013,2026-05-06,2026-05-11,1,0.15,Mobile App
ORD07490,CUST141,PROD001,2026-05-06,2026-05-08,1,0.2,Retail Store
ORD07491,CUST439,PROD005,2026-05-06,2026-05-07,1,0.15,Mobile App
ORD07492,CUST063,PROD011,2026-05-06,2026-05-08,2,0.0,Online
ORD07493,CUST462,PROD015,2026-05-06,2026-05-11,2,0.15,Retail Store
ORD07494,CUST275,PROD018,2026-05-06,2026-05-10,1,0.0,Online
ORD07495,CUST429,PROD012,2026-05-06,2026-05-08,1,0.2,Retail Store
ORD07496,CUST239,PROD019,2026-05-06,2026-05-12,1,0.05,Online
ORD07497,CUST398,PROD008,2026-05-06,2026-05-09,2,0.2,Online
ORD07498,CUST011,PROD016,2026-05-06,2026-05-07,1,0.1,Mobile App
ORD07499,CUST360,PROD011,2026-05-06,2026-05-12,2,0.0,Retail Store
ORD07500,CUST350,PROD001,2026-05-06,2026-05-11,1,0.0,Online
ORD07501,CUST281,PROD019,2026-05-06,2026-05-07,3,0.0,Online
ORD07502,CUST116,PROD003,2026-05-07,2026-05-08,3,0.0,Retail Store
ORD07503,CUST352,PROD005,2026-05-07,2026-05-08,1,0.05,Online
ORD07504,CUST099,PROD007,2026-05-07,2026-05-08,1,0.05,Online
ORD07505,CUST038,PROD016,2026-05-07,2026-05-12,3,0.0,Online
ORD07506,CUST282,PROD005,2026-05-07,2026-05-12,1,0.0,Online
ORD07507,CUST180,PROD001,2026-05-07,2026-05-10,1,0.0,Mobile App
ORD07508,CUST432,PROD009,2026-05-07,2026-05-12,1,0.0,Online
ORD07509,CUST388,PROD017,2026-05-08,2026-05-11,1,0.0,Online
ORD07510,CUST384,PROD019,2026-05-08,2026-05-13,2,0.2,Retail Store
ORD07511,CUST091,PROD009,2026-05-08,2026-05-09,1,0.0,Retail Store
ORD07512,CUST022,PROD005,2026-05-08,2026-05-13,3,0.05,Mobile App
ORD07513,CUST411,PROD017,2026-05-08,2026-05-12,1,0.2,Retail Store
ORD07514,CUST224,PROD008,2026-05-08,2026-05-09,1,0.2,Retail Store
ORD07515,CUST195,PROD010,2026-05-08,2026-05-14,1,0.0,Retail Store
ORD07516,CUST407,PROD018,2026-05-08,2026-05-13,1,0.0,Online
ORD07517,CUST162,PROD009,2026-05-08,2026-05-12,2,0.1,Retail Store
ORD07518,CUST207,PROD020,2026-05-08,2026-05-12,1,0.2,Retail Store
ORD07519,CUST254,PROD012,2026-05-08,2026-05-10,1,0.05,Online
ORD07520,CUST403,PROD011,2026-05-09,2026-05-13,1,0.1,Retail Store
ORD07521,CUST414,PROD017,2026-05-09,2026-05-10,1,0.0,Retail Store
ORD07522,CUST425,PROD014,2026-05-09,2026-05-11,1,0.1,Retail Store
ORD07523,CUST388,PROD013,2026-05-09,2026-05-12,2,0.2,Online
ORD07524,CUST276,PROD006,2026-05-09,2026-05-11,1,0.2,Online
ORD07525,CUST046,PROD019,2026-05-09,2026-05-11,1,0.15,Retail Store
ORD07526,CUST194,PROD006,2026-05-09,2026-05-13,2,0.2,Retail Store
ORD07527,CUST404,PROD008,2026-05-09,2026-05-12,2,0.05,Retail Store
ORD07528,CUST010,PROD010,2026-05-09,2026-05-15,4,0.15,Retail Store
ORD07529,CUST048,PROD018,2026-05-09,2026-05-15,2,0.15,Mobile App
ORD07530,CUST413,PROD010,2026-05-09,2026-05-11,1,0.05,Mobile App
ORD07531,CUST272,PROD005,2026-05-10,2026-05-11,1,0.0,Mobile App
ORD07532,CUST206,PROD005,2026-05-10,2026-05-16,1,0.05,Mobile App
ORD07533,CUST499,PROD004,2026-05-10,2026-05-14,2,0.05,Online
ORD07534,CUST409,PROD011,2026-05-10,2026-05-13,1,0.05,Online
ORD07535,CUST365,PROD005,2026-05-10,2026-05-14,1,0.05,Retail Store
ORD07536,CUST053,PROD014,2026-05-10,2026-05-12,1,0.05,Online
ORD07537,CUST100,PROD018,2026-05-10,2026-05-12,2,0.2,Mobile App
ORD07538,CUST380,PROD020,2026-05-10,2026-05-16,1,0.2,Online
ORD07539,CUST255,PROD003,2026-05-10,2026-05-15,1,0.0,Online
ORD07540,CUST246,PROD001,2026-05-11,2026-05-14,1,0.05,Retail Store
ORD07541,CUST242,PROD009,2026-05-11,2026-05-13,1,0.0,Retail Store
ORD07542,CUST199,PROD006,2026-05-11,2026-05-17,1,0.0,Online
ORD07543,CUST463,PROD010,2026-05-11,2026-05-13,1,0.0,Retail Store
ORD07544,CUST420,PROD008,2026-05-11,2026-05-16,1,0.1,Retail Store
ORD07545,CUST153,PROD015,2026-05-11,2026-05-15,1,0.15,Mobile App
ORD07546,CUST439,PROD003,2026-05-11,2026-05-15,3,0.0,Online
ORD07547,CUST079,PROD009,2026-05-11,2026-05-16,1,0.0,Mobile App
ORD07548,CUST497,PROD005,2026-05-11,2026-05-16,2,0.0,Mobile App
ORD07549,CUST242,PROD014,2026-05-11,2026-05-14,2,0.2,Online
ORD07550,CUST410,PROD015,2026-05-11,2026-05-12,4,0.2,Retail Store
ORD07551,CUST211,PROD002,2026-05-11,2026-05-13,2,0.15,Online
ORD07552,CUST056,PROD012,2026-05-11,2026-05-13,1,0.0,Mobile App
ORD07553,CUST262,PROD011,2026-05-12,2026-05-16,1,0.0,Mobile App
ORD07554,CUST194,PROD009,2026-05-12,2026-05-14,2,0.05,Mobile App
ORD07555,CUST193,PROD018,2026-05-12,2026-05-14,1,0.05,Online
ORD07556,CUST320,PROD012,2026-05-12,2026-05-16,2,0.0,Online
ORD07557,CUST432,PROD008,2026-05-12,2026-05-13,2,0.05,Online
ORD07558,CUST474,PROD015,2026-05-12,2026-05-17,1,0.15,Retail Store
ORD07559,CUST040,PROD014,2026-05-12,2026-05-14,2,0.15,Mobile App
ORD07560,CUST041,PROD020,2026-05-12,2026-05-14,4,0.15,Mobile App
ORD07561,CUST285,PROD001,2026-05-12,2026-05-18,1,0.1,Online
ORD07562,CUST047,PROD012,2026-05-12,2026-05-14,1,0.2,Retail Store
ORD07563,CUST038,PROD011,2026-05-12,2026-05-15,3,0.0,Online
ORD07564,CUST337,PROD001,2026-05-12,2026-05-16,2,0.0,Mobile App
ORD07565,CUST132,PROD017,2026-05-12,2026-05-15,1,0.0,Mobile App
ORD07566,CUST272,PROD002,2026-05-13,2026-05-18,2,0.0,Online
ORD07567,CUST389,PROD014,2026-05-13,2026-05-18,1,0.05,Online
ORD07568,CUST278,PROD015,2026-05-13,2026-05-19,4,0.0,Mobile App
ORD07569,CUST301,PROD018,2026-05-13,2026-05-15,1,0.05,Mobile App
ORD07570,CUST397,PROD014,2026-05-13,2026-05-16,1,0.0,Mobile App
ORD07571,CUST435,PROD004,2026-05-13,2026-05-16,3,0.0,Online
ORD07572,CUST146,PROD014,2026-05-13,2026-05-15,3,0.0,Mobile App
ORD07573,CUST407,PROD010,2026-05-13,2026-05-19,1,0.0,Online
ORD07574,CUST073,PROD005,2026-05-14,2026-05-17,1,0.0,Retail Store
ORD07575,CUST327,PROD012,2026-05-14,2026-05-18,2,0.15,Mobile App
ORD07576,CUST491,PROD002,2026-05-14,2026-05-16,1,0.2,Retail Store
ORD07577,CUST078,PROD010,2026-05-14,2026-05-18,1,0.2,Online
ORD07578,CUST166,PROD001,2026-05-14,2026-05-20,2,0.1,Online
ORD07579,CUST448,PROD020,2026-05-14,2026-05-19,3,0.0,Online
ORD07580,CUST365,PROD011,2026-05-14,2026-05-19,4,0.0,Online
ORD07581,CUST445,PROD014,2026-05-15,2026-05-19,1,0.1,Mobile App
ORD07582,CUST244,PROD012,2026-05-15,2026-05-19,1,0.0,Online
ORD07583,CUST411,PROD013,2026-05-15,2026-05-21,1,0.0,Mobile App
ORD07584,CUST093,PROD002,2026-05-15,2026-05-21,2,0.0,Online
ORD07585,CUST280,PROD017,2026-05-15,2026-05-20,1,0.0,Retail Store
ORD07586,CUST179,PROD012,2026-05-15,2026-05-19,2,0.2,Retail Store
ORD07587,CUST395,PROD011,2026-05-15,2026-05-16,2,0.0,Retail Store
ORD07588,CUST111,PROD005,2026-05-15,2026-05-21,1,0.0,Mobile App
ORD07589,CUST492,PROD015,2026-05-15,2026-05-18,1,0.1,Mobile App
ORD07590,CUST298,PROD010,2026-05-15,2026-05-21,1,0.1,Mobile App
ORD07591,CUST260,PROD010,2026-05-15,2026-05-17,2,0.1,Online
ORD07592,CUST133,PROD005,2026-05-15,2026-05-17,1,0.2,Mobile App
ORD07593,CUST315,PROD017,2026-05-16,2026-05-21,2,0.15,Online
ORD07594,CUST325,PROD007,2026-05-16,2026-05-20,1,0.0,Retail Store
ORD07595,CUST432,PROD005,2026-05-16,2026-05-17,2,0.2,Mobile App
ORD07596,CUST098,PROD005,2026-05-16,2026-05-18,1,0.05,Online
ORD07597,CUST135,PROD017,2026-05-16,2026-05-22,1,0.15,Online
ORD07598,CUST322,PROD012,2026-05-16,2026-05-22,1,0.2,Online
ORD07599,CUST386,PROD014,2026-05-16,2026-05-17,1,0.1,Online
ORD07600,CUST391,PROD005,2026-05-17,2026-05-22,2,0.2,Mobile App
ORD07601,CUST411,PROD017,2026-05-17,2026-05-20,1,0.05,Online
ORD07602,CUST268,PROD013,2026-05-17,2026-05-23,2,0.0,Retail Store
ORD07603,CUST283,PROD012,2026-05-17,2026-05-21,1,0.15,Mobile App
ORD07604,CUST376,PROD011,2026-05-17,2026-05-21,4,0.15,Retail Store
ORD07605,CUST334,PROD002,2026-05-18,2026-05-22,1,0.05,Retail Store
ORD07606,CUST212,PROD006,2026-05-18,2026-05-23,1,0.15,Retail Store
ORD07607,CUST453,PROD014,2026-05-18,2026-05-24,1,0.0,Mobile App
ORD07608,CUST097,PROD006,2026-05-18,2026-05-21,2,0.0,Online
ORD07609,CUST093,PROD008,2026-05-18,2026-05-19,1,0.1,Online
ORD07610,CUST337,PROD018,2026-05-18,2026-05-21,1,0.1,Online
ORD07611,CUST340,PROD008,2026-05-18,2026-05-23,2,0.2,Retail Store
ORD07612,CUST157,PROD001,2026-05-19,2026-05-20,2,0.05,Online
ORD07613,CUST374,PROD015,2026-05-19,2026-05-22,1,0.15,Mobile App
ORD07614,CUST132,PROD014,2026-05-19,2026-05-23,1,0.05,Online
ORD07615,CUST441,PROD020,2026-05-19,2026-05-23,1,0.0,Online
ORD07616,CUST367,PROD018,2026-05-19,2026-05-23,1,0.05,Retail Store
ORD07617,CUST083,PROD020,2026-05-19,2026-05-23,1,0.0,Mobile App
ORD07618,CUST386,PROD014,2026-05-19,2026-05-24,1,0.0,Retail Store
ORD07619,CUST128,PROD013,2026-05-19,2026-05-24,2,0.0,Mobile App
ORD07620,CUST315,PROD002,2026-05-20,2026-05-21,1,0.0,Mobile App
ORD07621,CUST020,PROD003,2026-05-20,2026-05-24,3,0.0,Retail Store
ORD07622,CUST476,PROD011,2026-05-20,2026-05-26,1,0.05,Mobile App
ORD07623,CUST451,PROD013,2026-05-20,2026-05-22,3,0.15,Retail Store
ORD07624,CUST305,PROD020,2026-05-20,2026-05-24,1,0.0,Retail Store
ORD07625,CUST338,PROD017,2026-05-21,2026-05-25,1,0.0,Online
ORD07626,CUST150,PROD009,2026-05-21,2026-05-24,3,0.05,Retail Store
ORD07627,CUST455,PROD013,2026-05-21,2026-05-26,2,0.0,Retail Store
ORD07628,CUST459,PROD019,2026-05-21,2026-05-22,2,0.1,Mobile App
ORD07629,CUST190,PROD006,2026-05-21,2026-05-23,2,0.05,Online
ORD07630,CUST030,PROD010,2026-05-21,2026-05-25,1,0.0,Online
ORD07631,CUST288,PROD009,2026-05-21,2026-05-22,1,0.0,Retail Store
ORD07632,CUST123,PROD011,2026-05-21,2026-05-22,1,0.0,Mobile App
ORD07633,CUST324,PROD006,2026-05-21,2026-05-26,1,0.2,Online
ORD07634,CUST239,PROD016,2026-05-21,2026-05-25,2,0.0,Mobile App
ORD07635,CUST156,PROD010,2026-05-21,2026-05-26,1,0.05,Mobile App
ORD07636,CUST117,PROD001,2026-05-21,2026-05-23,1,0.0,Retail Store
ORD07637,CUST148,PROD008,2026-05-22,2026-05-28,2,0.2,Retail Store
ORD07638,CUST081,PROD002,2026-05-22,2026-05-23,1,0.0,Online
ORD07639,CUST098,PROD015,2026-05-22,2026-05-26,1,0.1,Mobile App
ORD07640,CUST437,PROD006,2026-05-22,2026-05-26,1,0.15,Online
ORD07641,CUST435,PROD016,2026-05-22,2026-05-26,3,0.0,Mobile App
ORD07642,CUST224,PROD009,2026-05-22,2026-05-24,1,0.2,Online
ORD07643,CUST046,PROD001,2026-05-22,2026-05-24,1,0.2,Mobile App
ORD07644,CUST448,PROD002,2026-05-22,2026-05-25,1,0.15,Mobile App
ORD07645,CUST095,PROD010,2026-05-22,2026-05-25,1,0.05,Mobile App
ORD07646,CUST017,PROD013,2026-05-22,2026-05-25,2,0.15,Mobile App
ORD07647,CUST148,PROD012,2026-05-23,2026-05-27,2,0.2,Online
ORD07648,CUST448,PROD004,2026-05-23,2026-05-24,4,0.0,Mobile App
ORD07649,CUST472,PROD020,2026-05-23,2026-05-29,2,0.0,Mobile App
ORD07650,CUST231,PROD011,2026-05-23,2026-05-27,1,0.0,Online
ORD07651,CUST370,PROD016,2026-05-23,2026-05-28,3,0.15,Online
ORD07652,CUST212,PROD007,2026-05-23,2026-05-24,1,0.0,Online
ORD07653,CUST380,PROD008,2026-05-23,2026-05-24,3,0.15,Retail Store
ORD07654,CUST377,PROD011,2026-05-23,2026-05-29,1,0.0,Mobile App
ORD07655,CUST301,PROD007,2026-05-24,2026-05-29,1,0.0,Mobile App
ORD07656,CUST244,PROD018,2026-05-24,2026-05-26,1,0.05,Mobile App
ORD07657,CUST415,PROD010,2026-05-24,2026-05-29,4,0.0,Retail Store
ORD07658,CUST402,PROD005,2026-05-24,2026-05-30,1,0.05,Mobile App
ORD07659,CUST412,PROD009,2026-05-24,2026-05-29,1,0.0,Mobile App
ORD07660,CUST264,PROD018,2026-05-24,2026-05-26,2,0.0,Mobile App
ORD07661,CUST353,PROD008,2026-05-24,2026-05-26,2,0.1,Online
ORD07662,CUST142,PROD011,2026-05-24,2026-05-26,2,0.15,Retail Store
ORD07663,CUST249,PROD009,2026-05-24,2026-05-30,1,0.0,Retail Store
ORD07664,CUST078,PROD015,2026-05-24,2026-05-30,1,0.1,Retail Store
ORD07665,CUST004,PROD016,2026-05-25,2026-05-31,1,0.05,Mobile App
ORD07666,CUST148,PROD018,2026-05-25,2026-05-28,1,0.0,Online
ORD07667,CUST212,PROD010,2026-05-25,2026-05-29,2,0.0,Retail Store
ORD07668,CUST469,PROD007,2026-05-25,2026-05-29,1,0.05,Online
ORD07669,CUST488,PROD013,2026-05-25,2026-05-29,1,0.1,Online
ORD07670,CUST012,PROD005,2026-05-25,2026-05-28,1,0.0,Online
ORD07671,CUST168,PROD010,2026-05-25,2026-05-29,1,0.05,Retail Store
ORD07672,CUST461,PROD002,2026-05-25,2026-05-26,2,0.0,Mobile App
ORD07673,CUST133,PROD019,2026-05-26,2026-05-28,3,0.15,Mobile App
ORD07674,CUST258,PROD015,2026-05-26,2026-05-29,1,0.0,Online
ORD07675,CUST488,PROD005,2026-05-26,2026-05-28,1,0.0,Retail Store
ORD07676,CUST176,PROD013,2026-05-26,2026-05-28,1,0.0,Mobile App
ORD07677,CUST345,PROD015,2026-05-26,2026-05-30,1,0.2,Retail Store
ORD07678,CUST414,PROD017,2026-05-26,2026-05-28,1,0.0,Mobile App
ORD07679,CUST409,PROD004,2026-05-26,2026-05-31,2,0.0,Mobile App
ORD07680,CUST076,PROD014,2026-05-26,2026-05-28,2,0.0,Mobile App
ORD07681,CUST024,PROD010,2026-05-26,2026-05-29,2,0.05,Mobile App
ORD07682,CUST285,PROD014,2026-05-26,2026-05-30,1,0.2,Retail Store
ORD07683,CUST180,PROD013,2026-05-26,2026-05-27,1,0.0,Mobile App
ORD07684,CUST104,PROD009,2026-05-26,2026-06-01,1,0.0,Mobile App
ORD07685,CUST093,PROD008,2026-05-26,2026-05-28,3,0.1,Mobile App
ORD07686,CUST241,PROD009,2026-05-26,2026-05-30,2,0.15,Online
ORD07687,CUST338,PROD005,2026-05-27,2026-05-29,2,0.0,Online
ORD07688,CUST011,PROD012,2026-05-27,2026-05-30,1,0.0,Mobile App
ORD07689,CUST433,PROD016,2026-05-27,2026-05-28,1,0.1,Retail Store
ORD07690,CUST044,PROD014,2026-05-27,2026-05-30,1,0.2,Mobile App
ORD07691,CUST378,PROD018,2026-05-27,2026-05-28,1,0.05,Retail Store
ORD07692,CUST426,PROD008,2026-05-27,2026-05-30,3,0.05,Retail Store
ORD07693,CUST273,PROD008,2026-05-27,2026-05-28,2,0.1,Retail Store
ORD07694,CUST114,PROD005,2026-05-27,2026-06-02,1,0.0,Mobile App
ORD07695,CUST400,PROD007,2026-05-27,2026-05-29,2,0.15,Online
ORD07696,CUST352,PROD014,2026-05-27,2026-06-02,2,0.1,Mobile App
ORD07697,CUST230,PROD003,2026-05-27,2026-05-31,1,0.0,Mobile App
ORD07698,CUST067,PROD008,2026-05-27,2026-05-30,1,0.05,Mobile App
ORD07699,CUST390,PROD009,2026-05-27,2026-06-01,1,0.2,Mobile App
ORD07700,CUST318,PROD002,2026-05-27,2026-05-28,3,0.0,Mobile App
ORD07701,CUST167,PROD002,2026-05-28,2026-05-31,1,0.2,Online
ORD07702,CUST311,PROD003,2026-05-28,2026-06-03,1,0.05,Mobile App
ORD07703,CUST310,PROD007,2026-05-28,2026-06-02,3,0.0,Mobile App
ORD07704,CUST006,PROD008,2026-05-28,2026-06-02,1,0.1,Mobile App
ORD07705,CUST144,PROD016,2026-05-28,2026-06-03,2,0.2,Online
ORD07706,CUST070,PROD002,2026-05-28,2026-05-30,1,0.05,Mobile App
ORD07707,CUST243,PROD011,2026-05-28,2026-05-31,1,0.1,Mobile App
ORD07708,CUST209,PROD020,2026-05-28,2026-06-02,1,0.0,Online
ORD07709,CUST075,PROD005,2026-05-28,2026-06-02,1,0.2,Online
ORD07710,CUST021,PROD012,2026-05-29,2026-06-01,1,0.2,Retail Store
ORD07711,CUST131,PROD008,2026-05-29,2026-06-04,1,0.0,Online
ORD07712,CUST034,PROD006,2026-05-29,2026-05-30,1,0.05,Online
ORD07713,CUST420,PROD018,2026-05-29,2026-05-30,1,0.0,Online
ORD07714,CUST129,PROD018,2026-05-29,2026-06-03,1,0.0,Retail Store
ORD07715,CUST316,PROD020,2026-05-29,2026-06-02,3,0.2,Mobile App
ORD07716,CUST214,PROD003,2026-05-30,2026-06-03,1,0.1,Mobile App
ORD07717,CUST366,PROD012,2026-05-30,2026-06-03,2,0.1,Retail Store
ORD07718,CUST310,PROD005,2026-05-30,2026-06-02,1,0.0,Mobile App
ORD07719,CUST328,PROD020,2026-05-30,2026-06-03,3,0.05,Online
ORD07720,CUST485,PROD003,2026-05-30,2026-06-05,1,0.0,Online
ORD07721,CUST153,PROD007,2026-05-30,2026-06-01,3,0.15,Mobile App
ORD07722,CUST355,PROD009,2026-05-30,2026-06-01,1,0.0,Retail Store
ORD07723,CUST198,PROD014,2026-05-30,2026-06-02,1,0.0,Retail Store
ORD07724,CUST261,PROD019,2026-05-30,2026-06-05,1,0.0,Mobile App
ORD07725,CUST221,PROD017,2026-05-30,2026-06-02,2,0.05,Retail Store
ORD07726,CUST308,PROD010,2026-05-30,2026-06-05,1,0.0,Online
ORD07727,CUST176,PROD017,2026-05-30,2026-06-05,1,0.0,Retail Store
ORD07728,CUST397,PROD016,2026-05-30,2026-06-01,1,0.2,Online
ORD07729,CUST293,PROD013,2026-05-30,2026-06-04,1,0.0,Mobile App
ORD07730,CUST372,PROD013,2026-05-31,2026-06-05,1,0.05,Mobile App
ORD07731,CUST154,PROD018,2026-05-31,2026-06-03,2,0.1,Retail Store
ORD07732,CUST445,PROD020,2026-05-31,2026-06-05,1,0.1,Online
ORD07733,CUST050,PROD012,2026-05-31,2026-06-02,2,0.1,Online
ORD07734,CUST292,PROD009,2026-05-31,2026-06-05,1,0.0,Retail Store
ORD07735,CUST157,PROD014,2026-05-31,2026-06-04,1,0.0,Online
ORD07736,CUST353,PROD012,2026-05-31,2026-06-06,2,0.05,Online
ORD07737,CUST340,PROD012,2026-05-31,2026-06-03,3,0.05,Retail Store
ORD07738,CUST267,PROD001,2026-05-31,2026-06-05,3,0.0,Mobile App
ORD07739,CUST261,PROD014,2026-05-31,2026-06-02,1,0.2,Retail Store
ORD07740,CUST469,PROD001,2026-06-01,2026-06-02,1,0.0,Retail Store
ORD07741,CUST024,PROD016,2026-06-01,2026-06-02,1,0.0,Mobile App
ORD07742,CUST161,PROD014,2026-06-01,2026-06-03,1,0.05,Online
ORD07743,CUST126,PROD001,2026-06-01,2026-06-06,1,0.0,Retail Store
ORD07744,CUST415,PROD003,2026-06-01,2026-06-07,4,0.1,Retail Store
ORD07745,CUST315,PROD014,2026-06-01,2026-06-06,2,0.2,Online
ORD07746,CUST496,PROD016,2026-06-01,2026-06-06,1,0.0,Retail Store
ORD07747,CUST142,PROD019,2026-06-01,2026-06-07,1,0.0,Retail Store
ORD07748,CUST157,PROD007,2026-06-01,2026-06-07,3,0.15,Mobile App
ORD07749,CUST090,PROD009,2026-06-01,2026-06-04,1,0.2,Retail Store
ORD07750,CUST497,PROD011,2026-06-01,2026-06-05,1,0.2,Online
ORD07751,CUST003,PROD001,2026-06-01,2026-06-06,2,0.0,Mobile App
ORD07752,CUST403,PROD013,2026-06-01,2026-06-04,1,0.2,Retail Store
ORD07753,CUST468,PROD017,2026-06-02,2026-06-04,2,0.0,Retail Store
ORD07754,CUST119,PROD020,2026-06-02,2026-06-05,1,0.1,Online
ORD07755,CUST354,PROD001,2026-06-02,2026-06-08,1,0.0,Online
ORD07756,CUST338,PROD017,2026-06-02,2026-06-07,1,0.1,Online
ORD07757,CUST067,PROD007,2026-06-02,2026-06-03,2,0.0,Mobile App
ORD07758,CUST406,PROD009,2026-06-02,2026-06-05,1,0.2,Retail Store
ORD07759,CUST101,PROD008,2026-06-02,2026-06-03,1,0.0,Mobile App
ORD07760,CUST473,PROD004,2026-06-02,2026-06-04,1,0.0,Online
ORD07761,CUST397,PROD006,2026-06-02,2026-06-08,1,0.2,Retail Store
ORD07762,CUST399,PROD003,2026-06-03,2026-06-04,1,0.0,Retail Store
ORD07763,CUST372,PROD002,2026-06-03,2026-06-08,2,0.15,Online
ORD07764,CUST402,PROD011,2026-06-03,2026-06-07,1,0.05,Mobile App
ORD07765,CUST116,PROD001,2026-06-03,2026-06-08,1,0.15,Retail Store
ORD07766,CUST242,PROD019,2026-06-03,2026-06-07,4,0.15,Online
ORD07767,CUST342,PROD005,2026-06-03,2026-06-09,2,0.2,Online
ORD07768,CUST087,PROD007,2026-06-04,2026-06-08,1,0.0,Online
ORD07769,CUST437,PROD006,2026-06-04,2026-06-06,3,0.15,Mobile App
ORD07770,CUST108,PROD007,2026-06-04,2026-06-10,1,0.0,Online
ORD07771,CUST171,PROD013,2026-06-04,2026-06-07,1,0.1,Mobile App
ORD07772,CUST445,PROD018,2026-06-04,2026-06-06,2,0.1,Mobile App
ORD07773,CUST162,PROD014,2026-06-04,2026-06-07,1,0.05,Mobile App
ORD07774,CUST234,PROD010,2026-06-04,2026-06-07,2,0.0,Online
ORD07775,CUST291,PROD018,2026-06-04,2026-06-05,1,0.15,Retail Store
ORD07776,CUST149,PROD006,2026-06-04,2026-06-06,2,0.15,Mobile App
ORD07777,CUST225,PROD012,2026-06-04,2026-06-05,1,0.05,Mobile App
ORD07778,CUST489,PROD003,2026-06-04,2026-06-08,1,0.0,Online
ORD07779,CUST322,PROD015,2026-06-04,2026-06-09,3,0.05,Mobile App
ORD07780,CUST305,PROD004,2026-06-04,2026-06-07,2,0.0,Retail Store
ORD07781,CUST482,PROD019,2026-06-05,2026-06-11,3,0.1,Online
ORD07782,CUST318,PROD002,2026-06-05,2026-06-08,4,0.05,Online
ORD07783,CUST215,PROD008,2026-06-05,2026-06-07,2,0.1,Retail Store
ORD07784,CUST306,PROD006,2026-06-05,2026-06-11,2,0.05,Online
ORD07785,CUST059,PROD012,2026-06-05,2026-06-06,1,0.0,Online
ORD07786,CUST390,PROD005,2026-06-05,2026-06-09,1,0.15,Retail Store
ORD07787,CUST057,PROD010,2026-06-05,2026-06-06,1,0.15,Retail Store
ORD07788,CUST476,PROD004,2026-06-05,2026-06-09,1,0.1,Online
ORD07789,CUST061,PROD005,2026-06-06,2026-06-12,2,0.0,Online
ORD07790,CUST144,PROD018,2026-06-06,2026-06-07,2,0.05,Retail Store
ORD07791,CUST319,PROD010,2026-06-06,2026-06-12,3,0.0,Mobile App
ORD07792,CUST490,PROD001,2026-06-06,2026-06-10,1,0.1,Online
ORD07793,CUST388,PROD010,2026-06-06,2026-06-07,1,0.2,Online
ORD07794,CUST459,PROD003,2026-06-06,2026-06-07,3,0.2,Online
ORD07795,CUST374,PROD013,2026-06-06,2026-06-11,1,0.1,Mobile App
ORD07796,CUST493,PROD010,2026-06-06,2026-06-07,2,0.1,Online
ORD07797,CUST481,PROD005,2026-06-06,2026-06-07,1,0.0,Online
ORD07798,CUST086,PROD011,2026-06-06,2026-06-08,2,0.0,Online
ORD07799,CUST074,PROD002,2026-06-06,2026-06-10,2,0.2,Mobile App
ORD07800,CUST351,PROD009,2026-06-06,2026-06-08,1,0.1,Online
ORD07801,CUST012,PROD019,2026-06-06,2026-06-07,1,0.1,Online
ORD07802,CUST212,PROD010,2026-06-06,2026-06-10,1,0.0,Online
ORD07803,CUST159,PROD014,2026-06-06,2026-06-11,1,0.15,Online
ORD07804,CUST154,PROD009,2026-06-07,2026-06-12,1,0.0,Retail Store
ORD07805,CUST039,PROD006,2026-06-07,2026-06-12,1,0.2,Mobile App
ORD07806,CUST156,PROD016,2026-06-07,2026-06-12,4,0.0,Retail Store
ORD07807,CUST158,PROD015,2026-06-07,2026-06-09,1,0.1,Online
ORD07808,CUST028,PROD007,2026-06-07,2026-06-08,4,0.15,Mobile App
ORD07809,CUST328,PROD008,2026-06-07,2026-06-12,1,0.1,Retail Store
ORD07810,CUST056,PROD019,2026-06-08,2026-06-13,1,0.0,Online
ORD07811,CUST403,PROD004,2026-06-08,2026-06-11,1,0.05,Mobile App
ORD07812,CUST249,PROD020,2026-06-08,2026-06-10,1,0.2,Online
ORD07813,CUST280,PROD001,2026-06-08,2026-06-09,1,0.2,Online
ORD07814,CUST393,PROD008,2026-06-08,2026-06-12,2,0.2,Mobile App
ORD07815,CUST155,PROD014,2026-06-08,2026-06-14,1,0.0,Online
ORD07816,CUST080,PROD003,2026-06-08,2026-06-10,1,0.15,Retail Store
ORD07817,CUST191,PROD003,2026-06-08,2026-06-13,1,0.05,Online
ORD07818,CUST338,PROD009,2026-06-09,2026-06-12,1,0.2,Online
ORD07819,CUST379,PROD005,2026-06-09,2026-06-11,2,0.0,Online
ORD07820,CUST378,PROD014,2026-06-09,2026-06-11,1,0.0,Online
ORD07821,CUST025,PROD013,2026-06-09,2026-06-14,1,0.1,Retail Store
ORD07822,CUST472,PROD007,2026-06-09,2026-06-11,2,0.2,Mobile App
ORD07823,CUST007,PROD015,2026-06-09,2026-06-12,1,0.0,Retail Store
ORD07824,CUST203,PROD004,2026-06-09,2026-06-12,1,0.05,Online
ORD07825,CUST054,PROD012,2026-06-09,2026-06-10,1,0.05,Mobile App
ORD07826,CUST164,PROD003,2026-06-10,2026-06-14,1,0.2,Online
ORD07827,CUST072,PROD003,2026-06-10,2026-06-16,2,0.0,Mobile App
ORD07828,CUST323,PROD004,2026-06-10,2026-06-12,3,0.0,Retail Store
ORD07829,CUST104,PROD020,2026-06-10,2026-06-14,1,0.0,Mobile App
ORD07830,CUST332,PROD006,2026-06-10,2026-06-15,1,0.05,Mobile App
ORD07831,CUST414,PROD004,2026-06-10,2026-06-15,2,0.1,Mobile App
ORD07832,CUST002,PROD015,2026-06-10,2026-06-16,1,0.2,Online
ORD07833,CUST414,PROD011,2026-06-10,2026-06-15,1,0.1,Retail Store
ORD07834,CUST477,PROD005,2026-06-10,2026-06-16,1,0.0,Mobile App
ORD07835,CUST254,PROD018,2026-06-10,2026-06-15,4,0.0,Mobile App
ORD07836,CUST243,PROD014,2026-06-10,2026-06-12,1,0.0,Retail Store
ORD07837,CUST282,PROD019,2026-06-10,2026-06-16,1,0.1,Retail Store
ORD07838,CUST487,PROD005,2026-06-10,2026-06-12,1,0.0,Mobile App
ORD07839,CUST268,PROD007,2026-06-10,2026-06-15,3,0.0,Mobile App
ORD07840,CUST435,PROD020,2026-06-11,2026-06-12,1,0.0,Online
ORD07841,CUST445,PROD004,2026-06-11,2026-06-16,1,0.1,Retail Store
ORD07842,CUST066,PROD016,2026-06-11,2026-06-14,2,0.05,Mobile App
ORD07843,CUST154,PROD008,2026-06-11,2026-06-17,1,0.1,Retail Store
ORD07844,CUST446,PROD002,2026-06-11,2026-06-14,2,0.1,Online
ORD07845,CUST489,PROD007,2026-06-11,2026-06-17,1,0.2,Online
ORD07846,CUST392,PROD009,2026-06-11,2026-06-14,2,0.0,Online
ORD07847,CUST472,PROD016,2026-06-12,2026-06-18,2,0.15,Online
ORD07848,CUST069,PROD017,2026-06-12,2026-06-13,1,0.0,Retail Store
ORD07849,CUST333,PROD002,2026-06-12,2026-06-14,2,0.0,Online
ORD07850,CUST404,PROD015,2026-06-12,2026-06-18,1,0.05,Online
ORD07851,CUST061,PROD001,2026-06-12,2026-06-16,2,0.05,Retail Store
ORD07852,CUST162,PROD009,2026-06-12,2026-06-18,1,0.15,Mobile App
ORD07853,CUST162,PROD002,2026-06-12,2026-06-16,2,0.1,Online
ORD07854,CUST183,PROD019,2026-06-12,2026-06-15,1,0.0,Retail Store
ORD07855,CUST190,PROD008,2026-06-12,2026-06-18,1,0.1,Mobile App
ORD07856,CUST434,PROD018,2026-06-12,2026-06-13,4,0.0,Mobile App
ORD07857,CUST235,PROD001,2026-06-12,2026-06-16,1,0.0,Mobile App
ORD07858,CUST009,PROD012,2026-06-13,2026-06-14,4,0.15,Mobile App
ORD07859,CUST215,PROD001,2026-06-13,2026-06-15,2,0.05,Retail Store
ORD07860,CUST191,PROD019,2026-06-13,2026-06-15,1,0.15,Online
ORD07861,CUST009,PROD008,2026-06-13,2026-06-17,2,0.0,Retail Store
ORD07862,CUST267,PROD015,2026-06-13,2026-06-14,2,0.1,Retail Store
ORD07863,CUST278,PROD013,2026-06-13,2026-06-19,1,0.2,Online
ORD07864,CUST477,PROD003,2026-06-13,2026-06-18,1,0.15,Online
ORD07865,CUST403,PROD017,2026-06-13,2026-06-17,2,0.2,Mobile App
ORD07866,CUST041,PROD010,2026-06-13,2026-06-14,1,0.15,Retail Store
ORD07867,CUST005,PROD014,2026-06-13,2026-06-16,1,0.15,Mobile App
ORD07868,CUST232,PROD016,2026-06-13,2026-06-19,1,0.0,Retail Store
ORD07869,CUST176,PROD008,2026-06-13,2026-06-17,2,0.0,Retail Store
ORD07870,CUST396,PROD005,2026-06-14,2026-06-20,1,0.2,Mobile App
ORD07871,CUST033,PROD005,2026-06-14,2026-06-20,1,0.0,Retail Store
ORD07872,CUST285,PROD007,2026-06-14,2026-06-20,2,0.0,Mobile App
ORD07873,CUST260,PROD013,2026-06-14,2026-06-17,2,0.05,Mobile App
ORD07874,CUST255,PROD005,2026-06-14,2026-06-16,1,0.15,Online
ORD07875,CUST202,PROD011,2026-06-14,2026-06-19,2,0.0,Online
ORD07876,CUST203,PROD015,2026-06-15,2026-06-21,1,0.0,Online
ORD07877,CUST142,PROD007,2026-06-15,2026-06-21,2,0.0,Retail Store
ORD07878,CUST471,PROD008,2026-06-15,2026-06-17,1,0.0,Online
ORD07879,CUST349,PROD015,2026-06-15,2026-06-19,1,0.1,Online
ORD07880,CUST264,PROD012,2026-06-15,2026-06-18,3,0.1,Online
ORD07881,CUST447,PROD005,2026-06-16,2026-06-22,1,0.05,Retail Store
ORD07882,CUST450,PROD007,2026-06-16,2026-06-22,1,0.05,Mobile App
ORD07883,CUST094,PROD013,2026-06-16,2026-06-20,3,0.1,Online
ORD07884,CUST276,PROD019,2026-06-16,2026-06-18,2,0.15,Online
ORD07885,CUST055,PROD016,2026-06-16,2026-06-20,1,0.0,Mobile App
ORD07886,CUST074,PROD017,2026-06-16,2026-06-21,2,0.15,Retail Store
ORD07887,CUST465,PROD001,2026-06-16,2026-06-17,1,0.15,Retail Store
ORD07888,CUST490,PROD009,2026-06-16,2026-06-21,2,0.1,Mobile App
ORD07889,CUST004,PROD010,2026-06-17,2026-06-20,2,0.05,Online
ORD07890,CUST355,PROD004,2026-06-17,2026-06-22,2,0.0,Retail Store
ORD07891,CUST441,PROD007,2026-06-17,2026-06-21,1,0.1,Retail Store
ORD07892,CUST140,PROD005,2026-06-17,2026-06-23,1,0.05,Mobile App
ORD07893,CUST155,PROD015,2026-06-17,2026-06-18,1,0.2,Retail Store
ORD07894,CUST133,PROD011,2026-06-17,2026-06-18,1,0.2,Mobile App
ORD07895,CUST477,PROD006,2026-06-18,2026-06-21,4,0.15,Retail Store
ORD07896,CUST452,PROD014,2026-06-18,2026-06-24,1,0.0,Online
ORD07897,CUST378,PROD010,2026-06-18,2026-06-21,1,0.15,Online
ORD07898,CUST295,PROD007,2026-06-18,2026-06-19,1,0.0,Mobile App
ORD07899,CUST066,PROD009,2026-06-18,2026-06-22,1,0.15,Retail Store
ORD07900,CUST071,PROD012,2026-06-18,2026-06-21,2,0.1,Retail Store
ORD07901,CUST065,PROD002,2026-06-18,2026-06-20,1,0.1,Retail Store
ORD07902,CUST336,PROD013,2026-06-19,2026-06-25,1,0.05,Online
ORD07903,CUST357,PROD001,2026-06-19,2026-06-24,1,0.15,Retail Store
ORD07904,CUST001,PROD010,2026-06-19,2026-06-20,2,0.15,Online
ORD07905,CUST093,PROD012,2026-06-19,2026-06-20,2,0.0,Mobile App
ORD07906,CUST076,PROD012,2026-06-19,2026-06-22,1,0.05,Mobile App
ORD07907,CUST173,PROD009,2026-06-19,2026-06-20,2,0.0,Mobile App
ORD07908,CUST168,PROD002,2026-06-19,2026-06-21,1,0.15,Mobile App
ORD07909,CUST005,PROD010,2026-06-20,2026-06-22,1,0.0,Mobile App
ORD07910,CUST445,PROD018,2026-06-20,2026-06-23,3,0.0,Mobile App
ORD07911,CUST098,PROD004,2026-06-20,2026-06-22,2,0.0,Online
ORD07912,CUST042,PROD020,2026-06-20,2026-06-23,2,0.0,Retail Store
ORD07913,CUST062,PROD001,2026-06-20,2026-06-24,1,0.0,Online
ORD07914,CUST241,PROD018,2026-06-20,2026-06-26,1,0.0,Retail Store
ORD07915,CUST042,PROD019,2026-06-20,2026-06-23,1,0.05,Retail Store
ORD07916,CUST110,PROD014,2026-06-21,2026-06-23,4,0.15,Mobile App
ORD07917,CUST499,PROD009,2026-06-21,2026-06-22,1,0.2,Online
ORD07918,CUST057,PROD005,2026-06-21,2026-06-25,1,0.15,Retail Store
ORD07919,CUST150,PROD002,2026-06-21,2026-06-24,1,0.2,Retail Store
ORD07920,CUST435,PROD008,2026-06-21,2026-06-24,1,0.2,Retail Store
ORD07921,CUST121,PROD007,2026-06-21,2026-06-24,2,0.05,Mobile App
ORD07922,CUST071,PROD009,2026-06-21,2026-06-27,2,0.2,Online
ORD07923,CUST434,PROD001,2026-06-21,2026-06-26,2,0.15,Online
ORD07924,CUST392,PROD020,2026-06-21,2026-06-24,1,0.0,Retail Store
ORD07925,CUST010,PROD012,2026-06-21,2026-06-24,1,0.0,Online
ORD07926,CUST201,PROD010,2026-06-21,2026-06-25,1,0.15,Retail Store
ORD07927,CUST330,PROD014,2026-06-22,2026-06-25,1,0.0,Online
ORD07928,CUST470,PROD001,2026-06-22,2026-06-27,2,0.05,Mobile App
ORD07929,CUST070,PROD001,2026-06-22,2026-06-23,1,0.2,Mobile App
ORD07930,CUST116,PROD002,2026-06-22,2026-06-26,3,0.15,Online
ORD07931,CUST296,PROD020,2026-06-22,2026-06-25,1,0.2,Online
ORD07932,CUST085,PROD017,2026-06-22,2026-06-23,1,0.05,Mobile App
ORD07933,CUST067,PROD010,2026-06-22,2026-06-27,1,0.15,Retail Store
ORD07934,CUST043,PROD011,2026-06-22,2026-06-28,1,0.0,Online
ORD07935,CUST303,PROD007,2026-06-22,2026-06-26,1,0.0,Retail Store
ORD07936,CUST283,PROD020,2026-06-22,2026-06-26,1,0.0,Mobile App
ORD07937,CUST254,PROD020,2026-06-22,2026-06-28,2,0.0,Retail Store
ORD07938,CUST358,PROD002,2026-06-22,2026-06-25,3,0.0,Retail Store
ORD07939,CUST300,PROD004,2026-06-23,2026-06-27,2,0.05,Retail Store
ORD07940,CUST310,PROD003,2026-06-23,2026-06-25,3,0.1,Mobile App
ORD07941,CUST081,PROD020,2026-06-23,2026-06-28,1,0.0,Mobile App
ORD07942,CUST360,PROD014,2026-06-23,2026-06-24,1,0.0,Retail Store
ORD07943,CUST328,PROD005,2026-06-23,2026-06-26,3,0.0,Online
ORD07944,CUST320,PROD015,2026-06-23,2026-06-27,3,0.05,Retail Store
ORD07945,CUST170,PROD017,2026-06-24,2026-06-30,1,0.0,Retail Store
ORD07946,CUST076,PROD002,2026-06-24,2026-06-26,1,0.0,Online
ORD07947,CUST032,PROD005,2026-06-24,2026-06-27,1,0.0,Mobile App
ORD07948,CUST489,PROD008,2026-06-24,2026-06-25,2,0.0,Mobile App
ORD07949,CUST054,PROD013,2026-06-24,2026-06-26,2,0.0,Retail Store
ORD07950,CUST005,PROD002,2026-06-24,2026-06-26,1,0.2,Mobile App
ORD07951,CUST451,PROD015,2026-06-24,2026-06-28,3,0.05,Retail Store
ORD07952,CUST095,PROD012,2026-06-25,2026-06-29,1,0.05,Online
ORD07953,CUST490,PROD012,2026-06-25,2026-06-26,1,0.0,Retail Store
ORD07954,CUST045,PROD013,2026-06-25,2026-06-28,1,0.0,Online
ORD07955,CUST309,PROD009,2026-06-25,2026-06-27,1,0.0,Retail Store
ORD07956,CUST305,PROD017,2026-06-25,2026-06-30,1,0.0,Online
ORD07957,CUST332,PROD005,2026-06-25,2026-06-27,2,0.0,Online
ORD07958,CUST014,PROD008,2026-06-25,2026-06-30,1,0.0,Mobile App
ORD07959,CUST225,PROD008,2026-06-25,2026-06-27,1,0.0,Retail Store
ORD07960,CUST178,PROD010,2026-06-25,2026-06-26,1,0.2,Retail Store
ORD07961,CUST231,PROD010,2026-06-25,2026-06-26,1,0.0,Mobile App
ORD07962,CUST264,PROD005,2026-06-25,2026-07-01,1,0.0,Mobile App
ORD07963,CUST308,PROD013,2026-06-25,2026-06-29,1,0.0,Online
ORD07964,CUST337,PROD014,2026-06-25,2026-06-28,1,0.2,Mobile App
ORD07965,CUST434,PROD010,2026-06-26,2026-06-30,1,0.2,Mobile App
ORD07966,CUST469,PROD003,2026-06-26,2026-06-27,2,0.2,Online
ORD07967,CUST404,PROD013,2026-06-26,2026-06-30,1,0.05,Online
ORD07968,CUST092,PROD015,2026-06-26,2026-06-27,4,0.15,Online
ORD07969,CUST382,PROD010,2026-06-26,2026-06-28,1,0.0,Mobile App
ORD07970,CUST139,PROD008,2026-06-26,2026-07-01,3,0.1,Retail Store
ORD07971,CUST496,PROD019,2026-06-26,2026-06-30,1,0.0,Mobile App
ORD07972,CUST314,PROD003,2026-06-27,2026-07-02,1,0.0,Mobile App
ORD07973,CUST227,PROD012,2026-06-27,2026-07-03,1,0.0,Mobile App
ORD07974,CUST303,PROD019,2026-06-27,2026-07-02,1,0.1,Online
ORD07975,CUST229,PROD007,2026-06-27,2026-07-02,2,0.1,Retail Store
ORD07976,CUST028,PROD011,2026-06-27,2026-07-02,2,0.0,Online
ORD07977,CUST064,PROD018,2026-06-27,2026-07-02,1,0.0,Mobile App
ORD07978,CUST250,PROD016,2026-06-27,2026-07-02,1,0.0,Mobile App
ORD07979,CUST102,PROD012,2026-06-27,2026-06-28,3,0.0,Online
ORD07980,CUST032,PROD014,2026-06-28,2026-06-30,1,0.05,Online
ORD07981,CUST284,PROD013,2026-06-28,2026-06-29,1,0.15,Retail Store
ORD07982,CUST455,PROD002,2026-06-28,2026-07-01,2,0.0,Mobile App
ORD07983,CUST485,PROD012,2026-06-28,2026-06-29,1,0.0,Mobile App
ORD07984,CUST033,PROD010,2026-06-28,2026-07-02,4,0.15,Retail Store
ORD07985,CUST014,PROD002,2026-06-28,2026-07-04,2,0.0,Retail Store
ORD07986,CUST271,PROD014,2026-06-29,2026-06-30,1,0.0,Online
ORD07987,CUST342,PROD001,2026-06-29,2026-07-01,1,0.1,Mobile App
ORD07988,CUST091,PROD018,2026-06-29,2026-07-01,3,0.1,Retail Store
ORD07989,CUST357,PROD013,2026-06-29,2026-07-05,1,0.0,Online
ORD07990,CUST025,PROD010,2026-06-29,2026-07-02,1,0.2,Retail Store
ORD07991,CUST470,PROD009,2026-06-29,2026-07-05,1,0.0,Mobile App
ORD07992,CUST018,PROD019,2026-06-29,2026-07-04,1,0.1,Mobile App
ORD07993,CUST308,PROD004,2026-06-29,2026-07-01,1,0.0,Online
ORD07994,CUST313,PROD019,2026-06-30,2026-07-05,2,0.0,Retail Store
ORD07995,CUST486,PROD014,2026-06-30,2026-07-05,1,0.15,Online
ORD07996,CUST231,PROD010,2026-06-30,2026-07-01,1,0.1,Retail Store
ORD07997,CUST097,PROD020,2026-06-30,2026-07-02,2,0.15,Mobile App
ORD07998,CUST173,PROD018,2026-06-30,2026-07-02,2,0.1,Mobile App
ORD07999,CUST110,PROD014,2026-06-30,2026-07-01,2,0.1,Mobile App
ORD08000,CUST194,PROD011,2026-06-30,2026-07-06,1,0.0,Online
